work_id,state,district,constituency,house,mp_id,mp_name,work_title,category,implementing_agency,vendor_id,vendor_name,recommendation_date,sanction_date,estimated_cost_inr,sor_benchmark_cost_inr,expenditure_incurred_inr,completion_pct,days_stalled,work_status,latitude,longitude,photo_phash,photo_exif_lat,photo_exif_lon,anomaly_label
WRK00001,Rajasthan,Jaipur,Jaipur Rural,LS,MP004,Sunita Devi,Water Supply at Jaipur Ward 18,Water Supply,District Panchayat,V002,Bharat Infra Works,2021-08-17,2021-10-13,2938665.9,3100000,2971285.57,100,0,Completed,26.926639,74.696334,37f8a88b17fc695a,26.926255,74.696498,NORMAL
WRK00002,Uttar Pradesh,Prayagraj,Lucknow West,LS,MP007,Vinod Tiwari,Drainage Works at Prayagraj Ward 13,Drainage Works,Municipal Corporation,V009,Heritage Contractors,2022-07-14,2022-07-24,1782534.87,1900000,0,0,0,Not Started,24.937786,80.311869,f50bea63371ecd7b,24.938165,80.311238,NORMAL
WRK00003,Rajasthan,Udaipur,Jaipur Rural,LS,MP004,Sunita Devi,Community Hall at Udaipur Ward 8,Community Hall,PWD,V020,Horizon Build Co,2021-02-02,2021-03-30,4147663.57,3800000,1371307.82,35,29,In Progress,26.974693,76.798761,3139d32c93cd59bf,26.974987,76.798029,NORMAL
WRK00004,Rajasthan,Jaipur,Jodhpur,LS,MP010,Kavita Joshi,Water Supply at Jaipur Ward 15,Water Supply,ZP,V003,National Build Corp,2023-01-22,2023-02-18,3709439.75,3100000,2307567.76,66,5,In Progress,24.508451,71.849405,2bcfbe01a28defe3,24.5085,71.849002,NORMAL
WRK00005,Assam,Silchar,Guwahati,LS,MP013,Bikash Barua,Sports Facility at Silchar Ward 29,Sports Facility,DRDA,V011,Anand Construction,2022-08-29,2022-10-27,3282461.24,3500000,0,0,0,Not Started,24.993287,89.902232,10f1bc81448aaa9e,24.992872,89.902934,NORMAL
WRK00006,Gujarat,Surat,Ahmedabad East,LS,MP011,Rameshwar Patel,Anganwadi Centre at Surat Ward 5,Anganwadi Centre,DRDA,V019,City Developers,2023-07-10,2023-07-29,2218156.07,2200000,2078399.21,100,0,Completed,22.682293,69.781546,956269f0e5d7b875,22.682148,69.781109,NORMAL
WRK00007,Telangana,Karimnagar,Secunderabad,LS,MP017,G. Krishna Reddy,Road Construction at Karimnagar Ward 24,Road Construction,PWD,V017,United Builders,2021-07-25,2021-08-13,3226476.02,2800000,2067372.98,74,19,In Progress,17.364639,81.782158,8da0365bf89897b9,17.365158,81.781422,NORMAL
WRK00008,Rajasthan,Ajmer,Jaipur Rural,LS,MP004,Sunita Devi,Water Supply at Ajmer Ward 21,Water Supply,ZP,V009,Heritage Contractors,2022-11-11,2022-11-28,3588062.43,3100000,3314378.17,100,0,Completed,23.023366,75.85441,2dbc2134c30ff46e,23.023377,75.853795,NORMAL
WRK00009,Rajasthan,Ajmer,Jodhpur,LS,MP010,Kavita Joshi,Library Building at Ajmer Ward 27,Library Building,PWD,V020,Horizon Build Co,2022-12-09,2023-02-05,3811214.21,4100000,3975191.56,100,0,Completed,29.641525,77.582743,04fc6d827d154385,29.640967,77.582516,NORMAL
WRK00010,Rajasthan,Jodhpur,Jodhpur,LS,MP010,Kavita Joshi,Road Construction at Jodhpur Ward 7,Road Construction,Municipal Corporation,V018,Prime Works Ltd,2021-05-27,2021-06-11,2649776.18,2800000,729455.38,28,24,In Progress,23.905476,75.305807,8715a10343dac043,23.906011,75.305686,NORMAL
WRK00011,Odisha,Cuttack,Bhubaneswar,LS,MP018,Soumya Das,Health Centre at Cuttack Ward 2,Health Centre,Municipal Corporation,V018,Prime Works Ltd,2022-12-28,2023-02-04,5653742.75,5600000,1701506.39,33,45,Stalled,18.107324,81.528309,38602ab696a402f2,18.106616,81.528623,NORMAL
WRK00012,West Bengal,Kolkata,Howrah,LS,MP008,Anita Roy,Road Construction at Kolkata Ward 7,Road Construction,ZP,V019,City Developers,2021-04-14,2021-05-26,3342791.65,2800000,3343950.48,100,0,Completed,22.72115,86.342479,3e3511287900f7f9,22.721559,86.342958,NORMAL
WRK00013,Rajasthan,Jaipur,Jaipur Rural,LS,MP004,Sunita Devi,Drainage Works at Jaipur Ward 14,Drainage Works,District Panchayat,V011,Anand Construction,2023-03-14,2023-04-22,1884266.15,1900000,152755.78,8,116,Stalled,27.652494,70.033392,310c0c003fa7f104,27.652049,70.033309,NORMAL
WRK00014,Maharashtra,Nagpur,Nashik,LS,MP006,Meena Kulkarni,Street Lighting at Nagpur Ward 6,Street Lighting,District Panchayat,V018,Prime Works Ltd,2021-04-27,2021-06-04,1139907.09,1200000,0,0,0,Not Started,20.222221,73.412642,17e011b7f8102383,20.222834,73.413176,NORMAL
WRK00015,Arunachal Pradesh,Ziro,Arunachal West,LS,MP014,Col. Tenzing Norbu,Anganwadi Centre at Ziro Ward 18,Anganwadi Centre,PWD,V015,Reliable Constructions,2023-03-20,2023-04-02,2058097.62,2200000,1852953.25,100,0,Completed,27.732223,96.966457,b253d2186c4a37ea,27.73288,96.967261,NORMAL
WRK00016,Himachal Pradesh,Kangra,Shimla,LS,MP016,Rohit Verma,School Building at Kangra Ward 3,School Building,Municipal Corporation,V017,United Builders,2021-03-14,2021-04-30,4068469.15,4200000,1019836.35,27,23,In Progress,30.450427,77.321081,f5f59b220e8fa8e0,30.450438,77.321667,NORMAL
WRK00017,Uttarakhand,Dehradun,Garhwal,LS,MP020,Vikramaditya Rawat,Water Supply at Dehradun Ward 5,Water Supply,Municipal Corporation,V009,Heritage Contractors,2022-04-03,2022-05-20,3135681.68,3100000,954197.3,30,13,In Progress,30.226113,78.707294,b758588dab73295b,30.225846,78.706904,NORMAL
WRK00018,Rajasthan,Kota,Jodhpur,LS,MP010,Kavita Joshi,Health Centre at Kota Ward 27,Health Centre,District Panchayat,V012,Bright Future Infra,2021-05-19,2021-05-29,6841001.06,5600000,2154988.89,32,2,In Progress,26.64237,70.665618,3e896c64e117dac3,26.642182,70.665068,NORMAL
WRK00019,Odisha,Rourkela,Bhubaneswar,LS,MP018,Soumya Das,Library Building at Rourkela Ward 7,Library Building,District Panchayat,V004,Pioneer Projects Ltd,2023-12-10,2023-12-20,5098519.43,4100000,3004003.62,58,29,In Progress,22.306864,82.219176,8da01097be0f051b,22.306369,82.218837,NORMAL
WRK00020,Gujarat,Surat,Ahmedabad East,LS,MP011,Rameshwar Patel,Water Supply at Surat Ward 23,Water Supply,Block Development Office,V005,Golden Gate Contractors,2022-05-17,2022-05-30,3261707.23,3100000,3142773.53,100,0,Completed,21.372729,68.122692,430f801dfad409e2,21.372243,68.122602,NORMAL
WRK00021,Arunachal Pradesh,Itanagar,Arunachal West,LS,MP014,Col. Tenzing Norbu,Bridge Construction at Itanagar Ward 2,Bridge Construction,PWD,V002,Bharat Infra Works,2021-09-19,2021-11-02,7480829.12,8500000,7147052.46,100,0,Completed,28.202323,94.035742,e623a6895d59cd2a,28.202945,94.036512,NORMAL
WRK00022,Karnataka,Mysuru,Bengaluru South,LS,MP012,Anand Swaminathan,Water Supply at Mysuru Ward 11,Water Supply,Municipal Corporation,V006,Apex Construction Co,2022-10-28,2022-12-26,3461997.43,3100000,2585786.55,72,19,In Progress,17.980347,75.088992,698c206fe1a47e10,17.979664,75.089349,NORMAL
WRK00023,Arunachal Pradesh,Tawang,Arunachal West,LS,MP014,Col. Tenzing Norbu,Water Supply at Tawang Ward 28,Water Supply,Municipal Corporation,V008,Metro Build Solutions,2021-07-07,2021-08-10,2832405.33,3100000,892101.81,35,58,Stalled,29.263511,93.562985,a8f7ef5a060edf5b,29.26307,93.562702,NORMAL
WRK00024,Uttar Pradesh,Agra,Varanasi East,LS,MP003,Rajesh Gupta,Community Hall at Agra Ward 14,Community Hall,ZP,V006,Apex Construction Co,2023-02-05,2023-03-30,4205052.24,3800000,1779055.09,39,72,Stalled,24.649721,84.475045,fbc9f87af668a617,24.649384,84.474426,NORMAL
WRK00025,Karnataka,Mangaluru,Bengaluru South,LS,MP012,Anand Swaminathan,Drainage Works at Mangaluru Ward 12,Drainage Works,Block Development Office,V018,Prime Works Ltd,2023-10-28,2023-11-14,2075718.73,1900000,786453.54,44,8,In Progress,14.552403,76.391634,f0b5156bb82c9074,14.552751,76.391887,NORMAL
WRK00026,Arunachal Pradesh,Itanagar,Arunachal West,LS,MP014,Col. Tenzing Norbu,Health Centre at Itanagar Ward 24,Health Centre,Municipal Corporation,V018,Prime Works Ltd,2021-07-19,2021-09-13,6155868.12,5600000,2315761.21,37,69,Stalled,27.54593,95.61353,6ba25efe311c6eb6,27.546167,95.613334,NORMAL
WRK00027,Maharashtra,Aurangabad,Nashik,LS,MP006,Meena Kulkarni,Cremation Ground at Aurangabad Ward 29,Cremation Ground,DRDA,V015,Reliable Constructions,2020-12-03,2021-01-01,2037797.89,2100000,1965421.88,100,0,Completed,18.731918,78.034057,acf5e81e71316269,18.731507,78.034016,NORMAL
WRK00028,Maharashtra,Pune,Nashik,LS,MP006,Meena Kulkarni,Health Centre at Pune Ward 20,Health Centre,Municipal Corporation,V008,Metro Build Solutions,2022-11-03,2022-11-18,5914612.5,5600000,0,0,0,Not Started,19.656146,78.184204,0640be0f25b8fd4b,19.655494,78.184943,NORMAL
WRK00029,Uttar Pradesh,Kanpur,Varanasi East,LS,MP003,Rajesh Gupta,Drainage Works at Kanpur Ward 15,Drainage Works,DRDA,V004,Pioneer Projects Ltd,2021-12-10,2022-02-03,2288464.05,1900000,1730368.93,83,12,In Progress,28.164377,77.142141,2d06e8cf3805f907,28.164814,77.14246,NORMAL
WRK00030,Tamil Nadu,Trichy,Chennai Central,LS,MP002,Priya Nair,Water Supply at Trichy Ward 27,Water Supply,DRDA,V011,Anand Construction,2021-07-29,2021-09-06,3772662.82,3100000,3658337.88,100,0,Completed,10.968112,78.547486,d0a444329cd6c852,10.968427,78.547493,NORMAL
WRK00031,Odisha,Puri,Bhubaneswar,LS,MP018,Soumya Das,School Building at Puri Ward 10,School Building,DRDA,V017,United Builders,2023-07-24,2023-08-31,4819341.14,4200000,4516136.92,100,0,Completed,20.860775,86.071463,3d3f3799a07295e9,20.860451,86.070813,NORMAL
WRK00032,West Bengal,Durgapur,Howrah,LS,MP008,Anita Roy,Health Centre at Durgapur Ward 27,Health Centre,DRDA,V014,Kumar & Associates,2021-05-28,2021-06-15,5476149.43,5600000,5243168.26,100,0,Completed,22.37099,86.677207,8ae8905b54b4a482,22.370941,86.676527,NORMAL
WRK00033,Arunachal Pradesh,Ziro,Arunachal West,LS,MP014,Col. Tenzing Norbu,Cremation Ground at Ziro Ward 8,Cremation Ground,ZP,V014,Kumar & Associates,2020-12-14,2021-02-10,2579692.11,2100000,2268594.62,81,0,In Progress,27.465977,93.800921,bc10fa52bf5d2fdf,27.466043,93.801088,NORMAL
WRK00034,Himachal Pradesh,Kangra,Shimla,LS,MP016,Rohit Verma,Water Supply at Kangra Ward 1,Water Supply,ZP,V020,Horizon Build Co,2021-01-26,2021-03-01,3175436.61,3100000,2009401.81,71,23,In Progress,31.70217,76.133935,e82c7d7b06e745f9,31.702018,76.134044,NORMAL
WRK00035,Uttar Pradesh,Kanpur,Varanasi East,LS,MP003,Rajesh Gupta,Bridge Construction at Kanpur Ward 3,Bridge Construction,PWD,V013,Durga Projects,2021-12-26,2022-01-08,10172294.61,8500000,9654554.31,100,0,Completed,26.855546,79.665004,f3821cfdc083b73a,26.856023,79.664605,NORMAL
WRK00036,Himachal Pradesh,Shimla,Shimla,LS,MP016,Rohit Verma,Sports Facility at Shimla Ward 7,Sports Facility,Municipal Corporation,V020,Horizon Build Co,2022-11-24,2022-12-18,3047919.85,3500000,653594.03,25,24,In Progress,31.04185,78.553378,205004943d114802,31.041812,78.552731,NORMAL
WRK00037,Bihar,Muzaffarpur,Patna Sahib,LS,MP015,Dr. Sanjeev Kumar,Community Hall at Muzaffarpur Ward 23,Community Hall,PWD,V001,Sunrise Constructions Pvt Ltd,2021-06-25,2021-08-23,3485039.5,3800000,0,0,0,Not Started,27.387106,83.840494,ad66a1bd93676a02,27.387692,83.840292,NORMAL
WRK00038,Uttar Pradesh,Lucknow,Lucknow West,LS,MP007,Vinod Tiwari,Cremation Ground at Lucknow Ward 17,Cremation Ground,District Panchayat,V019,City Developers,2022-04-27,2022-05-13,2365116.11,2100000,1400663.29,58,27,In Progress,29.135932,83.151327,8861fe1858e25888,29.135829,83.151114,NORMAL
WRK00039,Gujarat,Ahmedabad,Ahmedabad East,LS,MP011,Rameshwar Patel,Drainage Works at Ahmedabad Ward 14,Drainage Works,ZP,V009,Heritage Contractors,2021-06-29,2021-08-05,2239971.5,1900000,676480.91,34,120,Stalled,20.91023,71.439179,eb6c1016cee624d0,20.910285,71.439154,NORMAL
WRK00040,Punjab,Jalandhar,Amritsar,LS,MP019,Harpreet Singh,Health Centre at Jalandhar Ward 11,Health Centre,PWD,V016,Star Infrastructure,2021-05-31,2021-06-27,6667837.48,5600000,1323515.61,20,89,Stalled,31.504565,74.84283,7cd0129d2e8d0e87,31.504151,74.843332,NORMAL
WRK00041,Tamil Nadu,Trichy,Coimbatore North,LS,MP009,Suresh Pillai,Water Supply at Trichy Ward 10,Water Supply,Block Development Office,V016,Star Infrastructure,2023-11-03,2023-11-25,3324180.87,3100000,3350811.55,100,0,Completed,10.73832,79.384292,7da67785b63b4dc3,10.738246,79.383586,NORMAL
WRK00042,West Bengal,Siliguri,Howrah,LS,MP008,Anita Roy,Water Supply at Siliguri Ward 11,Water Supply,PWD,V015,Reliable Constructions,2022-12-17,2023-01-26,3014695.48,3100000,2120720.8,64,13,In Progress,24.637214,87.242423,405bfdc94e7ed827,24.636827,87.242773,NORMAL
WRK00043,Rajasthan,Ajmer,Jaipur Rural,LS,MP004,Sunita Devi,School Building at Ajmer Ward 2,School Building,District Panchayat,V010,Shree Ram Builders,2023-08-23,2023-09-19,3891788.83,4200000,2306149.41,56,3,In Progress,25.132975,72.675753,88bd13d1b540b30e,25.132438,72.675031,NORMAL
WRK00044,Odisha,Rourkela,Bhubaneswar,LS,MP018,Soumya Das,Bridge Construction at Rourkela Ward 19,Bridge Construction,DRDA,V009,Heritage Contractors,2023-09-17,2023-10-03,9393756.83,8500000,2095052.64,23,90,Stalled,19.435388,87.289536,d2762bdc1d34d08e,19.434763,87.289523,NORMAL
WRK00045,Tamil Nadu,Coimbatore,Chennai Central,LS,MP002,Priya Nair,Bridge Construction at Coimbatore Ward 19,Bridge Construction,ZP,V008,Metro Build Solutions,2022-08-31,2022-09-15,9982883.06,8500000,1247194.56,12,101,Stalled,11.374115,79.521111,7354ea6f61607459,11.374702,79.520814,NORMAL
WRK00046,Arunachal Pradesh,Pasighat,Arunachal West,LS,MP014,Col. Tenzing Norbu,Cremation Ground at Pasighat Ward 20,Cremation Ground,ZP,V006,Apex Construction Co,2021-05-26,2021-07-23,2306662.95,2100000,2149011.25,100,0,Completed,28.515242,92.426637,2812859a1337739e,28.514527,92.426556,NORMAL
WRK00047,Himachal Pradesh,Mandi,Shimla,LS,MP016,Rohit Verma,Road Construction at Mandi Ward 8,Road Construction,Block Development Office,V019,City Developers,2022-06-10,2022-08-03,2639253.38,2800000,215764.34,9,117,Stalled,31.093664,78.390242,ef04e57dcdccc33a,31.09323,78.389595,NORMAL
WRK00048,West Bengal,Durgapur,Kolkata South,LS,MP005,Deepak Chatterjee,Bridge Construction at Durgapur Ward 29,Bridge Construction,ZP,V009,Heritage Contractors,2021-10-07,2021-12-06,7467793.45,8500000,3684680.32,56,14,In Progress,25.425465,88.668908,7e695d0d8a3c3b5e,25.425376,88.669064,NORMAL
WRK00049,Arunachal Pradesh,Pasighat,Arunachal West,LS,MP014,Col. Tenzing Norbu,Library Building at Pasighat Ward 19,Library Building,DRDA,V006,Apex Construction Co,2021-06-13,2021-07-07,3895603.36,4100000,246674.74,6,116,Stalled,28.271116,96.002343,a6c9537f84dad06a,28.271033,96.001981,NORMAL
WRK00050,Arunachal Pradesh,Ziro,Arunachal West,LS,MP014,Col. Tenzing Norbu,Road Construction at Ziro Ward 4,Road Construction,ZP,V013,Durga Projects,2023-03-17,2023-04-17,2906411.64,2800000,853810.88,33,27,In Progress,27.793771,94.423267,746f78910964fbbf,27.793179,94.422865,NORMAL
WRK00051,Assam,Guwahati,Guwahati,LS,MP013,Bikash Barua,Sports Facility at Guwahati Ward 21,Sports Facility,PWD,V005,Golden Gate Contractors,2021-03-31,2021-04-22,3621766.88,3500000,2887357.66,83,20,In Progress,24.301286,91.382454,e17f29e170286046,24.301571,91.381857,NORMAL
WRK00052,Uttarakhand,Haridwar,Garhwal,LS,MP020,Vikramaditya Rawat,School Building at Haridwar Ward 14,School Building,DRDA,V005,Golden Gate Contractors,2020-12-15,2021-01-29,4092060.23,4200000,2117852.26,48,26,In Progress,29.945909,78.011132,b77350caeec259dc,29.94561,78.011473,NORMAL
WRK00053,Himachal Pradesh,Kullu,Shimla,LS,MP016,Rohit Verma,Water Supply at Kullu Ward 26,Water Supply,PWD,V003,National Build Corp,2021-09-20,2021-10-24,3201415.23,3100000,3169102.19,100,0,Completed,32.538878,76.164128,ca3dd859c5ce099c,32.539387,76.163855,NORMAL
WRK00054,Telangana,Nizamabad,Secunderabad,LS,MP017,G. Krishna Reddy,Road Construction at Nizamabad Ward 23,Road Construction,ZP,V018,Prime Works Ltd,2022-07-19,2022-09-04,2696779.66,2800000,1961804.89,82,27,In Progress,18.00818,78.78757,749176f46090d697,18.008802,78.788129,NORMAL
WRK00055,West Bengal,Darjeeling,Howrah,LS,MP008,Anita Roy,Drainage Works at Darjeeling Ward 11,Drainage Works,DRDA,V005,Golden Gate Contractors,2023-04-10,2023-04-22,1792507.46,1900000,1546371.15,80,22,In Progress,23.673018,89.852497,097a1e10f6febc0e,23.672481,89.853227,NORMAL
WRK00056,Rajasthan,Kota,Jaipur Rural,LS,MP004,Sunita Devi,Bridge Construction at Kota Ward 11,Bridge Construction,PWD,V009,Heritage Contractors,2023-07-15,2023-07-25,9013233.7,8500000,6578404.51,72,27,In Progress,24.111401,73.631517,b15516bc9f8ded97,24.111254,73.630856,NORMAL
WRK00057,Odisha,Puri,Bhubaneswar,LS,MP018,Soumya Das,Health Centre at Puri Ward 23,Health Centre,Block Development Office,V008,Metro Build Solutions,2023-08-14,2023-09-27,6164030.16,5600000,5610889.28,100,0,Completed,20.829573,87.017668,6f18c1081723199d,20.830261,87.018068,NORMAL
WRK00058,Rajasthan,Kota,Jaipur Rural,LS,MP004,Sunita Devi,School Building at Kota Ward 20,School Building,ZP,V014,Kumar & Associates,2021-02-17,2021-03-01,4735921.95,4200000,1201485.76,27,9,In Progress,26.100945,71.648937,cae28e66ae8a7813,26.100485,71.648417,NORMAL
WRK00059,Assam,Dibrugarh,Guwahati,LS,MP013,Bikash Barua,Anganwadi Centre at Dibrugarh Ward 19,Anganwadi Centre,Block Development Office,V010,Shree Ram Builders,2021-09-27,2021-10-21,2673289.53,2200000,1270327.06,52,14,In Progress,24.13665,94.769188,287117338beddb12,24.136038,94.769889,NORMAL
WRK00060,Rajasthan,Kota,Jodhpur,LS,MP010,Kavita Joshi,Water Supply at Kota Ward 19,Water Supply,District Panchayat,V010,Shree Ram Builders,2022-08-20,2022-09-11,3201476.41,3100000,1018887.47,35,43,Stalled,27.117843,74.558345,d47d577bfa5a91ca,27.11807,74.557981,NORMAL
WRK00061,Tamil Nadu,Trichy,Chennai Central,LS,MP002,Priya Nair,Anganwadi Centre at Trichy Ward 22,Anganwadi Centre,ZP,V007,Delta Infratech,2022-06-12,2022-08-10,2602898.23,2200000,0,0,0,Not Started,11.378151,77.679748,ad81f8bd402913ec,11.378518,77.68014,NORMAL
WRK00062,West Bengal,Kolkata,Kolkata South,LS,MP005,Deepak Chatterjee,Road Construction at Kolkata Ward 17,Road Construction,Municipal Corporation,V007,Delta Infratech,2023-06-10,2023-06-22,2726004.83,2800000,1057325.96,36,2,In Progress,23.362299,87.503563,8a16a06cc958e75e,23.36284,87.503353,NORMAL
WRK00063,Tamil Nadu,Coimbatore,Coimbatore North,LS,MP009,Suresh Pillai,Water Supply at Coimbatore Ward 26,Water Supply,Block Development Office,V008,Metro Build Solutions,2023-08-17,2023-09-14,3768420.7,3100000,2086345.53,63,25,In Progress,13.299624,76.791179,aca5e2fdb966442a,13.300314,76.791869,NORMAL
WRK00064,Odisha,Rourkela,Bhubaneswar,LS,MP018,Soumya Das,Road Construction at Rourkela Ward 18,Road Construction,District Panchayat,V012,Bright Future Infra,2021-01-03,2021-01-29,3265563.8,2800000,2593515.78,78,11,In Progress,21.027236,84.965817,3bdbc09eacc216a0,21.027195,84.966001,NORMAL
WRK00065,Gujarat,Kutch,Ahmedabad East,LS,MP011,Rameshwar Patel,Water Supply at Kutch Ward 15,Water Supply,District Panchayat,V016,Star Infrastructure,2023-06-16,2023-08-09,3438088.95,3100000,2190612.28,72,3,In Progress,24.452803,70.047933,3c1bdacc18e19331,24.45336,70.047358,NORMAL
WRK00066,Karnataka,Hubballi,Bengaluru South,LS,MP012,Anand Swaminathan,Cremation Ground at Hubballi Ward 4,Cremation Ground,Municipal Corporation,V012,Bright Future Infra,2021-10-08,2021-11-13,2408505.97,2100000,1880233.32,82,19,In Progress,18.160651,74.150495,71d7966571818dcf,18.161299,74.151033,NORMAL
WRK00067,Karnataka,Mangaluru,Bengaluru South,LS,MP012,Anand Swaminathan,Road Construction at Mangaluru Ward 19,Road Construction,District Panchayat,V001,Sunrise Constructions Pvt Ltd,2022-01-07,2022-01-24,2825916.4,2800000,975888.81,34,41,Stalled,15.991931,76.746871,5560db22c96b5edb,15.991562,76.746312,NORMAL
WRK00068,Uttar Pradesh,Lucknow,Lucknow West,LS,MP007,Vinod Tiwari,Sports Facility at Lucknow Ward 28,Sports Facility,Municipal Corporation,V005,Golden Gate Contractors,2022-02-23,2022-03-19,3265020.32,3500000,1333925.52,38,25,In Progress,23.918431,83.623887,402adf9c8a4b8f7c,23.91886,83.623274,NORMAL
WRK00069,Maharashtra,Mumbai,Pune North,LS,MP001,Arjun Sharma,Road Construction at Mumbai Ward 15,Road Construction,DRDA,V003,National Build Corp,2022-03-17,2022-05-03,2781231.35,2800000,1008201.64,42,8,In Progress,19.605278,76.96651,c72c1fe372c22a16,19.60508,76.966653,NORMAL
WRK00070,Telangana,Warangal,Secunderabad,LS,MP017,G. Krishna Reddy,Library Building at Warangal Ward 11,Library Building,DRDA,V004,Pioneer Projects Ltd,2023-11-05,2023-12-04,3556118.66,4100000,899409.05,23,1,In Progress,19.273924,79.160859,e8e22743b65feea9,19.273843,79.161467,NORMAL
WRK00071,Uttarakhand,Haridwar,Garhwal,LS,MP020,Vikramaditya Rawat,Road Construction at Haridwar Ward 7,Road Construction,Block Development Office,V004,Pioneer Projects Ltd,2022-09-24,2022-10-28,2521334.58,2800000,923068.06,38,67,Stalled,30.334652,77.947125,e0b15abaa6a27967,30.335039,77.947493,NORMAL
WRK00072,Arunachal Pradesh,Ziro,Arunachal West,LS,MP014,Col. Tenzing Norbu,Water Supply at Ziro Ward 3,Water Supply,Block Development Office,V005,Golden Gate Contractors,2023-06-13,2023-07-18,3148128.83,3100000,963771.69,32,10,In Progress,28.528813,93.708376,79699ed2ec48bf55,28.528191,93.708919,NORMAL
WRK00073,Arunachal Pradesh,Itanagar,Arunachal West,LS,MP014,Col. Tenzing Norbu,Community Hall at Itanagar Ward 4,Community Hall,Block Development Office,V014,Kumar & Associates,2021-03-17,2021-05-03,4463889.31,3800000,1816808.87,40,72,Stalled,27.791345,96.654283,f7e8f8e50d2b91ef,27.79104,96.653978,NORMAL
WRK00074,Punjab,Ludhiana,Amritsar,LS,MP019,Harpreet Singh,Bridge Construction at Ludhiana Ward 30,Bridge Construction,ZP,V018,Prime Works Ltd,2022-03-20,2022-04-05,9457903.43,8500000,6594394.95,67,3,In Progress,31.2223,76.302386,accb461a9d132363,31.222505,76.30159,NORMAL
WRK00075,Tamil Nadu,Chennai,Coimbatore North,LS,MP009,Suresh Pillai,School Building at Chennai Ward 11,School Building,District Panchayat,V001,Sunrise Constructions Pvt Ltd,2022-08-25,2022-09-25,4029094.25,4200000,1534680.13,43,27,In Progress,11.649661,76.492259,87cdb6a1bf012e32,11.649252,76.492141,NORMAL
WRK00076,Maharashtra,Nagpur,Nashik,LS,MP006,Meena Kulkarni,Health Centre at Nagpur Ward 7,Health Centre,Block Development Office,V015,Reliable Constructions,2021-06-10,2021-06-23,6376374.97,5600000,6460322.38,100,0,Completed,15.868717,73.277127,7c54535f6c8c3b6a,15.868871,73.276999,NORMAL
WRK00077,Telangana,Hyderabad,Secunderabad,LS,MP017,G. Krishna Reddy,Community Hall at Hyderabad Ward 5,Community Hall,District Panchayat,V020,Horizon Build Co,2022-06-12,2022-08-04,3883468.72,3800000,3237889.32,82,16,In Progress,15.986211,79.018212,345512f701f7c7ec,15.985926,79.01778,NORMAL
WRK00078,Tamil Nadu,Madurai,Coimbatore North,LS,MP009,Suresh Pillai,Health Centre at Madurai Ward 15,Health Centre,District Panchayat,V012,Bright Future Infra,2023-08-20,2023-10-16,5028764.93,5600000,1779842.9,36,12,In Progress,9.342598,78.546639,dc9c96de65a674c2,9.342946,78.546546,NORMAL
WRK00079,Uttar Pradesh,Agra,Varanasi East,LS,MP003,Rajesh Gupta,Cremation Ground at Agra Ward 28,Cremation Ground,DRDA,V020,Horizon Build Co,2023-02-13,2023-04-09,2145598.8,2100000,1163380.37,57,3,In Progress,30.180298,78.406236,b08a4895d4ffa666,30.180901,78.405551,NORMAL
WRK00080,Rajasthan,Jodhpur,Jaipur Rural,LS,MP004,Sunita Devi,Drainage Works at Jodhpur Ward 12,Drainage Works,Block Development Office,V017,United Builders,2023-11-25,2023-12-10,2062542.18,1900000,1137653.32,59,23,In Progress,25.398094,70.979568,87d5b7be1d30d990,25.398108,70.980214,NORMAL
WRK00081,Karnataka,Mysuru,Bengaluru South,LS,MP012,Anand Swaminathan,Water Supply at Mysuru Ward 30,Water Supply,DRDA,V016,Star Infrastructure,2022-05-18,2022-06-09,2762477.61,3100000,2549574.75,100,0,Completed,16.814067,74.346625,9050f7efc1235c91,16.814441,74.346548,NORMAL
WRK00082,Punjab,Jalandhar,Amritsar,LS,MP019,Harpreet Singh,Health Centre at Jalandhar Ward 3,Health Centre,DRDA,V010,Shree Ram Builders,2021-04-10,2021-05-20,5098144.58,5600000,2716432.56,58,25,In Progress,29.668516,75.372744,09a0a0f673b0a091,29.667879,75.373293,NORMAL
WRK00083,Uttar Pradesh,Prayagraj,Varanasi East,LS,MP003,Rajesh Gupta,Library Building at Prayagraj Ward 26,Library Building,DRDA,V020,Horizon Build Co,2023-06-20,2023-08-06,4316591.22,4100000,1162525.45,25,14,In Progress,27.615768,78.53062,269ed4c980599b93,27.616426,78.53054,NORMAL
WRK00084,Gujarat,Ahmedabad,Ahmedabad East,LS,MP011,Rameshwar Patel,Boundary Wall at Ahmedabad Ward 26,Boundary Wall,DRDA,V010,Shree Ram Builders,2021-02-25,2021-03-22,997605.75,900000,743537.64,76,16,In Progress,20.830233,70.486253,c643530068a51c68,20.830001,70.486404,NORMAL
WRK00085,Gujarat,Ahmedabad,Ahmedabad East,LS,MP011,Rameshwar Patel,Health Centre at Ahmedabad Ward 10,Health Centre,PWD,V005,Golden Gate Contractors,2023-02-03,2023-03-03,4971693.32,5600000,5109582.93,100,0,Completed,24.536286,71.957285,952e6abb14dd5061,24.536521,71.957943,NORMAL
WRK00086,Assam,Dibrugarh,Guwahati,LS,MP013,Bikash Barua,Library Building at Dibrugarh Ward 12,Library Building,District Panchayat,V017,United Builders,2021-05-25,2021-06-23,4647487.78,4100000,2541283.65,62,26,In Progress,26.84104,95.666784,aba301cba561e1e9,26.84093,95.666561,NORMAL
WRK00087,Rajasthan,Jodhpur,Jodhpur,LS,MP010,Kavita Joshi,School Building at Jodhpur Ward 2,School Building,ZP,V004,Pioneer Projects Ltd,2023-09-01,2023-09-23,4144110.34,4200000,3815212.21,100,0,Completed,23.555589,76.93097,8a2e6a93c5580bb2,23.556071,76.931572,NORMAL
WRK00088,Gujarat,Kutch,Ahmedabad East,LS,MP011,Rameshwar Patel,Bridge Construction at Kutch Ward 15,Bridge Construction,District Panchayat,V015,Reliable Constructions,2021-10-23,2021-11-12,9255637.9,8500000,9291983.37,100,0,Completed,22.973806,73.876998,5d42b9e9692e07b6,22.974059,73.876588,NORMAL
WRK00089,Uttarakhand,Nainital,Garhwal,LS,MP020,Vikramaditya Rawat,Street Lighting at Nainital Ward 6,Street Lighting,PWD,V015,Reliable Constructions,2022-04-06,2022-05-05,1132321.41,1200000,373310.61,35,54,Stalled,31.257251,81.045539,61c2645ac7332304,31.257255,81.045402,NORMAL
WRK00090,Uttar Pradesh,Prayagraj,Lucknow West,LS,MP007,Vinod Tiwari,Bridge Construction at Prayagraj Ward 17,Bridge Construction,PWD,V004,Pioneer Projects Ltd,2021-02-25,2021-04-17,10193206.53,8500000,7400208.52,67,17,In Progress,28.524106,81.020911,c35b9fea1578d709,28.523618,81.020828,NORMAL
WRK00091,West Bengal,Siliguri,Kolkata South,LS,MP005,Deepak Chatterjee,Road Construction at Siliguri Ward 23,Road Construction,PWD,V003,National Build Corp,2022-02-21,2022-03-31,3439982.85,2800000,178187.17,6,83,Stalled,24.361441,86.76669,07374c86397b5f51,24.36118,86.766057,NORMAL
WRK00092,Gujarat,Surat,Ahmedabad East,LS,MP011,Rameshwar Patel,Bridge Construction at Surat Ward 5,Bridge Construction,District Panchayat,V020,Horizon Build Co,2023-07-03,2023-08-26,7355230.85,8500000,0,0,0,Not Started,23.590669,71.102305,144823f7e7e646c7,23.589978,71.101859,NORMAL
WRK00093,Odisha,Puri,Bhubaneswar,LS,MP018,Soumya Das,Bridge Construction at Puri Ward 21,Bridge Construction,District Panchayat,V003,National Build Corp,2022-04-03,2022-05-02,9863986.95,8500000,9230382.88,100,0,Completed,20.866968,85.199144,e7b7b4c6d6312a80,20.866968,85.199199,NORMAL
WRK00094,Telangana,Warangal,Secunderabad,LS,MP017,G. Krishna Reddy,Bridge Construction at Warangal Ward 1,Bridge Construction,ZP,V003,National Build Corp,2020-11-16,2021-01-04,8215324.76,8500000,6093698.76,73,5,In Progress,16.151017,81.683411,81e03a5e8b48f496,16.151429,81.683422,NORMAL
WRK00095,Assam,Jorhat,Guwahati,LS,MP013,Bikash Barua,Road Construction at Jorhat Ward 18,Road Construction,ZP,V004,Pioneer Projects Ltd,2023-01-09,2023-02-04,3091951.29,2800000,1742247.85,65,25,In Progress,25.040391,93.839758,c1b5b5cabc3536df,25.04015,93.839035,NORMAL
WRK00096,Gujarat,Surat,Ahmedabad East,LS,MP011,Rameshwar Patel,Street Lighting at Surat Ward 11,Street Lighting,PWD,V002,Bharat Infra Works,2023-07-20,2023-09-08,1490793.21,1200000,1371869.49,100,0,Completed,23.393807,74.139073,0b36e356339b77a8,23.394225,74.139677,NORMAL
WRK00097,Rajasthan,Ajmer,Jodhpur,LS,MP010,Kavita Joshi,Drainage Works at Ajmer Ward 29,Drainage Works,Block Development Office,V002,Bharat Infra Works,2023-08-02,2023-08-28,2366733.25,1900000,2359716.06,100,0,Completed,25.059998,77.086819,45f1861954f90429,25.059458,77.08661,NORMAL
WRK00098,Assam,Jorhat,Guwahati,LS,MP013,Bikash Barua,Drainage Works at Jorhat Ward 10,Drainage Works,District Panchayat,V014,Kumar & Associates,2021-12-08,2022-01-18,1872667.84,1900000,1316572.05,67,29,In Progress,25.140211,90.220452,9a3a61036e3c4532,25.140923,90.219945,NORMAL
WRK00099,Gujarat,Ahmedabad,Ahmedabad East,LS,MP011,Rameshwar Patel,Road Construction at Ahmedabad Ward 2,Road Construction,ZP,V012,Bright Future Infra,2022-07-31,2022-08-29,2747270.29,2800000,2078602.53,74,5,In Progress,21.717116,68.371073,6f5842c3ff86cc31,21.716792,68.371816,NORMAL
WRK00100,Uttar Pradesh,Kanpur,Varanasi East,LS,MP003,Rajesh Gupta,Community Hall at Kanpur Ward 19,Community Hall,Municipal Corporation,V003,National Build Corp,2021-11-13,2021-11-24,4009890.75,3800000,3974346.82,100,0,Completed,28.978528,77.364472,a52964ffc74cc890,28.978336,77.36428,NORMAL
WRK00101,Tamil Nadu,Trichy,Chennai Central,LS,MP002,Priya Nair,Bridge Construction at Trichy Ward 17,Bridge Construction,Municipal Corporation,V009,Heritage Contractors,2022-12-28,2023-01-30,9533810.99,8500000,2445259.45,29,18,In Progress,10.08153,77.520419,1d0af7f7f5e4a471,10.080849,77.519961,NORMAL
WRK00102,Assam,Guwahati,Guwahati,LS,MP013,Bikash Barua,Water Supply at Guwahati Ward 26,Water Supply,DRDA,V003,National Build Corp,2023-06-10,2023-07-03,3595955.96,3100000,892507.41,23,118,Stalled,26.015681,90.472616,e60fd4202c33350c,26.015988,90.473411,NORMAL
WRK00103,Gujarat,Vadodara,Ahmedabad East,LS,MP011,Rameshwar Patel,Road Construction at Vadodara Ward 12,Road Construction,Municipal Corporation,V005,Golden Gate Contractors,2022-07-20,2022-08-18,2995996.81,2800000,468424.79,16,76,Stalled,20.658267,69.386274,7e7838c9ca55e38b,20.657586,69.386357,NORMAL
WRK00104,Bihar,Gaya,Patna Sahib,LS,MP015,Dr. Sanjeev Kumar,Library Building at Gaya Ward 12,Library Building,PWD,V005,Golden Gate Contractors,2021-04-16,2021-05-15,4935164.17,4100000,3808397.16,81,16,In Progress,25.610187,86.174503,12fc7a87a4704d48,25.610115,86.17479,NORMAL
WRK00105,West Bengal,Darjeeling,Kolkata South,LS,MP005,Deepak Chatterjee,Cremation Ground at Darjeeling Ward 10,Cremation Ground,Block Development Office,V011,Anand Construction,2021-08-16,2021-09-22,1937849.03,2100000,460977.22,27,26,In Progress,22.372188,86.475094,5894f7f139b86bb2,22.372831,86.475123,NORMAL
WRK00106,Uttar Pradesh,Agra,Varanasi East,LS,MP003,Rajesh Gupta,School Building at Agra Ward 30,School Building,Block Development Office,V006,Apex Construction Co,2022-06-29,2022-07-17,4636895.91,4200000,1452166.95,31,16,In Progress,27.746755,81.512913,b87b63849fddde2e,27.747333,81.512649,NORMAL
WRK00107,Punjab,Amritsar,Amritsar,LS,MP019,Harpreet Singh,Road Construction at Amritsar Ward 26,Road Construction,PWD,V018,Prime Works Ltd,2022-05-07,2022-06-27,2470969.6,2800000,2435932.69,100,0,Completed,31.354325,73.893886,f4e7069aa4540937,31.354041,73.893457,NORMAL
WRK00108,Assam,Silchar,Guwahati,LS,MP013,Bikash Barua,Street Lighting at Silchar Ward 25,Street Lighting,Block Development Office,V011,Anand Construction,2021-04-13,2021-05-03,1055027.05,1200000,769974.21,81,14,In Progress,26.465975,91.66927,dc5be7d1fcef1972,26.465753,91.669107,NORMAL
WRK00109,Karnataka,Bengaluru Urban,Bengaluru South,LS,MP012,Anand Swaminathan,Health Centre at Bengaluru Urban Ward 30,Health Centre,Municipal Corporation,V014,Kumar & Associates,2021-08-12,2021-09-08,5301492.81,5600000,1737869.12,38,3,In Progress,18.117694,77.975154,dd84caccf6729464,18.118272,77.975628,NORMAL
WRK00110,Punjab,Jalandhar,Amritsar,LS,MP019,Harpreet Singh,School Building at Jalandhar Ward 20,School Building,Municipal Corporation,V008,Metro Build Solutions,2023-09-06,2023-10-18,4852043.91,4200000,2449886.75,59,15,In Progress,32.335698,75.366878,5a57553995560a2d,32.335049,75.366506,NORMAL
WRK00111,Himachal Pradesh,Mandi,Shimla,LS,MP016,Rohit Verma,Sports Facility at Mandi Ward 10,Sports Facility,DRDA,V002,Bharat Infra Works,2021-07-03,2021-08-09,2986448.37,3500000,2806278.73,100,0,Completed,31.397333,77.071064,91fdfa4f0d18ab95,31.397422,77.070833,NORMAL
WRK00112,Uttar Pradesh,Kanpur,Varanasi East,LS,MP003,Rajesh Gupta,Boundary Wall at Kanpur Ward 17,Boundary Wall,ZP,V011,Anand Construction,2022-06-08,2022-07-27,927127.58,900000,354922.75,35,4,In Progress,26.460374,83.141219,5d986115f05eeefe,26.46074,83.140736,NORMAL
WRK00113,Assam,Guwahati,Guwahati,LS,MP013,Bikash Barua,Road Construction at Guwahati Ward 19,Road Construction,Municipal Corporation,V011,Anand Construction,2022-10-05,2022-11-14,2423583.64,2800000,1014464.46,39,19,In Progress,24.645146,95.567623,fd98fe336498abe9,24.645313,95.568165,NORMAL
WRK00114,Gujarat,Kutch,Ahmedabad East,LS,MP011,Rameshwar Patel,Boundary Wall at Kutch Ward 21,Boundary Wall,ZP,V014,Kumar & Associates,2022-07-28,2022-09-06,956642.34,900000,0,0,0,Not Started,21.794446,72.412361,cbf81f864ec3f970,21.795019,72.412937,NORMAL
WRK00115,Maharashtra,Aurangabad,Pune North,LS,MP001,Arjun Sharma,Anganwadi Centre at Aurangabad Ward 23,Anganwadi Centre,Municipal Corporation,V013,Durga Projects,2022-02-15,2022-04-12,2103666.78,2200000,2044905.72,100,0,Completed,18.430855,78.585818,ae441e21d25864f2,18.430484,78.585928,NORMAL
WRK00116,Rajasthan,Jodhpur,Jaipur Rural,LS,MP004,Sunita Devi,Road Construction at Jodhpur Ward 22,Road Construction,Block Development Office,V002,Bharat Infra Works,2023-04-19,2023-05-08,2873963.19,2800000,1289573.85,46,13,In Progress,27.402642,73.650128,84c86c4623595fa4,27.402221,73.649845,NORMAL
WRK00117,Himachal Pradesh,Solan,Shimla,LS,MP016,Rohit Verma,Drainage Works at Solan Ward 10,Drainage Works,ZP,V009,Heritage Contractors,2021-11-12,2021-12-21,1853451.98,1900000,452295.39,26,99,Stalled,32.615969,78.151144,313839757bf33a34,32.616626,78.150767,NORMAL
WRK00118,West Bengal,Durgapur,Howrah,LS,MP008,Anita Roy,Health Centre at Durgapur Ward 10,Health Centre,PWD,V013,Durga Projects,2023-08-30,2023-09-29,6338978.1,5600000,3069698.89,55,9,In Progress,25.356747,87.356746,c5e78b23f4613f09,25.357185,87.356413,NORMAL
WRK00119,Uttar Pradesh,Agra,Varanasi East,LS,MP003,Rajesh Gupta,Street Lighting at Agra Ward 22,Street Lighting,District Panchayat,V005,Golden Gate Contractors,2023-08-17,2023-09-09,1334866.58,1200000,1309219.37,100,0,Completed,29.964656,82.390902,bdab07e79d9d028e,29.964781,82.390475,NORMAL
WRK00120,Telangana,Warangal,Secunderabad,LS,MP017,G. Krishna Reddy,Water Supply at Warangal Ward 21,Water Supply,DRDA,V006,Apex Construction Co,2023-03-27,2023-04-27,2700088.97,3100000,900915.15,32,21,In Progress,15.821244,79.731622,ef5e4376a723fb72,15.821791,79.731586,NORMAL
WRK00121,Uttar Pradesh,Agra,Lucknow West,LS,MP007,Vinod Tiwari,Health Centre at Agra Ward 2,Health Centre,Municipal Corporation,V002,Bharat Infra Works,2021-03-04,2021-05-02,5399330.36,5600000,5324387.67,100,0,Completed,27.37849,82.595694,e1dace6a6afa828c,27.378975,82.596396,NORMAL
WRK00122,Assam,Jorhat,Guwahati,LS,MP013,Bikash Barua,School Building at Jorhat Ward 5,School Building,DRDA,V010,Shree Ram Builders,2022-08-04,2022-08-16,5143502.69,4200000,5067349.43,100,0,Completed,24.518473,95.892861,a42d0cd7fd359f6a,24.518535,95.892851,NORMAL
WRK00123,Telangana,Karimnagar,Secunderabad,LS,MP017,G. Krishna Reddy,Water Supply at Karimnagar Ward 28,Water Supply,PWD,V011,Anand Construction,2021-07-19,2021-08-19,2874086.13,3100000,2784521.47,100,0,Completed,16.854786,78.056516,aca58d95915a1c30,16.855156,78.056029,NORMAL
WRK00124,Assam,Jorhat,Guwahati,LS,MP013,Bikash Barua,Boundary Wall at Jorhat Ward 11,Boundary Wall,PWD,V001,Sunrise Constructions Pvt Ltd,2023-02-08,2023-04-01,883053.6,900000,924780.34,100,0,Completed,25.962071,95.5957,3c4b1eec6231ee73,25.961994,95.595328,NORMAL
WRK00125,Rajasthan,Ajmer,Jodhpur,LS,MP010,Kavita Joshi,Cremation Ground at Ajmer Ward 10,Cremation Ground,Block Development Office,V017,United Builders,2022-11-14,2023-01-07,1794606.02,2100000,1794907.37,100,0,Completed,26.350844,70.905508,4f9c4027c5144d98,26.351118,70.90573,NORMAL
WRK00126,Karnataka,Mysuru,Bengaluru South,LS,MP012,Anand Swaminathan,Water Supply at Mysuru Ward 17,Water Supply,Municipal Corporation,V007,Delta Infratech,2023-08-19,2023-09-07,3822127.07,3100000,2626088.23,67,13,In Progress,17.889578,77.483812,c1369c65ae2ae341,17.889716,77.484246,NORMAL
WRK00127,Bihar,Muzaffarpur,Patna Sahib,LS,MP015,Dr. Sanjeev Kumar,Road Construction at Muzaffarpur Ward 22,Road Construction,Municipal Corporation,V018,Prime Works Ltd,2021-08-05,2021-08-18,3407314.07,2800000,0,0,0,Not Started,27.189242,84.310784,53ff84612a1f1b61,27.189752,84.31069,NORMAL
WRK00128,Uttar Pradesh,Prayagraj,Lucknow West,LS,MP007,Vinod Tiwari,Anganwadi Centre at Prayagraj Ward 24,Anganwadi Centre,ZP,V015,Reliable Constructions,2023-10-05,2023-11-12,1950028.65,2200000,0,0,0,Not Started,26.84731,81.000684,8f0d55400ec7d662,26.847256,81.001178,NORMAL
WRK00129,Maharashtra,Nashik,Pune North,LS,MP001,Arjun Sharma,Water Supply at Nashik Ward 6,Water Supply,District Panchayat,V002,Bharat Infra Works,2022-02-04,2022-03-23,3647402.0,3100000,3514471.0,100,0,Completed,19.382078,77.091657,ef0bea4ffc737d92,19.382038,77.091333,NORMAL
WRK00130,West Bengal,Siliguri,Kolkata South,LS,MP005,Deepak Chatterjee,Community Hall at Siliguri Ward 13,Community Hall,Block Development Office,V005,Golden Gate Contractors,2023-01-16,2023-02-23,4739142.03,3800000,1195771.43,29,78,Stalled,26.995623,89.38567,59077299dc3bbdd8,26.995075,89.386465,NORMAL
WRK00131,Telangana,Warangal,Secunderabad,LS,MP017,G. Krishna Reddy,Water Supply at Warangal Ward 2,Water Supply,PWD,V005,Golden Gate Contractors,2021-01-18,2021-02-16,3670178.8,3100000,2566064.77,74,17,In Progress,16.741623,79.318876,effa20023040413c,16.742162,79.319274,NORMAL
WRK00132,Arunachal Pradesh,Itanagar,Arunachal West,LS,MP014,Col. Tenzing Norbu,Water Supply at Itanagar Ward 25,Water Supply,DRDA,V002,Bharat Infra Works,2021-06-08,2021-07-26,2890541.21,3100000,2860675.37,100,0,Completed,28.63953,91.78719,3bfda8a6705fddf5,28.639587,91.787607,NORMAL
WRK00133,Tamil Nadu,Coimbatore,Chennai Central,LS,MP002,Priya Nair,Boundary Wall at Coimbatore Ward 29,Boundary Wall,DRDA,V008,Metro Build Solutions,2022-02-28,2022-04-25,1122654.04,900000,633759.62,61,7,In Progress,8.873606,78.972892,46707cd64ceda164,8.872975,78.973544,NORMAL
WRK00134,Maharashtra,Nashik,Nashik,LS,MP006,Meena Kulkarni,Sports Facility at Nashik Ward 5,Sports Facility,DRDA,V018,Prime Works Ltd,2022-10-17,2022-12-07,3668869.1,3500000,2100239.33,60,22,In Progress,16.405775,75.72462,d96e684f3db0174e,16.40538,75.725156,NORMAL
WRK00135,Bihar,Patna,Patna Sahib,LS,MP015,Dr. Sanjeev Kumar,Sports Facility at Patna Ward 9,Sports Facility,PWD,V015,Reliable Constructions,2023-03-20,2023-05-04,3552748.48,3500000,2239960.84,69,7,In Progress,25.356842,83.695352,891f691217abb863,25.357165,83.69486,NORMAL
WRK00136,Assam,Guwahati,Guwahati,LS,MP013,Bikash Barua,Road Construction at Guwahati Ward 16,Road Construction,Municipal Corporation,V007,Delta Infratech,2022-02-09,2022-03-21,2590742.89,2800000,2684151.93,100,0,Completed,25.282433,95.426663,bdd151b0f64ab6ec,25.281883,95.427457,NORMAL
WRK00137,West Bengal,Darjeeling,Howrah,LS,MP008,Anita Roy,School Building at Darjeeling Ward 24,School Building,ZP,V012,Bright Future Infra,2022-03-22,2022-05-06,4236341.86,4200000,2293026.21,56,12,In Progress,25.197712,87.064531,7f4d908ce1fff6c0,25.197663,87.065012,NORMAL
WRK00138,Himachal Pradesh,Mandi,Shimla,LS,MP016,Rohit Verma,School Building at Mandi Ward 13,School Building,Block Development Office,V019,City Developers,2023-04-16,2023-04-28,4192784.27,4200000,1784074.68,48,23,In Progress,31.082322,78.878178,4b91b8cb6ae66582,31.081822,78.877892,NORMAL
WRK00139,Punjab,Ludhiana,Amritsar,LS,MP019,Harpreet Singh,Anganwadi Centre at Ludhiana Ward 24,Anganwadi Centre,DRDA,V016,Star Infrastructure,2022-10-28,2022-11-23,2354565.43,2200000,0,0,0,Not Started,30.965863,76.04303,bb96f6022b115c36,30.966287,76.042476,NORMAL
WRK00140,Odisha,Puri,Bhubaneswar,LS,MP018,Soumya Das,School Building at Puri Ward 5,School Building,DRDA,V001,Sunrise Constructions Pvt Ltd,2021-03-19,2021-05-01,5110390.97,4200000,5248395.07,100,0,Completed,22.336903,85.476115,d7b102a92332a50e,22.337091,85.475444,NORMAL
WRK00141,Maharashtra,Mumbai,Pune North,LS,MP001,Arjun Sharma,Boundary Wall at Mumbai Ward 1,Boundary Wall,District Panchayat,V001,Sunrise Constructions Pvt Ltd,2021-03-16,2021-05-04,929163.48,900000,731521.59,81,21,In Progress,15.635707,77.178642,b8e19f568787ea21,15.635383,77.179355,NORMAL
WRK00142,Telangana,Karimnagar,Secunderabad,LS,MP017,G. Krishna Reddy,School Building at Karimnagar Ward 8,School Building,DRDA,V009,Heritage Contractors,2021-06-04,2021-07-17,3749787.6,4200000,3482764.51,100,0,Completed,17.95847,80.949986,5f804eeb143a9aff,17.95913,80.949924,NORMAL
WRK00143,West Bengal,Durgapur,Howrah,LS,MP008,Anita Roy,Road Construction at Durgapur Ward 28,Road Construction,DRDA,V003,National Build Corp,2021-02-19,2021-03-06,3112184.01,2800000,2050682.99,68,17,In Progress,25.129464,88.681665,6f14b3f6d867888b,25.129672,88.681397,NORMAL
WRK00144,Rajasthan,Ajmer,Jaipur Rural,LS,MP004,Sunita Devi,Road Construction at Ajmer Ward 7,Road Construction,Block Development Office,V019,City Developers,2023-08-05,2023-09-01,2637338.48,2800000,2403016.78,100,0,Completed,29.664211,77.413943,2dea2d2d086c405f,29.664827,77.413636,NORMAL
WRK00145,Punjab,Ludhiana,Amritsar,LS,MP019,Harpreet Singh,Drainage Works at Ludhiana Ward 2,Drainage Works,Block Development Office,V005,Golden Gate Contractors,2022-08-16,2022-09-05,2320944.95,1900000,1720169.96,69,21,In Progress,30.49519,76.142389,1413d64db962c8a7,30.495191,76.14318,NORMAL
WRK00146,Rajasthan,Kota,Jaipur Rural,LS,MP004,Sunita Devi,Water Supply at Kota Ward 8,Water Supply,District Panchayat,V011,Anand Construction,2022-10-12,2022-11-29,3674956.58,3100000,0,0,0,Not Started,29.87498,72.990987,45f8c28da255e1bb,29.875388,72.990905,NORMAL
WRK00147,Karnataka,Hubballi,Bengaluru South,LS,MP012,Anand Swaminathan,Drainage Works at Hubballi Ward 5,Drainage Works,District Panchayat,V003,National Build Corp,2023-02-03,2023-02-18,1756160.76,1900000,0,0,0,Not Started,13.567656,75.133669,277b06674499d0a6,13.567484,75.134089,NORMAL
WRK00148,Assam,Silchar,Guwahati,LS,MP013,Bikash Barua,Community Hall at Silchar Ward 3,Community Hall,ZP,V018,Prime Works Ltd,2020-12-13,2021-01-11,3391957.39,3800000,1617585.29,54,3,In Progress,24.830828,92.527715,1a7167c768759545,24.830147,92.527484,NORMAL
WRK00149,Uttarakhand,Nainital,Garhwal,LS,MP020,Vikramaditya Rawat,Drainage Works at Nainital Ward 9,Drainage Works,ZP,V008,Metro Build Solutions,2023-03-25,2023-04-28,1624378.87,1900000,0,0,0,Not Started,30.657078,79.558378,2b69c95e85671b58,30.657344,79.557826,NORMAL
WRK00150,Rajasthan,Udaipur,Jodhpur,LS,MP010,Kavita Joshi,Anganwadi Centre at Udaipur Ward 4,Anganwadi Centre,Block Development Office,V008,Metro Build Solutions,2021-11-02,2021-12-09,1998422.64,2200000,1888435.13,100,0,Completed,28.6352,72.677899,7eece88da002352a,28.635335,72.6774,NORMAL
WRK00151,West Bengal,Durgapur,Kolkata South,LS,MP005,Deepak Chatterjee,Road Construction at Durgapur Ward 16,Road Construction,Municipal Corporation,V020,Horizon Build Co,2022-09-24,2022-11-12,3442682.28,2800000,1992914.08,62,14,In Progress,26.14821,89.323985,52171c884ce953a7,26.148358,89.324298,NORMAL
WRK00152,Gujarat,Surat,Ahmedabad East,LS,MP011,Rameshwar Patel,Drainage Works at Surat Ward 18,Drainage Works,PWD,V013,Durga Projects,2022-06-24,2022-08-20,2351231.17,1900000,1916383.32,82,30,In Progress,21.215152,70.506754,ee9bf3e11d27c09a,21.215244,70.506896,NORMAL
WRK00153,Maharashtra,Aurangabad,Nashik,LS,MP006,Meena Kulkarni,Road Construction at Aurangabad Ward 22,Road Construction,Block Development Office,V014,Kumar & Associates,2023-06-10,2023-08-04,3447365.16,2800000,3515115.64,100,0,Completed,20.088922,73.174017,23a13e207fd255ee,20.089114,73.173622,NORMAL
WRK00154,West Bengal,Siliguri,Kolkata South,LS,MP005,Deepak Chatterjee,Drainage Works at Siliguri Ward 3,Drainage Works,Block Development Office,V012,Bright Future Infra,2023-07-24,2023-09-09,1671213.5,1900000,1516262.53,84,29,In Progress,25.442741,88.028945,cff2b1c4e53f9644,25.442794,88.029165,NORMAL
WRK00155,Rajasthan,Jodhpur,Jaipur Rural,LS,MP004,Sunita Devi,Community Hall at Jodhpur Ward 19,Community Hall,Municipal Corporation,V009,Heritage Contractors,2021-02-14,2021-04-01,3482834.51,3800000,1140380.18,30,72,Stalled,26.09928,69.59282,bf31c29f82bbad84,26.099307,69.592949,NORMAL
WRK00156,West Bengal,Siliguri,Howrah,LS,MP008,Anita Roy,Community Hall at Siliguri Ward 7,Community Hall,Block Development Office,V004,Pioneer Projects Ltd,2023-10-03,2023-10-22,3824523.94,3800000,770685.89,23,15,In Progress,23.87106,89.743084,592c11072444d301,23.87079,89.743014,NORMAL
WRK00157,Telangana,Karimnagar,Secunderabad,LS,MP017,G. Krishna Reddy,Community Hall at Karimnagar Ward 24,Community Hall,Block Development Office,V011,Anand Construction,2023-04-22,2023-06-17,3953767.05,3800000,2194497.33,60,2,In Progress,19.121762,77.729392,ad5900dd1bff3142,19.122193,77.730046,NORMAL
WRK00158,West Bengal,Darjeeling,Howrah,LS,MP008,Anita Roy,School Building at Darjeeling Ward 19,School Building,DRDA,V014,Kumar & Associates,2022-09-25,2022-11-09,4497209.29,4200000,3728441.8,79,7,In Progress,25.089634,86.564186,bcc57be00779250a,25.089798,86.563706,NORMAL
WRK00159,Arunachal Pradesh,Ziro,Arunachal West,LS,MP014,Col. Tenzing Norbu,Road Construction at Ziro Ward 9,Road Construction,ZP,V004,Pioneer Projects Ltd,2022-01-30,2022-02-26,3169303.89,2800000,0,0,0,Not Started,28.945316,91.869126,5da49cb92fdc9992,28.945066,91.869056,NORMAL
WRK00160,Himachal Pradesh,Solan,Shimla,LS,MP016,Rohit Verma,Health Centre at Solan Ward 8,Health Centre,ZP,V010,Shree Ram Builders,2023-01-27,2023-03-15,6097214.66,5600000,5809412.34,100,0,Completed,31.673582,76.286594,15b24e1d97154633,31.673829,76.286278,NORMAL
WRK00161,Rajasthan,Jaipur,Jodhpur,LS,MP010,Kavita Joshi,School Building at Jaipur Ward 27,School Building,ZP,V006,Apex Construction Co,2021-09-05,2021-10-17,4197154.2,4200000,1468975.31,37,18,In Progress,24.337427,75.092414,7d592e192ab7b2ef,24.337123,75.09192,NORMAL
WRK00162,Bihar,Patna,Patna Sahib,LS,MP015,Dr. Sanjeev Kumar,Community Hall at Patna Ward 6,Community Hall,Block Development Office,V014,Kumar & Associates,2023-09-02,2023-09-20,4676799.76,3800000,4478464.29,100,0,Completed,26.097063,86.565349,6a66c1847de1bf5d,26.097365,86.565259,NORMAL
WRK00163,Uttar Pradesh,Prayagraj,Varanasi East,LS,MP003,Rajesh Gupta,Road Construction at Prayagraj Ward 19,Road Construction,Block Development Office,V019,City Developers,2022-02-28,2022-03-28,3271386.6,2800000,3054580.4,100,0,Completed,25.776357,83.033626,c4134dc2c5c5ae8a,25.77635,83.033643,NORMAL
WRK00164,Rajasthan,Udaipur,Jaipur Rural,LS,MP004,Sunita Devi,Sports Facility at Udaipur Ward 25,Sports Facility,Municipal Corporation,V018,Prime Works Ltd,2022-12-09,2023-01-22,4127595.93,3500000,0,0,0,Not Started,23.299596,75.827026,6cd6f011fd61f13b,23.299025,75.827543,NORMAL
WRK00165,West Bengal,Durgapur,Howrah,LS,MP008,Anita Roy,Road Construction at Durgapur Ward 26,Road Construction,Block Development Office,V012,Bright Future Infra,2022-11-30,2022-12-15,2883700.22,2800000,1062759.69,35,24,In Progress,22.696306,88.824213,a1fd41879c3a1e0b,22.696203,88.824394,NORMAL
WRK00166,Uttar Pradesh,Varanasi,Lucknow West,LS,MP007,Vinod Tiwari,Road Construction at Varanasi Ward 14,Road Construction,Block Development Office,V017,United Builders,2023-11-30,2023-12-27,3018483.27,2800000,1354838.72,41,10,In Progress,25.802126,81.45279,1860ad28d0afb235,25.801602,81.453189,NORMAL
WRK00167,Tamil Nadu,Madurai,Chennai Central,LS,MP002,Priya Nair,Bridge Construction at Madurai Ward 13,Bridge Construction,DRDA,V013,Durga Projects,2021-09-04,2021-09-29,9609850.19,8500000,9113160.34,100,0,Completed,9.436796,79.742934,93d228d424655c39,9.436986,79.74312,NORMAL
WRK00168,Bihar,Patna,Patna Sahib,LS,MP015,Dr. Sanjeev Kumar,Road Construction at Patna Ward 28,Road Construction,Block Development Office,V003,National Build Corp,2022-05-31,2022-07-24,2831192.87,2800000,862148.58,28,88,Stalled,25.347326,83.312365,755cee2af8ded777,25.34752,83.312679,NORMAL
WRK00169,Uttar Pradesh,Prayagraj,Varanasi East,LS,MP003,Rajesh Gupta,Drainage Works at Prayagraj Ward 21,Drainage Works,PWD,V016,Star Infrastructure,2023-05-07,2023-05-30,1780550.75,1900000,1000220.72,61,26,In Progress,27.457518,78.092516,aebbb90ee4e751de,27.457895,78.091781,NORMAL
WRK00170,Bihar,Patna,Patna Sahib,LS,MP015,Dr. Sanjeev Kumar,Bridge Construction at Patna Ward 12,Bridge Construction,Municipal Corporation,V010,Shree Ram Builders,2021-10-13,2021-11-20,10385071.78,8500000,8445175.71,74,6,In Progress,27.210103,87.710739,eec71a30dfda35b2,27.210644,87.710082,NORMAL
WRK00171,Tamil Nadu,Chennai,Coimbatore North,LS,MP009,Suresh Pillai,Community Hall at Chennai Ward 17,Community Hall,District Panchayat,V004,Pioneer Projects Ltd,2021-11-22,2021-12-05,4240053.39,3800000,2563822.92,59,23,In Progress,9.364377,78.953038,7a10013f36a2c52b,9.36377,78.953174,NORMAL
WRK00172,Bihar,Patna,Patna Sahib,LS,MP015,Dr. Sanjeev Kumar,Road Construction at Patna Ward 27,Road Construction,PWD,V004,Pioneer Projects Ltd,2021-07-29,2021-09-04,3159068.76,2800000,2321478.77,81,2,In Progress,24.585859,87.329784,e1887eaf5e1885c3,24.58557,87.329599,NORMAL
WRK00173,West Bengal,Howrah,Kolkata South,LS,MP005,Deepak Chatterjee,Road Construction at Howrah Ward 4,Road Construction,ZP,V014,Kumar & Associates,2020-11-30,2021-01-18,2974169.27,2800000,2329554.02,76,11,In Progress,25.080056,86.420634,714011a1afc2ccfc,25.080573,86.419978,NORMAL
WRK00174,West Bengal,Kolkata,Kolkata South,LS,MP005,Deepak Chatterjee,Cremation Ground at Kolkata Ward 28,Cremation Ground,Block Development Office,V020,Horizon Build Co,2022-11-14,2022-12-21,2398207.69,2100000,815677.22,37,7,In Progress,21.980218,88.068926,48f091f09b8b38ae,21.980619,88.069221,NORMAL
WRK00175,Rajasthan,Jodhpur,Jodhpur,LS,MP010,Kavita Joshi,Boundary Wall at Jodhpur Ward 1,Boundary Wall,Municipal Corporation,V004,Pioneer Projects Ltd,2021-11-26,2022-01-22,983493.67,900000,274753.04,26,25,In Progress,29.873635,73.855012,a3595d1f7fe4a42e,29.87377,73.855059,NORMAL
WRK00176,Karnataka,Mangaluru,Bengaluru South,LS,MP012,Anand Swaminathan,Bridge Construction at Mangaluru Ward 26,Bridge Construction,District Panchayat,V019,City Developers,2023-04-09,2023-05-12,8540250.05,8500000,3471240.45,42,24,In Progress,18.411564,74.335762,431e930f0387f74d,18.411155,74.336402,NORMAL
WRK00177,Assam,Silchar,Guwahati,LS,MP013,Bikash Barua,Boundary Wall at Silchar Ward 21,Boundary Wall,ZP,V005,Golden Gate Contractors,2023-03-25,2023-05-18,1041159.6,900000,353630.6,39,8,In Progress,24.408184,95.501827,6406face53a5e850,24.408308,95.502242,NORMAL
WRK00178,Uttar Pradesh,Agra,Varanasi East,LS,MP003,Rajesh Gupta,Drainage Works at Agra Ward 1,Drainage Works,PWD,V002,Bharat Infra Works,2022-04-21,2022-05-04,2169768.37,1900000,2253725.74,100,0,Completed,24.653913,81.753456,bddfa03aaa8430f8,24.65414,81.752943,NORMAL
WRK00179,West Bengal,Kolkata,Kolkata South,LS,MP005,Deepak Chatterjee,School Building at Kolkata Ward 9,School Building,District Panchayat,V004,Pioneer Projects Ltd,2022-10-30,2022-12-12,4403973.73,4200000,2200985.84,53,5,In Progress,25.773725,89.381186,ce9e9ebd55c34853,25.773623,89.381224,NORMAL
WRK00180,Punjab,Amritsar,Amritsar,LS,MP019,Harpreet Singh,Anganwadi Centre at Amritsar Ward 1,Anganwadi Centre,Municipal Corporation,V004,Pioneer Projects Ltd,2022-12-26,2023-01-08,2270574.04,2200000,827906.41,41,11,In Progress,31.819987,76.572232,82425912bda3c162,31.819272,76.572839,NORMAL
WRK00181,West Bengal,Kolkata,Howrah,LS,MP008,Anita Roy,Anganwadi Centre at Kolkata Ward 27,Anganwadi Centre,PWD,V008,Metro Build Solutions,2021-10-14,2021-11-04,2190299.32,2200000,161106.42,7,100,Stalled,25.569919,88.488384,6a8fcacb3f8e2d0d,25.570517,88.488097,NORMAL
WRK00182,Uttar Pradesh,Prayagraj,Varanasi East,LS,MP003,Rajesh Gupta,Community Hall at Prayagraj Ward 15,Community Hall,PWD,V015,Reliable Constructions,2021-03-28,2021-04-18,3411489.41,3800000,3334274.17,100,0,Completed,24.198536,80.147029,d847dc53c605e58a,24.198264,80.146377,NORMAL
WRK00183,Maharashtra,Nagpur,Pune North,LS,MP001,Arjun Sharma,School Building at Nagpur Ward 1,School Building,Block Development Office,V007,Delta Infratech,2022-07-20,2022-09-15,4059879.75,4200000,3200642.58,79,11,In Progress,18.264148,79.01269,8beb4e78e68373a3,18.264522,79.012304,NORMAL
WRK00184,Arunachal Pradesh,Itanagar,Arunachal West,LS,MP014,Col. Tenzing Norbu,Water Supply at Itanagar Ward 2,Water Supply,Municipal Corporation,V004,Pioneer Projects Ltd,2020-12-20,2021-01-20,3306516.05,3100000,3301872.3,100,0,Completed,29.062117,95.790569,fbad793f87a1ec02,29.061741,95.790556,NORMAL
WRK00185,West Bengal,Durgapur,Kolkata South,LS,MP005,Deepak Chatterjee,Road Construction at Durgapur Ward 14,Road Construction,Block Development Office,V005,Golden Gate Contractors,2022-03-08,2022-04-20,2429168.3,2800000,1779943.75,67,14,In Progress,21.983944,86.191866,64f434d6d1e91691,21.983333,86.191971,NORMAL
WRK00186,West Bengal,Howrah,Kolkata South,LS,MP005,Deepak Chatterjee,Health Centre at Howrah Ward 11,Health Centre,ZP,V005,Golden Gate Contractors,2022-09-03,2022-10-08,5344619.7,5600000,3140207.64,61,10,In Progress,22.831584,89.668574,27c8fc6c1be5a4c3,22.831017,89.668495,NORMAL
WRK00187,Arunachal Pradesh,Itanagar,Arunachal West,LS,MP014,Col. Tenzing Norbu,Sports Facility at Itanagar Ward 23,Sports Facility,District Panchayat,V020,Horizon Build Co,2022-01-23,2022-03-02,3476602.42,3500000,1621447.55,53,27,In Progress,27.057085,95.547724,d5ff2a1f370b9a29,27.057598,95.547156,NORMAL
WRK00188,West Bengal,Durgapur,Howrah,LS,MP008,Anita Roy,Drainage Works at Durgapur Ward 26,Drainage Works,ZP,V015,Reliable Constructions,2022-08-10,2022-09-05,2005229.35,1900000,0,0,0,Not Started,22.491046,89.703596,8cd4b90abf8211bc,22.490686,89.703537,NORMAL
WRK00189,West Bengal,Kolkata,Kolkata South,LS,MP005,Deepak Chatterjee,Road Construction at Kolkata Ward 3,Road Construction,ZP,V003,National Build Corp,2022-03-14,2022-04-01,2449069.49,2800000,2351320.44,100,0,Completed,25.411826,89.644057,424211e2960be0f4,25.412426,89.643381,NORMAL
WRK00190,Uttar Pradesh,Kanpur,Lucknow West,LS,MP007,Vinod Tiwari,Bridge Construction at Kanpur Ward 7,Bridge Construction,DRDA,V013,Durga Projects,2022-10-25,2022-11-11,7537727.37,8500000,7305182.74,100,0,Completed,24.99193,81.46152,61fa8e7a078c26ce,24.992193,81.461001,NORMAL
WRK00191,Maharashtra,Nagpur,Nashik,LS,MP006,Meena Kulkarni,Water Supply at Nagpur Ward 29,Water Supply,District Panchayat,V002,Bharat Infra Works,2021-10-20,2021-11-01,3188054.17,3100000,1501974.92,51,20,In Progress,17.824758,77.170716,620d4a1f479f6628,17.824237,77.170262,NORMAL
WRK00192,Telangana,Warangal,Secunderabad,LS,MP017,G. Krishna Reddy,Sports Facility at Warangal Ward 1,Sports Facility,DRDA,V011,Anand Construction,2022-12-25,2023-02-23,4087784.74,3500000,3461293.34,81,17,In Progress,17.21054,79.801995,2e0869c1453b45fe,17.209859,79.802141,NORMAL
WRK00193,Tamil Nadu,Chennai,Coimbatore North,LS,MP009,Suresh Pillai,Anganwadi Centre at Chennai Ward 30,Anganwadi Centre,Municipal Corporation,V002,Bharat Infra Works,2022-04-02,2022-04-22,2335900.42,2200000,2332465.86,100,0,Completed,9.539246,79.628398,d8b48ead93608edf,9.53994,79.628235,NORMAL
WRK00194,Maharashtra,Mumbai,Nashik,LS,MP006,Meena Kulkarni,Water Supply at Mumbai Ward 18,Water Supply,Municipal Corporation,V019,City Developers,2022-11-19,2023-01-05,3369724.19,3100000,3386856.27,100,0,Completed,20.716817,77.277934,fcedf994d631c383,20.717263,77.278657,NORMAL
WRK00195,Rajasthan,Jodhpur,Jodhpur,LS,MP010,Kavita Joshi,Anganwadi Centre at Jodhpur Ward 11,Anganwadi Centre,PWD,V005,Golden Gate Contractors,2021-04-02,2021-04-26,1903408.09,2200000,405976.76,22,16,In Progress,25.388485,74.904386,2d6e0291b7893986,25.389087,74.904934,NORMAL
WRK00196,Tamil Nadu,Chennai,Chennai Central,LS,MP002,Priya Nair,Bridge Construction at Chennai Ward 6,Bridge Construction,ZP,V013,Durga Projects,2021-08-20,2021-10-18,9219471.2,8500000,9025348.15,100,0,Completed,10.070405,76.504633,5628ddcd19dd3e8c,10.07012,76.504102,NORMAL
WRK00197,Arunachal Pradesh,Ziro,Arunachal West,LS,MP014,Col. Tenzing Norbu,Health Centre at Ziro Ward 19,Health Centre,Block Development Office,V001,Sunrise Constructions Pvt Ltd,2022-12-08,2023-01-01,5150213.98,5600000,2004547.95,42,12,In Progress,28.596645,92.251355,92a54d04f2dde1f5,28.596489,92.252164,NORMAL
WRK00198,Tamil Nadu,Coimbatore,Chennai Central,LS,MP002,Priya Nair,Library Building at Coimbatore Ward 22,Library Building,Municipal Corporation,V011,Anand Construction,2022-02-07,2022-03-29,4006875.74,4100000,3102193.11,83,4,In Progress,8.520156,77.656603,e2a45909a2dd22d5,8.520822,77.65707,NORMAL
WRK00199,Gujarat,Rajkot,Ahmedabad East,LS,MP011,Rameshwar Patel,Road Construction at Rajkot Ward 16,Road Construction,DRDA,V013,Durga Projects,2022-04-03,2022-05-27,2677037.93,2800000,2512396.59,100,0,Completed,20.596959,68.108199,6b6e64c5bb8aa843,20.597633,68.108789,NORMAL
WRK00200,Assam,Silchar,Guwahati,LS,MP013,Bikash Barua,Sports Facility at Silchar Ward 29,Sports Facility,PWD,V001,Sunrise Constructions Pvt Ltd,2023-07-11,2023-09-09,3500486.6,3500000,640365.55,19,50,Stalled,27.216859,89.910501,f3a0212042d943ee,27.216291,89.910245,NORMAL
WRK00201,Assam,Dibrugarh,Guwahati,LS,MP013,Bikash Barua,Road Construction at Dibrugarh Ward 14,Road Construction,Municipal Corporation,V014,Kumar & Associates,2021-06-09,2021-07-10,2992691.81,2800000,2079250.82,81,22,In Progress,27.775525,90.739482,19ec08290db5d441,27.775282,90.740253,NORMAL
WRK00202,Odisha,Rourkela,Bhubaneswar,LS,MP018,Soumya Das,Health Centre at Rourkela Ward 10,Health Centre,DRDA,V020,Horizon Build Co,2021-07-03,2021-07-16,5426177.45,5600000,3842675.05,82,4,In Progress,17.818315,81.934533,18d42238331de35c,17.817633,81.934036,NORMAL
WRK00203,Uttar Pradesh,Kanpur,Varanasi East,LS,MP003,Rajesh Gupta,Bridge Construction at Kanpur Ward 9,Bridge Construction,PWD,V013,Durga Projects,2023-02-14,2023-03-26,8273401.56,8500000,4430797.83,53,2,In Progress,26.418926,79.919756,721e54192fc3e649,26.418271,79.919659,NORMAL
WRK00204,West Bengal,Durgapur,Howrah,LS,MP008,Anita Roy,Cremation Ground at Durgapur Ward 19,Cremation Ground,DRDA,V017,United Builders,2021-07-03,2021-07-18,1836777.07,2100000,1319082.85,72,24,In Progress,24.655531,89.247268,891778e8f7336094,24.6558,89.247958,NORMAL
WRK00205,West Bengal,Siliguri,Howrah,LS,MP008,Anita Roy,Health Centre at Siliguri Ward 22,Health Centre,Municipal Corporation,V006,Apex Construction Co,2021-01-30,2021-03-13,4936859.31,5600000,2039807.62,38,3,In Progress,24.059526,89.691152,31567f2acef74829,24.058989,89.691031,NORMAL
WRK00206,Arunachal Pradesh,Tawang,Arunachal West,LS,MP014,Col. Tenzing Norbu,Bridge Construction at Tawang Ward 20,Bridge Construction,ZP,V009,Heritage Contractors,2022-05-14,2022-06-13,10060967.6,8500000,857518.71,9,41,Stalled,27.752329,93.424148,eacb1f6d7549c9f9,27.752866,93.424613,NORMAL
WRK00207,Punjab,Patiala,Amritsar,LS,MP019,Harpreet Singh,Bridge Construction at Patiala Ward 19,Bridge Construction,PWD,V018,Prime Works Ltd,2021-09-15,2021-10-31,8634104.16,8500000,2421441.29,32,29,In Progress,31.838634,76.235811,693016eae0bda1ee,31.838295,76.236073,NORMAL
WRK00208,Uttarakhand,Rishikesh,Garhwal,LS,MP020,Vikramaditya Rawat,Road Construction at Rishikesh Ward 11,Road Construction,Block Development Office,V002,Bharat Infra Works,2023-03-18,2023-04-06,2572863.7,2800000,1733475.18,71,1,In Progress,31.073186,80.016798,ebbbd76379a7e63b,31.072853,80.016584,NORMAL
WRK00209,Rajasthan,Udaipur,Jodhpur,LS,MP010,Kavita Joshi,Water Supply at Udaipur Ward 7,Water Supply,Block Development Office,V009,Heritage Contractors,2021-06-27,2021-07-21,3680129.75,3100000,3849904.86,100,0,Completed,26.190396,76.767245,9adfe9816ab19e15,26.190605,76.766745,NORMAL
WRK00210,Arunachal Pradesh,Ziro,Arunachal West,LS,MP014,Col. Tenzing Norbu,Boundary Wall at Ziro Ward 6,Boundary Wall,Municipal Corporation,V013,Durga Projects,2021-03-15,2021-04-26,1077188.03,900000,0,0,0,Not Started,26.790289,95.686459,d9ee7dc9c7cfeca8,26.790324,95.68657,NORMAL
WRK00211,Uttar Pradesh,Varanasi,Lucknow West,LS,MP007,Vinod Tiwari,Road Construction at Varanasi Ward 6,Road Construction,Block Development Office,V004,Pioneer Projects Ltd,2023-07-11,2023-07-24,2659429.09,2800000,425920.75,17,65,Stalled,26.91742,80.116761,3defa7ba07d2fd4d,26.917237,80.116913,NORMAL
WRK00212,Himachal Pradesh,Solan,Shimla,LS,MP016,Rohit Verma,Sports Facility at Solan Ward 14,Sports Facility,Municipal Corporation,V007,Delta Infratech,2021-11-05,2021-12-01,3464663.86,3500000,920309.7,31,9,In Progress,30.448953,78.602993,39a0f145a5bab050,30.449208,78.602608,NORMAL
WRK00213,Telangana,Hyderabad,Secunderabad,LS,MP017,G. Krishna Reddy,Road Construction at Hyderabad Ward 13,Road Construction,Block Development Office,V010,Shree Ram Builders,2021-08-08,2021-09-28,2910988.87,2800000,2969586.26,100,0,Completed,16.717457,79.998382,b599277ff78ee9e8,16.717662,79.998268,NORMAL
WRK00214,Karnataka,Hubballi,Bengaluru South,LS,MP012,Anand Swaminathan,Water Supply at Hubballi Ward 4,Water Supply,ZP,V012,Bright Future Infra,2022-07-20,2022-09-11,2905579.23,3100000,1780842.93,70,18,In Progress,15.080596,77.046835,98017a2fa5b83693,15.080753,77.046535,NORMAL
WRK00215,Himachal Pradesh,Shimla,Shimla,LS,MP016,Rohit Verma,Health Centre at Shimla Ward 26,Health Centre,ZP,V005,Golden Gate Contractors,2022-10-01,2022-10-28,6973928.56,5600000,7020403.28,100,0,Completed,32.977121,76.71589,3d846fc9c3f62136,32.977695,76.716413,NORMAL
WRK00216,Uttarakhand,Rishikesh,Garhwal,LS,MP020,Vikramaditya Rawat,Health Centre at Rishikesh Ward 23,Health Centre,Block Development Office,V019,City Developers,2021-01-02,2021-02-22,6284892.88,5600000,3857258.09,57,8,In Progress,29.792417,80.178562,92715f6efea82e3a,29.792871,80.178302,NORMAL
WRK00217,West Bengal,Darjeeling,Howrah,LS,MP008,Anita Roy,Anganwadi Centre at Darjeeling Ward 30,Anganwadi Centre,Municipal Corporation,V016,Star Infrastructure,2022-11-24,2023-01-05,2667743.32,2200000,1109529.13,41,26,In Progress,24.682014,87.004515,423701f1bdacdc5e,24.682338,87.004608,NORMAL
WRK00218,Maharashtra,Nagpur,Nashik,LS,MP006,Meena Kulkarni,Road Construction at Nagpur Ward 20,Road Construction,DRDA,V004,Pioneer Projects Ltd,2022-02-05,2022-04-03,2628923.93,2800000,768448.63,31,72,Stalled,18.762082,76.449213,ddcbf4bc0dbdc5da,18.762275,76.449335,NORMAL
WRK00219,Uttar Pradesh,Kanpur,Varanasi East,LS,MP003,Rajesh Gupta,School Building at Kanpur Ward 15,School Building,PWD,V007,Delta Infratech,2023-01-09,2023-02-21,4410801.99,4200000,4005490.29,100,0,Completed,29.452559,78.143976,fcb896bb68c0cbef,29.452659,78.144647,NORMAL
WRK00220,West Bengal,Durgapur,Kolkata South,LS,MP005,Deepak Chatterjee,School Building at Durgapur Ward 3,School Building,ZP,V006,Apex Construction Co,2023-08-26,2023-09-26,4878621.18,4200000,2066693.17,42,10,In Progress,21.526867,86.921464,288f3435c3b534db,21.526852,86.921871,NORMAL
WRK00221,West Bengal,Darjeeling,Kolkata South,LS,MP005,Deepak Chatterjee,Drainage Works at Darjeeling Ward 1,Drainage Works,PWD,V001,Sunrise Constructions Pvt Ltd,2023-03-01,2023-04-07,2096450.53,1900000,522509.03,29,30,Stalled,22.636661,87.329716,d54e7948c1c0c5e3,22.636706,87.328965,NORMAL
WRK00222,West Bengal,Howrah,Howrah,LS,MP008,Anita Roy,Community Hall at Howrah Ward 22,Community Hall,Block Development Office,V015,Reliable Constructions,2021-06-26,2021-07-30,3704380.24,3800000,1893419.26,59,5,In Progress,21.760595,89.6887,98abb2e785319f0f,21.76063,89.688597,NORMAL
WRK00223,West Bengal,Durgapur,Kolkata South,LS,MP005,Deepak Chatterjee,Anganwadi Centre at Durgapur Ward 26,Anganwadi Centre,ZP,V001,Sunrise Constructions Pvt Ltd,2022-01-01,2022-01-21,2186140.78,2200000,594917.49,30,32,Stalled,25.644862,86.337944,2b429596812faa38,25.64432,86.338281,NORMAL
WRK00224,Tamil Nadu,Salem,Chennai Central,LS,MP002,Priya Nair,Water Supply at Salem Ward 7,Water Supply,DRDA,V015,Reliable Constructions,2021-02-21,2021-04-10,3591349.58,3100000,418368.16,11,113,Stalled,8.360469,76.686317,8c1ab2c71fa3ed1f,8.360114,76.68661,NORMAL
WRK00225,Maharashtra,Nagpur,Pune North,LS,MP001,Arjun Sharma,Drainage Works at Nagpur Ward 7,Drainage Works,PWD,V004,Pioneer Projects Ltd,2023-11-05,2023-12-02,2117865.08,1900000,828795.53,37,13,In Progress,16.166537,78.56576,c8e609391d2fed2a,16.165971,78.565309,NORMAL
WRK00226,Tamil Nadu,Trichy,Coimbatore North,LS,MP009,Suresh Pillai,School Building at Trichy Ward 4,School Building,PWD,V016,Star Infrastructure,2023-03-23,2023-04-20,4171308.69,4200000,4097146.22,100,0,Completed,13.015926,79.090456,00b3700f3c088990,13.015226,79.08985,NORMAL
WRK00227,Punjab,Patiala,Amritsar,LS,MP019,Harpreet Singh,Bridge Construction at Patiala Ward 2,Bridge Construction,PWD,V010,Shree Ram Builders,2023-10-31,2023-11-14,10453116.45,8500000,3057237.27,32,28,In Progress,30.193481,76.864864,0cd20e4376dae194,30.192906,76.864323,NORMAL
WRK00228,Rajasthan,Udaipur,Jodhpur,LS,MP010,Kavita Joshi,Health Centre at Udaipur Ward 12,Health Centre,DRDA,V012,Bright Future Infra,2021-08-10,2021-08-26,5714229.26,5600000,425195.67,7,31,Stalled,27.776156,71.000508,9f2ebefcf480b91e,27.775823,71.000887,NORMAL
WRK00229,Gujarat,Surat,Ahmedabad East,LS,MP011,Rameshwar Patel,Bridge Construction at Surat Ward 24,Bridge Construction,Block Development Office,V014,Kumar & Associates,2023-06-27,2023-07-24,8587643.55,8500000,0,0,0,Not Started,23.273551,71.160768,cc0243c6e2d903c8,23.273072,71.160193,NORMAL
WRK00230,Tamil Nadu,Coimbatore,Chennai Central,LS,MP002,Priya Nair,Bridge Construction at Coimbatore Ward 2,Bridge Construction,DRDA,V005,Golden Gate Contractors,2023-08-01,2023-09-16,8639494.24,8500000,3510427.02,43,19,In Progress,10.036434,76.321028,7cf59d5feb9f33cb,10.035878,76.320899,NORMAL
WRK00231,Uttar Pradesh,Agra,Varanasi East,LS,MP003,Rajesh Gupta,Health Centre at Agra Ward 22,Health Centre,District Panchayat,V020,Horizon Build Co,2023-10-13,2023-12-11,4787686.88,5600000,2338216.85,48,30,In Progress,26.098954,81.075584,a9660a5a6ecf1ed2,26.09928,81.075555,NORMAL
WRK00232,Assam,Dibrugarh,Guwahati,LS,MP013,Bikash Barua,Sports Facility at Dibrugarh Ward 17,Sports Facility,DRDA,V003,National Build Corp,2021-04-12,2021-04-22,4223886.63,3500000,1794664.2,40,16,In Progress,27.422297,95.177318,3dab161452150ed8,27.422054,95.176959,NORMAL
WRK00233,West Bengal,Darjeeling,Howrah,LS,MP008,Anita Roy,Drainage Works at Darjeeling Ward 18,Drainage Works,Block Development Office,V016,Star Infrastructure,2022-04-12,2022-04-27,1921490.52,1900000,1574456.7,77,2,In Progress,24.048288,86.286698,048c8480a7437402,24.047717,86.28656,NORMAL
WRK00234,Odisha,Bhubaneswar,Bhubaneswar,LS,MP018,Soumya Das,Road Construction at Bhubaneswar Ward 22,Road Construction,PWD,V015,Reliable Constructions,2022-08-05,2022-09-16,3266797.28,2800000,2383019.4,78,30,In Progress,21.761493,86.381191,c47566bf8f660bbd,21.761665,86.381149,NORMAL
WRK00235,Karnataka,Hubballi,Bengaluru South,LS,MP012,Anand Swaminathan,Bridge Construction at Hubballi Ward 4,Bridge Construction,DRDA,V006,Apex Construction Co,2022-03-21,2022-03-31,7556285.88,8500000,4223078.78,57,17,In Progress,16.414672,74.210579,d26404b923f47a55,16.414984,74.210911,NORMAL
WRK00236,Tamil Nadu,Trichy,Coimbatore North,LS,MP009,Suresh Pillai,School Building at Trichy Ward 17,School Building,District Panchayat,V019,City Developers,2023-02-21,2023-03-16,3885072.91,4200000,1597435.88,44,22,In Progress,12.188606,76.395302,e44a0371c5ab4e57,12.188535,76.395535,NORMAL
WRK00237,West Bengal,Siliguri,Kolkata South,LS,MP005,Deepak Chatterjee,Road Construction at Siliguri Ward 20,Road Construction,Block Development Office,V006,Apex Construction Co,2021-02-24,2021-04-10,2974008.07,2800000,1088024.88,35,95,Stalled,26.688034,88.636453,20dda0ffd0b3d752,26.687464,88.636706,NORMAL
WRK00238,Gujarat,Kutch,Ahmedabad East,LS,MP011,Rameshwar Patel,Drainage Works at Kutch Ward 24,Drainage Works,PWD,V017,United Builders,2022-04-27,2022-05-24,1933185.21,1900000,1173101.63,63,9,In Progress,20.71351,70.741571,b3952193d7d3b9d9,20.713579,70.741285,NORMAL
WRK00239,Odisha,Cuttack,Bhubaneswar,LS,MP018,Soumya Das,School Building at Cuttack Ward 19,School Building,Block Development Office,V011,Anand Construction,2022-06-27,2022-08-19,3922317.33,4200000,1429715.16,36,22,In Progress,22.399967,84.47375,c2c226ff1d8b32d9,22.399755,84.473719,NORMAL
WRK00240,Arunachal Pradesh,Pasighat,Arunachal West,LS,MP014,Col. Tenzing Norbu,Drainage Works at Pasighat Ward 26,Drainage Works,PWD,V006,Apex Construction Co,2023-11-21,2023-12-07,2229311.63,1900000,2054977.25,100,0,Completed,28.543737,92.679424,4024c424aef2ab2f,28.543229,92.678707,NORMAL
WRK00241,Rajasthan,Jodhpur,Jodhpur,LS,MP010,Kavita Joshi,Sports Facility at Jodhpur Ward 26,Sports Facility,Block Development Office,V010,Shree Ram Builders,2023-06-30,2023-07-16,3020228.94,3500000,1466787.27,48,23,In Progress,25.799984,73.996116,0c06df90aa1c4023,25.800597,73.995936,NORMAL
WRK00242,Gujarat,Kutch,Ahmedabad East,LS,MP011,Rameshwar Patel,Road Construction at Kutch Ward 7,Road Construction,ZP,V012,Bright Future Infra,2022-05-08,2022-05-30,2394521.07,2800000,1649475.93,76,26,In Progress,23.015427,72.641091,bd0b0fa28beef83f,23.015576,72.641522,NORMAL
WRK00243,Rajasthan,Kota,Jodhpur,LS,MP010,Kavita Joshi,School Building at Kota Ward 23,School Building,Municipal Corporation,V005,Golden Gate Contractors,2021-05-12,2021-06-02,5222201.58,4200000,1824589.38,37,45,Stalled,26.085256,74.398068,d89462e895801c3a,26.084904,74.397797,NORMAL
WRK00244,West Bengal,Kolkata,Kolkata South,LS,MP005,Deepak Chatterjee,Bridge Construction at Kolkata Ward 17,Bridge Construction,ZP,V011,Anand Construction,2021-02-15,2021-04-15,10382336.01,8500000,2610062.08,24,92,Stalled,24.635913,86.098811,f4fd25b7384f6e3b,24.635459,86.098128,NORMAL
WRK00245,Maharashtra,Nashik,Nashik,LS,MP006,Meena Kulkarni,Sports Facility at Nashik Ward 21,Sports Facility,ZP,V007,Delta Infratech,2021-06-06,2021-07-08,3726850.33,3500000,3473435.95,100,0,Completed,17.392171,75.594622,79903d9687cec69d,17.392885,75.59511,NORMAL
WRK00246,Maharashtra,Pune,Pune North,LS,MP001,Arjun Sharma,Community Hall at Pune Ward 12,Community Hall,Block Development Office,V018,Prime Works Ltd,2022-05-03,2022-05-15,3907414.21,3800000,2571780.7,61,12,In Progress,20.702933,75.80277,06531d4748677b30,20.703524,75.803265,NORMAL
WRK00247,Telangana,Karimnagar,Secunderabad,LS,MP017,G. Krishna Reddy,Anganwadi Centre at Karimnagar Ward 14,Anganwadi Centre,Municipal Corporation,V003,National Build Corp,2021-12-31,2022-01-30,1908589.46,2200000,667491.57,32,5,In Progress,18.970606,79.652747,a127dc6bab9b153d,18.970999,79.653302,NORMAL
WRK00248,Rajasthan,Jodhpur,Jaipur Rural,LS,MP004,Sunita Devi,Sports Facility at Jodhpur Ward 6,Sports Facility,DRDA,V001,Sunrise Constructions Pvt Ltd,2023-04-21,2023-06-11,4135248.14,3500000,0,0,0,Not Started,23.519268,75.537183,54eb4c91b784ae08,23.518604,75.536514,NORMAL
WRK00249,Tamil Nadu,Trichy,Coimbatore North,LS,MP009,Suresh Pillai,Road Construction at Trichy Ward 24,Road Construction,ZP,V004,Pioneer Projects Ltd,2022-03-17,2022-04-12,3023957.77,2800000,2214614.35,77,20,In Progress,9.808583,77.835908,a43447fb01829782,9.8089,77.835271,NORMAL
WRK00250,Punjab,Amritsar,Amritsar,LS,MP019,Harpreet Singh,Road Construction at Amritsar Ward 18,Road Construction,DRDA,V015,Reliable Constructions,2023-10-11,2023-10-27,2780624.16,2800000,2788637.36,100,0,Completed,31.319698,74.672704,d2769c9665262474,31.319929,74.67266,NORMAL
WRK00251,West Bengal,Howrah,Howrah,LS,MP008,Anita Roy,Drainage Works at Howrah Ward 1,Drainage Works,District Panchayat,V012,Bright Future Infra,2022-07-09,2022-08-28,2220545.53,1900000,2224083.65,100,0,Completed,26.710763,89.05957,dff0b9bf8db3c2c1,26.710842,89.058964,NORMAL
WRK00252,Punjab,Patiala,Amritsar,LS,MP019,Harpreet Singh,Sports Facility at Patiala Ward 7,Sports Facility,Municipal Corporation,V017,United Builders,2021-05-26,2021-06-24,3741535.63,3500000,3783495.35,100,0,Completed,31.677812,74.456385,2f1a25a829344e15,31.677411,74.45695,NORMAL
WRK00253,Rajasthan,Jodhpur,Jaipur Rural,LS,MP004,Sunita Devi,Cremation Ground at Jodhpur Ward 10,Cremation Ground,PWD,V016,Star Infrastructure,2023-06-13,2023-08-03,2500890.95,2100000,1235688.2,57,21,In Progress,23.707057,75.885185,20d2b5285b6d6b7c,23.707303,75.884768,NORMAL
WRK00254,Uttarakhand,Dehradun,Garhwal,LS,MP020,Vikramaditya Rawat,School Building at Dehradun Ward 23,School Building,DRDA,V011,Anand Construction,2023-06-11,2023-07-12,4103880.37,4200000,2411707.12,59,22,In Progress,30.22699,78.875727,013ca9982b2bf58c,30.226722,78.876202,NORMAL
WRK00255,Arunachal Pradesh,Pasighat,Arunachal West,LS,MP014,Col. Tenzing Norbu,Community Hall at Pasighat Ward 18,Community Hall,District Panchayat,V020,Horizon Build Co,2022-10-02,2022-11-11,3434144.87,3800000,2067833.13,65,24,In Progress,28.199848,92.537044,47d6723cd77fbeeb,28.200364,92.536457,NORMAL
WRK00256,Uttar Pradesh,Agra,Lucknow West,LS,MP007,Vinod Tiwari,Road Construction at Agra Ward 8,Road Construction,ZP,V018,Prime Works Ltd,2020-12-28,2021-02-08,3194716.41,2800000,2262598.62,71,24,In Progress,29.790973,81.292114,a766861778dbcde3,29.791369,81.291892,NORMAL
WRK00257,Punjab,Jalandhar,Amritsar,LS,MP019,Harpreet Singh,Bridge Construction at Jalandhar Ward 6,Bridge Construction,Block Development Office,V020,Horizon Build Co,2023-10-28,2023-11-12,8804983.88,8500000,7512081.91,84,0,In Progress,32.043946,76.300274,c1d841d32a74b90c,32.043966,76.300183,NORMAL
WRK00258,Punjab,Ludhiana,Amritsar,LS,MP019,Harpreet Singh,Anganwadi Centre at Ludhiana Ward 13,Anganwadi Centre,District Panchayat,V008,Metro Build Solutions,2021-02-28,2021-03-24,2696474.23,2200000,0,0,0,Not Started,30.19525,74.619507,34ef2552ab286d09,30.195276,74.619992,NORMAL
WRK00259,Himachal Pradesh,Kullu,Shimla,LS,MP016,Rohit Verma,Road Construction at Kullu Ward 3,Road Construction,Block Development Office,V013,Durga Projects,2022-10-10,2022-10-26,2424693.26,2800000,1380893.33,55,26,In Progress,32.035894,77.638545,5d8416e060e696ff,32.03602,77.63922,NORMAL
WRK00260,Telangana,Nizamabad,Secunderabad,LS,MP017,G. Krishna Reddy,Drainage Works at Nizamabad Ward 7,Drainage Works,DRDA,V005,Golden Gate Contractors,2022-02-18,2022-04-02,2354232.32,1900000,1579278.35,64,15,In Progress,19.437405,77.230349,3ae0acdb2a6524af,19.436797,77.230568,NORMAL
WRK00261,West Bengal,Howrah,Kolkata South,LS,MP005,Deepak Chatterjee,School Building at Howrah Ward 1,School Building,DRDA,V016,Star Infrastructure,2021-07-10,2021-08-31,4178534.55,4200000,4269108.02,100,0,Completed,25.605457,87.774218,973e129c35f0b1be,25.60497,87.774749,NORMAL
WRK00262,West Bengal,Kolkata,Howrah,LS,MP008,Anita Roy,Bridge Construction at Kolkata Ward 1,Bridge Construction,ZP,V006,Apex Construction Co,2021-11-08,2021-11-26,9174854.14,8500000,2277811.96,25,28,In Progress,21.818698,86.858865,67cbfc39f54f1b92,21.818841,86.858963,NORMAL
WRK00263,Rajasthan,Jaipur,Jodhpur,LS,MP010,Kavita Joshi,School Building at Jaipur Ward 11,School Building,ZP,V006,Apex Construction Co,2023-07-15,2023-08-24,4324661.65,4200000,4430851.71,100,0,Completed,27.326039,76.492621,82c41c54a8debd88,27.325701,76.492984,NORMAL
WRK00264,Bihar,Patna,Patna Sahib,LS,MP015,Dr. Sanjeev Kumar,Water Supply at Patna Ward 2,Water Supply,ZP,V005,Golden Gate Contractors,2021-09-12,2021-09-28,3103982.08,3100000,3036956.87,100,0,Completed,27.209886,86.721839,2d6b8a4e18a70609,27.209851,86.722024,NORMAL
WRK00265,Odisha,Bhubaneswar,Bhubaneswar,LS,MP018,Soumya Das,Road Construction at Bhubaneswar Ward 26,Road Construction,PWD,V014,Kumar & Associates,2021-08-07,2021-09-24,2920109.85,2800000,633333.11,20,28,In Progress,21.057085,84.032131,0b1ec578dff47c51,21.057369,84.032022,NORMAL
WRK00266,Himachal Pradesh,Kullu,Shimla,LS,MP016,Rohit Verma,Community Hall at Kullu Ward 23,Community Hall,ZP,V010,Shree Ram Builders,2021-06-13,2021-07-20,4125353.09,3800000,4008074.19,100,0,Completed,30.997539,78.620781,8b31f4d8e073c1d0,30.997408,78.62026,NORMAL
WRK00267,Maharashtra,Aurangabad,Pune North,LS,MP001,Arjun Sharma,Boundary Wall at Aurangabad Ward 9,Boundary Wall,PWD,V009,Heritage Contractors,2020-12-12,2021-01-15,807418.3,900000,455658.82,60,13,In Progress,16.435804,78.00808,893e2b89dadfc499,16.435694,78.007879,NORMAL
WRK00268,Assam,Dibrugarh,Guwahati,LS,MP013,Bikash Barua,Drainage Works at Dibrugarh Ward 8,Drainage Works,Block Development Office,V013,Durga Projects,2023-08-26,2023-09-16,2034599.76,1900000,1808093.72,81,8,In Progress,26.352839,94.577425,dae135862358755c,26.353362,94.576814,NORMAL
WRK00269,Bihar,Gaya,Patna Sahib,LS,MP015,Dr. Sanjeev Kumar,Bridge Construction at Gaya Ward 8,Bridge Construction,DRDA,V005,Golden Gate Contractors,2023-01-31,2023-04-01,7954157.68,8500000,1959043.33,26,5,In Progress,26.334805,87.321847,99a9af6aed054732,26.334712,87.321148,NORMAL
WRK00270,Karnataka,Bengaluru Urban,Bengaluru South,LS,MP012,Anand Swaminathan,Library Building at Bengaluru Urban Ward 30,Library Building,Block Development Office,V006,Apex Construction Co,2023-01-23,2023-02-27,3546918.75,4100000,2166792.0,56,22,In Progress,11.902241,77.558599,706078eb7e8eed12,11.901538,77.559114,NORMAL
WRK00271,Telangana,Nizamabad,Secunderabad,LS,MP017,G. Krishna Reddy,School Building at Nizamabad Ward 13,School Building,District Panchayat,V006,Apex Construction Co,2023-09-30,2023-11-12,3626463.71,4200000,1277226.98,41,21,In Progress,16.780952,77.201321,46a3cc71ff2f6883,16.781354,77.201101,NORMAL
WRK00272,Assam,Dibrugarh,Guwahati,LS,MP013,Bikash Barua,Boundary Wall at Dibrugarh Ward 14,Boundary Wall,DRDA,V007,Delta Infratech,2021-05-06,2021-05-21,770531.95,900000,537928.41,64,11,In Progress,25.178381,93.520089,6769b0f1ee01b9e0,25.178489,93.51971,NORMAL
WRK00273,Telangana,Hyderabad,Secunderabad,LS,MP017,G. Krishna Reddy,Sports Facility at Hyderabad Ward 25,Sports Facility,DRDA,V015,Reliable Constructions,2022-07-26,2022-08-26,3076340.36,3500000,1216817.07,37,62,Stalled,19.133904,79.844512,7bcf2b31902bd154,19.134292,79.844904,NORMAL
WRK00274,Bihar,Bhagalpur,Patna Sahib,LS,MP015,Dr. Sanjeev Kumar,Cremation Ground at Bhagalpur Ward 23,Cremation Ground,PWD,V008,Metro Build Solutions,2023-08-29,2023-09-15,2509099.55,2100000,2402214.39,100,0,Completed,26.823699,84.401912,f49816ad6994bf84,26.823488,84.401969,NORMAL
WRK00275,Tamil Nadu,Coimbatore,Coimbatore North,LS,MP009,Suresh Pillai,Health Centre at Coimbatore Ward 7,Health Centre,Block Development Office,V006,Apex Construction Co,2022-11-18,2022-12-02,4968341.12,5600000,1937437.62,42,15,In Progress,9.280257,78.609593,ee25356aaee01ec9,9.280846,78.609592,NORMAL
WRK00276,West Bengal,Howrah,Howrah,LS,MP008,Anita Roy,Water Supply at Howrah Ward 25,Water Supply,District Panchayat,V004,Pioneer Projects Ltd,2022-01-26,2022-02-20,2891405.5,3100000,0,0,0,Not Started,23.529356,88.993648,f4adfa22ad0205f5,23.529591,88.993826,NORMAL
WRK00277,Odisha,Bhubaneswar,Bhubaneswar,LS,MP018,Soumya Das,Anganwadi Centre at Bhubaneswar Ward 14,Anganwadi Centre,Municipal Corporation,V013,Durga Projects,2022-08-28,2022-10-08,2196652.95,2200000,432867.93,22,92,Stalled,21.468459,84.517915,93a05478c00b19de,21.467925,84.517955,NORMAL
WRK00278,Himachal Pradesh,Solan,Shimla,LS,MP016,Rohit Verma,Road Construction at Solan Ward 13,Road Construction,DRDA,V017,United Builders,2023-01-24,2023-03-18,2942772.24,2800000,0,0,0,Not Started,31.671588,76.109252,b0701a5350ce857f,31.670881,76.109546,NORMAL
WRK00279,Punjab,Amritsar,Amritsar,LS,MP019,Harpreet Singh,Health Centre at Amritsar Ward 28,Health Centre,DRDA,V016,Star Infrastructure,2022-05-26,2022-06-16,5569989.21,5600000,2695418.99,50,8,In Progress,31.339252,74.934365,6b49acc635e574e0,31.33954,74.93415,NORMAL
WRK00280,Assam,Silchar,Guwahati,LS,MP013,Bikash Barua,Street Lighting at Silchar Ward 26,Street Lighting,Municipal Corporation,V013,Durga Projects,2021-08-11,2021-09-26,1106346.83,1200000,324818.92,32,23,In Progress,25.01964,92.422978,cccf4130255603d4,25.0203,92.422422,NORMAL
WRK00281,Maharashtra,Mumbai,Pune North,LS,MP001,Arjun Sharma,Drainage Works at Mumbai Ward 27,Drainage Works,Block Development Office,V004,Pioneer Projects Ltd,2023-10-12,2023-11-25,1994694.35,1900000,1492928.34,82,9,In Progress,20.235911,72.995987,0f5e8b4729d0c613,20.235502,72.995611,NORMAL
WRK00282,Rajasthan,Kota,Jaipur Rural,LS,MP004,Sunita Devi,Health Centre at Kota Ward 25,Health Centre,Municipal Corporation,V020,Horizon Build Co,2022-11-24,2023-01-08,5341882.83,5600000,2374886.75,52,11,In Progress,23.87291,77.132844,936dd1a893acb00e,23.873125,77.132904,NORMAL
WRK00283,Rajasthan,Udaipur,Jodhpur,LS,MP010,Kavita Joshi,Health Centre at Udaipur Ward 19,Health Centre,Block Development Office,V006,Apex Construction Co,2023-07-29,2023-09-26,6267951.96,5600000,1886808.88,30,12,In Progress,26.339015,77.918031,edb68b81cec68cfe,26.338781,77.918242,NORMAL
WRK00284,Assam,Guwahati,Guwahati,LS,MP013,Bikash Barua,Road Construction at Guwahati Ward 6,Road Construction,PWD,V015,Reliable Constructions,2022-03-14,2022-04-13,2561439.43,2800000,1338646.2,57,22,In Progress,26.614113,91.408863,96405fcdbf761449,26.614143,91.408783,NORMAL
WRK00285,Maharashtra,Pune,Nashik,LS,MP006,Meena Kulkarni,Bridge Construction at Pune Ward 3,Bridge Construction,ZP,V016,Star Infrastructure,2022-04-04,2022-05-31,9699426.22,8500000,2594773.87,30,6,In Progress,16.15625,73.129477,06bfd9c40dc78104,16.156639,73.129513,NORMAL
WRK00286,Rajasthan,Udaipur,Jaipur Rural,LS,MP004,Sunita Devi,Library Building at Udaipur Ward 11,Library Building,Municipal Corporation,V017,United Builders,2023-02-09,2023-03-10,3739649.95,4100000,3779436.03,100,0,Completed,26.190755,70.612423,08ffeab0075072d6,26.19099,70.613,NORMAL
WRK00287,Himachal Pradesh,Kullu,Shimla,LS,MP016,Rohit Verma,Sports Facility at Kullu Ward 12,Sports Facility,DRDA,V019,City Developers,2023-06-13,2023-07-01,4283800.6,3500000,1666852.58,39,52,Stalled,31.66963,78.246299,a3c90c6a86017633,31.669831,78.245978,NORMAL
WRK00288,Himachal Pradesh,Solan,Shimla,LS,MP016,Rohit Verma,Water Supply at Solan Ward 16,Water Supply,PWD,V005,Golden Gate Contractors,2023-05-26,2023-06-24,3632837.63,3100000,1782718.47,53,4,In Progress,30.300277,78.472291,781d5b6c49694032,30.300327,78.472604,NORMAL
WRK00289,Himachal Pradesh,Mandi,Shimla,LS,MP016,Rohit Verma,Road Construction at Mandi Ward 13,Road Construction,DRDA,V018,Prime Works Ltd,2022-07-06,2022-08-23,3237773.51,2800000,2917501.69,100,0,Completed,31.420932,77.099902,3ff93134650e78e4,31.420448,77.100301,NORMAL
WRK00290,Assam,Dibrugarh,Guwahati,LS,MP013,Bikash Barua,Water Supply at Dibrugarh Ward 7,Water Supply,PWD,V009,Heritage Contractors,2022-03-24,2022-05-06,2733220.07,3100000,0,0,0,Not Started,27.648822,94.787722,be3074f8a60147c3,27.648868,94.787347,NORMAL
WRK00291,Uttar Pradesh,Varanasi,Varanasi East,LS,MP003,Rajesh Gupta,Bridge Construction at Varanasi Ward 15,Bridge Construction,Municipal Corporation,V001,Sunrise Constructions Pvt Ltd,2023-06-03,2023-07-22,8209624.02,8500000,6261742.65,82,6,In Progress,24.88897,84.469843,1a2e9864f8eaca36,24.888657,84.469249,NORMAL
WRK00292,Maharashtra,Mumbai,Pune North,LS,MP001,Arjun Sharma,Road Construction at Mumbai Ward 9,Road Construction,PWD,V002,Bharat Infra Works,2023-09-15,2023-10-08,2548765.74,2800000,1578758.25,59,25,In Progress,20.989003,76.448581,d7f2a67814898025,20.989363,76.448036,NORMAL
WRK00293,Assam,Guwahati,Guwahati,LS,MP013,Bikash Barua,Sports Facility at Guwahati Ward 2,Sports Facility,DRDA,V008,Metro Build Solutions,2022-01-03,2022-01-29,3633205.49,3500000,0,0,0,Not Started,27.330183,90.468358,f997c779c56f05e6,27.330101,90.468742,NORMAL
WRK00294,Uttar Pradesh,Kanpur,Lucknow West,LS,MP007,Vinod Tiwari,Bridge Construction at Kanpur Ward 12,Bridge Construction,ZP,V018,Prime Works Ltd,2022-01-22,2022-03-03,8996873.01,8500000,4940649.19,59,29,In Progress,27.989568,77.420613,40d91a8e1f44aa88,27.989541,77.420286,NORMAL
WRK00295,Tamil Nadu,Coimbatore,Chennai Central,LS,MP002,Priya Nair,Bridge Construction at Coimbatore Ward 23,Bridge Construction,District Panchayat,V008,Metro Build Solutions,2023-05-10,2023-06-09,8027283.85,8500000,8181075.05,100,0,Completed,11.257363,77.862395,0ac013d5f80590f0,11.25748,77.862675,NORMAL
WRK00296,Uttarakhand,Haridwar,Garhwal,LS,MP020,Vikramaditya Rawat,Community Hall at Haridwar Ward 16,Community Hall,Block Development Office,V012,Bright Future Infra,2022-05-05,2022-05-25,4401611.44,3800000,3029277.66,63,29,In Progress,30.750812,77.810183,b38a3db1276732d3,30.750864,77.809526,NORMAL
WRK00297,West Bengal,Durgapur,Howrah,LS,MP008,Anita Roy,Sports Facility at Durgapur Ward 16,Sports Facility,DRDA,V002,Bharat Infra Works,2022-11-05,2022-12-13,4078986.56,3500000,847520.78,22,22,In Progress,25.629075,86.827855,70000009b4e570ba,25.62916,86.827923,NORMAL
WRK00298,Uttar Pradesh,Prayagraj,Lucknow West,LS,MP007,Vinod Tiwari,School Building at Prayagraj Ward 24,School Building,PWD,V018,Prime Works Ltd,2022-08-30,2022-10-25,4483282.51,4200000,1762439.97,40,2,In Progress,26.820997,83.327581,002f2ca4743e8531,26.821394,83.327591,NORMAL
WRK00299,Maharashtra,Pune,Nashik,LS,MP006,Meena Kulkarni,Library Building at Pune Ward 17,Library Building,PWD,V020,Horizon Build Co,2022-04-05,2022-05-05,4890200.03,4100000,3310186.35,69,6,In Progress,18.286765,77.177183,68e8f3115295ea96,18.286968,77.176593,NORMAL
WRK00300,Uttar Pradesh,Lucknow,Varanasi East,LS,MP003,Rajesh Gupta,Bridge Construction at Lucknow Ward 2,Bridge Construction,Block Development Office,V013,Durga Projects,2021-02-12,2021-03-06,7832371.92,8500000,7274256.65,100,0,Completed,24.106811,81.977313,869c3a8e7d6ab7c2,24.106989,81.977455,NORMAL
WRK00301,Karnataka,Mysuru,Bengaluru South,LS,MP012,Anand Swaminathan,Library Building at Mysuru Ward 17,Library Building,PWD,V014,Kumar & Associates,2021-01-04,2021-01-27,4662266.12,4100000,1468970.47,30,14,In Progress,11.924901,76.566891,b55beaaacb53f0be,11.924266,76.567063,NORMAL
WRK00302,Tamil Nadu,Chennai,Chennai Central,LS,MP002,Priya Nair,Health Centre at Chennai Ward 24,Health Centre,Block Development Office,V017,United Builders,2022-02-04,2022-03-19,4934575.24,5600000,4977880.04,100,0,Completed,10.97097,76.995734,91ed554a3faeef01,10.97115,76.995264,NORMAL
WRK00303,Odisha,Puri,Bhubaneswar,LS,MP018,Soumya Das,Bridge Construction at Puri Ward 30,Bridge Construction,PWD,V017,United Builders,2022-11-12,2023-01-04,9830363.63,8500000,6372621.14,74,28,In Progress,21.603816,84.754789,287e4086a854027e,21.603865,84.754943,NORMAL
WRK00304,Karnataka,Mangaluru,Bengaluru South,LS,MP012,Anand Swaminathan,Sports Facility at Mangaluru Ward 15,Sports Facility,DRDA,V007,Delta Infratech,2022-09-24,2022-10-27,4363048.19,3500000,3375254.91,75,26,In Progress,15.758894,76.590466,8cdc718dc4057420,15.759507,76.590099,NORMAL
WRK00305,Bihar,Bhagalpur,Patna Sahib,LS,MP015,Dr. Sanjeev Kumar,Road Construction at Bhagalpur Ward 23,Road Construction,Municipal Corporation,V008,Metro Build Solutions,2022-06-19,2022-08-06,3193470.87,2800000,2938832.62,100,0,Completed,27.149039,83.332844,509d97cddb107e7f,27.148352,83.333364,NORMAL
WRK00306,Tamil Nadu,Trichy,Coimbatore North,LS,MP009,Suresh Pillai,Boundary Wall at Trichy Ward 13,Boundary Wall,Municipal Corporation,V019,City Developers,2021-10-28,2021-11-13,965276.31,900000,920244.59,100,0,Completed,8.847404,77.741748,4199322e3ba58126,8.847851,77.741154,NORMAL
WRK00307,Punjab,Ludhiana,Amritsar,LS,MP019,Harpreet Singh,Road Construction at Ludhiana Ward 29,Road Construction,District Panchayat,V013,Durga Projects,2023-08-26,2023-09-16,3190410.19,2800000,1031716.03,32,19,In Progress,29.612115,76.305858,0e50f355c7b611cd,29.612721,76.305584,NORMAL
WRK00308,Arunachal Pradesh,Ziro,Arunachal West,LS,MP014,Col. Tenzing Norbu,Bridge Construction at Ziro Ward 8,Bridge Construction,PWD,V002,Bharat Infra Works,2022-02-12,2022-04-10,10182274.15,8500000,2233120.13,21,20,In Progress,27.709212,93.298222,909e21ba8a38d5aa,27.708708,93.298226,NORMAL
WRK00309,West Bengal,Kolkata,Kolkata South,LS,MP005,Deepak Chatterjee,Drainage Works at Kolkata Ward 3,Drainage Works,DRDA,V003,National Build Corp,2023-10-16,2023-10-31,2352990.59,1900000,2219970.04,100,0,Completed,23.747638,86.341975,beccf7609249ee3a,23.74699,86.341817,NORMAL
WRK00310,Assam,Jorhat,Guwahati,LS,MP013,Bikash Barua,Bridge Construction at Jorhat Ward 22,Bridge Construction,Municipal Corporation,V017,United Builders,2023-07-29,2023-09-12,9815911.93,8500000,9416382.92,100,0,Completed,26.32819,93.235356,1257429e3e085cb7,26.327854,93.235244,NORMAL
WRK00311,Punjab,Amritsar,Amritsar,LS,MP019,Harpreet Singh,Bridge Construction at Amritsar Ward 15,Bridge Construction,ZP,V012,Bright Future Infra,2023-04-15,2023-05-18,9508941.68,8500000,5791575.6,61,11,In Progress,29.57262,74.744938,fd7b1279d2535515,29.573055,74.745142,NORMAL
WRK00312,Tamil Nadu,Coimbatore,Chennai Central,LS,MP002,Priya Nair,School Building at Coimbatore Ward 15,School Building,PWD,V005,Golden Gate Contractors,2021-09-19,2021-11-16,4721403.5,4200000,1465847.64,30,3,In Progress,9.412461,78.80821,57e0a1f103840661,9.41274,78.807644,NORMAL
WRK00313,Himachal Pradesh,Shimla,Shimla,LS,MP016,Rohit Verma,Health Centre at Shimla Ward 6,Health Centre,DRDA,V001,Sunrise Constructions Pvt Ltd,2022-02-15,2022-03-10,5228181.37,5600000,2689904.48,53,17,In Progress,32.489771,76.180581,e7f2418a953fcfd4,32.490006,76.179803,NORMAL
WRK00314,Tamil Nadu,Madurai,Chennai Central,LS,MP002,Priya Nair,School Building at Madurai Ward 8,School Building,District Panchayat,V012,Bright Future Infra,2022-06-27,2022-07-10,4895836.67,4200000,973800.86,21,2,In Progress,9.565076,79.778748,4ae0fd7a04e25132,9.565604,79.778966,NORMAL
WRK00315,Assam,Guwahati,Guwahati,LS,MP013,Bikash Barua,Health Centre at Guwahati Ward 13,Health Centre,District Panchayat,V001,Sunrise Constructions Pvt Ltd,2023-12-10,2023-12-25,5845643.22,5600000,5700072.81,100,0,Completed,25.886146,95.536005,ec19e4eb3f551740,25.886188,95.535739,NORMAL
WRK00316,Maharashtra,Pune,Nashik,LS,MP006,Meena Kulkarni,Community Hall at Pune Ward 13,Community Hall,ZP,V001,Sunrise Constructions Pvt Ltd,2022-11-09,2022-12-29,4270153.26,3800000,3776939.89,84,8,In Progress,18.979279,79.893021,47bac8aaf2f94b2c,18.978885,79.892781,NORMAL
WRK00317,West Bengal,Kolkata,Kolkata South,LS,MP005,Deepak Chatterjee,Drainage Works at Kolkata Ward 18,Drainage Works,DRDA,V011,Anand Construction,2022-03-06,2022-04-11,2010745.56,1900000,1855741.96,100,0,Completed,27.032062,89.529915,21bbd1838acfd4d6,27.031641,89.529332,NORMAL
WRK00318,Uttar Pradesh,Varanasi,Lucknow West,LS,MP007,Vinod Tiwari,Health Centre at Varanasi Ward 29,Health Centre,ZP,V018,Prime Works Ltd,2023-11-21,2023-12-09,6302311.88,5600000,2594270.08,38,20,In Progress,29.861229,79.512971,b82d40def2d78d53,29.860681,79.512669,NORMAL
WRK00319,West Bengal,Kolkata,Kolkata South,LS,MP005,Deepak Chatterjee,Health Centre at Kolkata Ward 8,Health Centre,ZP,V020,Horizon Build Co,2023-03-23,2023-04-28,6731495.46,5600000,3868101.29,55,4,In Progress,22.108597,86.557461,9b08e5a844511ba0,22.108693,86.557044,NORMAL
WRK00320,West Bengal,Kolkata,Howrah,LS,MP008,Anita Roy,Community Hall at Kolkata Ward 1,Community Hall,Municipal Corporation,V016,Star Infrastructure,2023-08-17,2023-09-04,3350802.65,3800000,2713861.01,80,22,In Progress,22.548666,87.388587,317979f929ede760,22.548273,87.388445,NORMAL
WRK00321,Tamil Nadu,Salem,Coimbatore North,LS,MP009,Suresh Pillai,Water Supply at Salem Ward 14,Water Supply,DRDA,V020,Horizon Build Co,2021-12-24,2022-02-20,3555534.66,3100000,3294422.35,100,0,Completed,13.255375,78.044998,532c5c01b017c533,13.255902,78.04557,NORMAL
WRK00322,Assam,Guwahati,Guwahati,LS,MP013,Bikash Barua,Library Building at Guwahati Ward 13,Library Building,ZP,V008,Metro Build Solutions,2022-12-25,2023-02-19,4690944.12,4100000,987720.4,24,16,In Progress,25.881912,95.229932,6546c66d89b1cad1,25.882607,95.229196,NORMAL
WRK00323,Telangana,Hyderabad,Secunderabad,LS,MP017,G. Krishna Reddy,School Building at Hyderabad Ward 15,School Building,ZP,V010,Shree Ram Builders,2023-02-26,2023-03-27,4059181.33,4200000,0,0,0,Not Started,16.97225,77.965838,0df6c527eb45bc38,16.972523,77.966445,NORMAL
WRK00324,Bihar,Patna,Patna Sahib,LS,MP015,Dr. Sanjeev Kumar,Boundary Wall at Patna Ward 23,Boundary Wall,DRDA,V007,Delta Infratech,2021-08-31,2021-10-05,805741.77,900000,555103.0,77,0,In Progress,26.18901,86.863172,400564b8171603b1,26.188757,86.86341,NORMAL
WRK00325,Maharashtra,Pune,Nashik,LS,MP006,Meena Kulkarni,Road Construction at Pune Ward 19,Road Construction,ZP,V013,Durga Projects,2023-05-21,2023-07-10,2507864.73,2800000,1813083.35,69,23,In Progress,18.362999,80.482957,0b3d6dc9616f760a,18.363385,80.483581,NORMAL
WRK00326,West Bengal,Howrah,Kolkata South,LS,MP005,Deepak Chatterjee,Bridge Construction at Howrah Ward 28,Bridge Construction,District Panchayat,V007,Delta Infratech,2021-03-11,2021-04-16,7833147.0,8500000,6071410.93,77,9,In Progress,22.170058,86.339441,c3f0fac39f601d17,22.169703,86.339377,NORMAL
WRK00327,Himachal Pradesh,Solan,Shimla,LS,MP016,Rohit Verma,Road Construction at Solan Ward 21,Road Construction,ZP,V020,Horizon Build Co,2023-09-13,2023-10-08,3060942.0,2800000,3057638.0,100,0,Completed,31.661215,77.202376,3ea585a901aec505,31.661764,77.202001,NORMAL
WRK00328,Odisha,Cuttack,Bhubaneswar,LS,MP018,Soumya Das,Road Construction at Cuttack Ward 22,Road Construction,District Panchayat,V011,Anand Construction,2021-03-03,2021-04-23,2587020.79,2800000,843578.45,38,27,In Progress,20.574845,85.080041,1be00f8e0c8d51d2,20.574726,85.079547,NORMAL
WRK00329,Rajasthan,Ajmer,Jodhpur,LS,MP010,Kavita Joshi,Library Building at Ajmer Ward 16,Library Building,District Panchayat,V013,Durga Projects,2021-11-21,2021-12-30,4423543.44,4100000,2507766.97,66,29,In Progress,28.533286,72.340832,6d651847c2294116,28.533779,72.34012,NORMAL
WRK00330,West Bengal,Kolkata,Kolkata South,LS,MP005,Deepak Chatterjee,Water Supply at Kolkata Ward 23,Water Supply,District Panchayat,V017,United Builders,2023-03-16,2023-04-28,3043218.57,3100000,2834324.89,100,0,Completed,21.831652,88.142605,b95cec2d7bd15655,21.831923,88.143277,NORMAL
WRK00331,Rajasthan,Kota,Jodhpur,LS,MP010,Kavita Joshi,Library Building at Kota Ward 10,Library Building,DRDA,V016,Star Infrastructure,2022-05-04,2022-06-16,4875388.67,4100000,2796417.56,65,29,In Progress,27.050967,74.073411,2e0e6673ced7cd17,27.051518,74.07298,NORMAL
WRK00332,Uttar Pradesh,Lucknow,Lucknow West,LS,MP007,Vinod Tiwari,Bridge Construction at Lucknow Ward 1,Bridge Construction,District Panchayat,V014,Kumar & Associates,2021-07-04,2021-08-30,7306555.11,8500000,0,0,0,Not Started,29.097168,84.692301,5982aa44557368cf,29.097255,84.692527,NORMAL
WRK00333,Uttar Pradesh,Agra,Lucknow West,LS,MP007,Vinod Tiwari,Water Supply at Agra Ward 27,Water Supply,ZP,V019,City Developers,2022-08-25,2022-09-23,3614842.42,3100000,1877675.74,61,24,In Progress,28.357933,79.694348,07743c94f5c9f459,28.35841,79.693848,NORMAL
WRK00334,Gujarat,Rajkot,Ahmedabad East,LS,MP011,Rameshwar Patel,Anganwadi Centre at Rajkot Ward 19,Anganwadi Centre,DRDA,V015,Reliable Constructions,2021-08-27,2021-10-06,2571583.86,2200000,2492103.12,100,0,Completed,24.080032,73.833943,be1a070fed83a4c8,24.079394,73.833976,NORMAL
WRK00335,Gujarat,Kutch,Ahmedabad East,LS,MP011,Rameshwar Patel,Sports Facility at Kutch Ward 28,Sports Facility,Municipal Corporation,V018,Prime Works Ltd,2022-09-12,2022-11-11,3001205.8,3500000,1240914.77,39,8,In Progress,21.660101,70.501541,9b0e70ad922bda48,21.659942,70.501688,NORMAL
WRK00336,Rajasthan,Udaipur,Jodhpur,LS,MP010,Kavita Joshi,Road Construction at Udaipur Ward 3,Road Construction,District Panchayat,V006,Apex Construction Co,2021-05-17,2021-06-27,2684077.11,2800000,794653.3,28,87,Stalled,25.178927,74.120884,c8f216c15fcc997d,25.178262,74.120411,NORMAL
WRK00337,Bihar,Patna,Patna Sahib,LS,MP015,Dr. Sanjeev Kumar,Anganwadi Centre at Patna Ward 15,Anganwadi Centre,ZP,V004,Pioneer Projects Ltd,2021-10-21,2021-11-12,2666361.1,2200000,2307630.25,81,23,In Progress,25.293148,84.93669,fe22eba1ad3d581e,25.29262,84.937047,NORMAL
WRK00338,Assam,Guwahati,Guwahati,LS,MP013,Bikash Barua,Road Construction at Guwahati Ward 19,Road Construction,District Panchayat,V002,Bharat Infra Works,2021-02-07,2021-04-01,2728299.08,2800000,0,0,0,Not Started,27.500313,91.799725,c4246277854494ab,27.500542,91.799421,NORMAL
WRK00339,Rajasthan,Jodhpur,Jodhpur,LS,MP010,Kavita Joshi,Health Centre at Jodhpur Ward 18,Health Centre,ZP,V001,Sunrise Constructions Pvt Ltd,2022-07-14,2022-08-10,5209244.35,5600000,3481617.52,76,21,In Progress,24.075109,71.908005,83997ac58f43a250,24.074537,71.908072,NORMAL
WRK00340,Gujarat,Vadodara,Ahmedabad East,LS,MP011,Rameshwar Patel,Bridge Construction at Vadodara Ward 4,Bridge Construction,District Panchayat,V015,Reliable Constructions,2022-06-19,2022-08-04,10432144.58,8500000,9500412.51,100,0,Completed,22.921009,70.267929,076c108d214c87b1,22.920967,70.268203,NORMAL
WRK00341,Assam,Guwahati,Guwahati,LS,MP013,Bikash Barua,Road Construction at Guwahati Ward 5,Road Construction,District Panchayat,V018,Prime Works Ltd,2021-11-08,2022-01-02,2857641.63,2800000,2065953.96,77,19,In Progress,25.396095,90.948327,ec3b9258f943375e,25.396463,90.948272,NORMAL
WRK00342,Uttar Pradesh,Kanpur,Varanasi East,LS,MP003,Rajesh Gupta,Bridge Construction at Kanpur Ward 28,Bridge Construction,DRDA,V012,Bright Future Infra,2023-07-03,2023-08-12,8773986.18,8500000,8191122.98,100,0,Completed,29.497126,81.78876,b319f18d2ef03a1b,29.497726,81.78848,NORMAL
WRK00343,Gujarat,Rajkot,Ahmedabad East,LS,MP011,Rameshwar Patel,Anganwadi Centre at Rajkot Ward 11,Anganwadi Centre,ZP,V005,Golden Gate Contractors,2023-08-15,2023-09-01,1896632.44,2200000,1337568.36,79,27,In Progress,23.632531,71.968417,67db09431a59c3eb,23.632987,71.968883,NORMAL
WRK00344,Odisha,Bhubaneswar,Bhubaneswar,LS,MP018,Soumya Das,Health Centre at Bhubaneswar Ward 26,Health Centre,Block Development Office,V007,Delta Infratech,2023-02-13,2023-04-01,5953350.07,5600000,2701481.95,51,17,In Progress,20.115398,81.802966,6e5fbf719749d2b0,20.115807,81.802867,NORMAL
WRK00345,Gujarat,Kutch,Ahmedabad East,LS,MP011,Rameshwar Patel,Water Supply at Kutch Ward 22,Water Supply,Municipal Corporation,V015,Reliable Constructions,2021-04-13,2021-06-09,2849625.97,3100000,1023855.46,36,44,Stalled,22.229379,71.652561,f4b4c7044edb6dc8,22.229244,71.652714,NORMAL
WRK00346,Uttarakhand,Rishikesh,Garhwal,LS,MP020,Vikramaditya Rawat,Health Centre at Rishikesh Ward 20,Health Centre,Municipal Corporation,V001,Sunrise Constructions Pvt Ltd,2021-04-21,2021-05-06,5867221.13,5600000,5402757.3,100,0,Completed,30.268073,80.24246,26330c43a92f85fe,30.268005,80.242113,NORMAL
WRK00347,Punjab,Patiala,Amritsar,LS,MP019,Harpreet Singh,School Building at Patiala Ward 28,School Building,District Panchayat,V012,Bright Future Infra,2022-09-12,2022-10-11,3915511.63,4200000,2465923.95,58,29,In Progress,30.804181,76.845999,02141a68952d986c,30.804341,76.846016,NORMAL
WRK00348,West Bengal,Durgapur,Kolkata South,LS,MP005,Deepak Chatterjee,Road Construction at Durgapur Ward 14,Road Construction,DRDA,V019,City Developers,2021-04-09,2021-04-19,2793529.64,2800000,1934387.35,65,3,In Progress,26.434374,86.764489,5170ca8aa00e0b60,26.434678,86.764338,NORMAL
WRK00349,Odisha,Cuttack,Bhubaneswar,LS,MP018,Soumya Das,School Building at Cuttack Ward 29,School Building,Municipal Corporation,V005,Golden Gate Contractors,2021-12-07,2022-01-21,4367783.97,4200000,2751021.9,66,26,In Progress,19.18466,86.723688,125df20602f865f8,19.184873,86.723146,NORMAL
WRK00350,Himachal Pradesh,Kullu,Shimla,LS,MP016,Rohit Verma,Bridge Construction at Kullu Ward 19,Bridge Construction,DRDA,V015,Reliable Constructions,2023-03-24,2023-05-02,7512855.71,8500000,2151560.09,32,109,Stalled,31.828245,77.57697,39ca28265af56a23,31.827793,77.577147,NORMAL
WRK00351,Himachal Pradesh,Kangra,Shimla,LS,MP016,Rohit Verma,Boundary Wall at Kangra Ward 25,Boundary Wall,Municipal Corporation,V003,National Build Corp,2023-01-10,2023-01-22,861930.16,900000,284222.01,35,120,Stalled,32.040806,78.969908,bb3607b0baed6f49,32.040844,78.970517,NORMAL
WRK00352,Tamil Nadu,Salem,Coimbatore North,LS,MP009,Suresh Pillai,Boundary Wall at Salem Ward 29,Boundary Wall,PWD,V002,Bharat Infra Works,2021-06-06,2021-07-01,793164.46,900000,231954.88,29,21,In Progress,12.40973,77.512499,c74d8df088f7f097,12.409027,77.512431,NORMAL
WRK00353,Himachal Pradesh,Solan,Shimla,LS,MP016,Rohit Verma,Health Centre at Solan Ward 2,Health Centre,PWD,V019,City Developers,2022-07-30,2022-08-27,5703076.08,5600000,5727357.92,100,0,Completed,32.09291,76.733841,a119ceee0fb91307,32.092871,76.73328,NORMAL
WRK00354,Rajasthan,Ajmer,Jodhpur,LS,MP010,Kavita Joshi,Road Construction at Ajmer Ward 5,Road Construction,Block Development Office,V001,Sunrise Constructions Pvt Ltd,2021-05-31,2021-06-18,2701233.53,2800000,1312054.17,55,8,In Progress,25.022998,77.049154,9a940c6c1c8e806b,25.02253,77.0493,NORMAL
WRK00355,Bihar,Muzaffarpur,Patna Sahib,LS,MP015,Dr. Sanjeev Kumar,School Building at Muzaffarpur Ward 14,School Building,ZP,V005,Golden Gate Contractors,2022-03-19,2022-04-29,4008904.35,4200000,3925151.64,100,0,Completed,24.40589,88.220358,d25c7d37ef16d03b,24.405393,88.220352,NORMAL
WRK00356,Assam,Dibrugarh,Guwahati,LS,MP013,Bikash Barua,Street Lighting at Dibrugarh Ward 25,Street Lighting,DRDA,V006,Apex Construction Co,2021-11-16,2021-12-09,1368479.56,1200000,885080.27,64,1,In Progress,27.046387,90.430764,79ea5621661423a7,27.046102,90.431161,NORMAL
WRK00357,Odisha,Cuttack,Bhubaneswar,LS,MP018,Soumya Das,Drainage Works at Cuttack Ward 2,Drainage Works,DRDA,V015,Reliable Constructions,2023-01-29,2023-03-10,2134467.57,1900000,2090852.54,100,0,Completed,19.886725,83.161633,50d0f83dadb1be7a,19.887389,83.161913,NORMAL
WRK00358,Rajasthan,Ajmer,Jaipur Rural,LS,MP004,Sunita Devi,Community Hall at Ajmer Ward 22,Community Hall,DRDA,V019,City Developers,2023-04-16,2023-06-04,4683399.16,3800000,945428.12,22,72,Stalled,28.776678,71.747026,c5ed3982760b3673,28.77693,71.746603,NORMAL
WRK00359,Punjab,Ludhiana,Amritsar,LS,MP019,Harpreet Singh,Boundary Wall at Ludhiana Ward 1,Boundary Wall,PWD,V015,Reliable Constructions,2021-12-05,2022-01-04,886466.38,900000,161396.7,21,26,In Progress,30.733746,75.428319,b9aa06f5382bab11,30.733435,75.427806,NORMAL
WRK00360,Uttarakhand,Dehradun,Garhwal,LS,MP020,Vikramaditya Rawat,Road Construction at Dehradun Ward 15,Road Construction,Municipal Corporation,V019,City Developers,2022-02-01,2022-03-21,3431126.12,2800000,1277883.71,35,2,In Progress,29.05075,79.897381,1c6057fee5605cfb,29.051031,79.896975,NORMAL
WRK00361,Uttar Pradesh,Kanpur,Varanasi East,LS,MP003,Rajesh Gupta,Water Supply at Kanpur Ward 3,Water Supply,District Panchayat,V011,Anand Construction,2022-09-29,2022-10-25,3589005.32,3100000,3269941.16,100,0,Completed,28.951189,80.009272,f4a29332421becca,28.951639,80.008743,NORMAL
WRK00362,Himachal Pradesh,Kangra,Shimla,LS,MP016,Rohit Verma,Library Building at Kangra Ward 24,Library Building,Block Development Office,V015,Reliable Constructions,2023-09-19,2023-10-05,4128920.49,4100000,4192118.15,100,0,Completed,30.955159,77.88735,1a71064d424d9430,30.95449,77.88663,NORMAL
WRK00363,Tamil Nadu,Salem,Coimbatore North,LS,MP009,Suresh Pillai,Road Construction at Salem Ward 16,Road Construction,ZP,V013,Durga Projects,2021-09-11,2021-11-01,3384093.88,2800000,769641.19,24,21,In Progress,8.91868,77.58529,83f023fd00f2baa4,8.918978,77.585684,NORMAL
WRK00364,Arunachal Pradesh,Ziro,Arunachal West,LS,MP014,Col. Tenzing Norbu,Road Construction at Ziro Ward 12,Road Construction,DRDA,V010,Shree Ram Builders,2020-12-04,2021-01-07,2984944.16,2800000,1036175.13,35,45,Stalled,29.311622,93.617618,a1dc9cab0e213ce5,29.312336,93.61786,NORMAL
WRK00365,Odisha,Rourkela,Bhubaneswar,LS,MP018,Soumya Das,Road Construction at Rourkela Ward 16,Road Construction,Block Development Office,V010,Shree Ram Builders,2022-06-27,2022-08-17,3322123.38,2800000,3266216.43,100,0,Completed,22.444062,85.430478,e57e72d363dde733,22.443497,85.430772,NORMAL
WRK00366,Uttar Pradesh,Kanpur,Varanasi East,LS,MP003,Rajesh Gupta,School Building at Kanpur Ward 1,School Building,ZP,V016,Star Infrastructure,2022-01-20,2022-01-31,3805104.16,4200000,1802081.89,50,15,In Progress,29.052805,81.989898,d5916d49f7073712,29.053253,81.990665,NORMAL
WRK00367,Tamil Nadu,Madurai,Chennai Central,LS,MP002,Priya Nair,Road Construction at Madurai Ward 24,Road Construction,Municipal Corporation,V018,Prime Works Ltd,2021-02-22,2021-03-29,2758244.84,2800000,2816348.8,100,0,Completed,11.703509,78.125156,94500024bdb58d06,11.703125,78.124528,NORMAL
WRK00368,West Bengal,Siliguri,Kolkata South,LS,MP005,Deepak Chatterjee,Road Construction at Siliguri Ward 27,Road Construction,DRDA,V004,Pioneer Projects Ltd,2021-03-10,2021-04-04,2907765.99,2800000,934853.78,36,0,In Progress,21.784761,87.060083,2bb24cbc9c794cdb,21.785243,87.059408,NORMAL
WRK00369,Rajasthan,Jaipur,Jaipur Rural,LS,MP004,Sunita Devi,Anganwadi Centre at Jaipur Ward 11,Anganwadi Centre,PWD,V013,Durga Projects,2022-03-14,2022-03-28,2393580.12,2200000,0,0,0,Not Started,26.068723,76.641385,f9d185071eece891,26.068988,76.641458,NORMAL
WRK00370,Uttar Pradesh,Lucknow,Lucknow West,LS,MP007,Vinod Tiwari,Cremation Ground at Lucknow Ward 26,Cremation Ground,DRDA,V006,Apex Construction Co,2021-04-23,2021-05-10,1930696.02,2100000,1957016.26,100,0,Completed,24.992331,79.911448,ecf912453e5f7e23,24.992449,79.910867,NORMAL
WRK00371,Uttarakhand,Rishikesh,Garhwal,LS,MP020,Vikramaditya Rawat,School Building at Rishikesh Ward 5,School Building,DRDA,V010,Shree Ram Builders,2023-09-10,2023-09-25,3596258.95,4200000,3333415.32,100,0,Completed,28.940681,79.881145,ceb28a32b189727f,28.941101,79.881106,NORMAL
WRK00372,Uttar Pradesh,Varanasi,Lucknow West,LS,MP007,Vinod Tiwari,Water Supply at Varanasi Ward 17,Water Supply,PWD,V010,Shree Ram Builders,2023-03-30,2023-04-24,3283627.71,3100000,205719.3,7,106,Stalled,27.14927,84.322265,012b809e6b358d15,27.149353,84.321767,NORMAL
WRK00373,Rajasthan,Ajmer,Jaipur Rural,LS,MP004,Sunita Devi,Community Hall at Ajmer Ward 21,Community Hall,DRDA,V016,Star Infrastructure,2023-10-13,2023-11-06,4541351.21,3800000,1803383.9,46,8,In Progress,23.81129,70.813113,28e601302d238ed1,23.811535,70.812395,NORMAL
WRK00374,Karnataka,Mangaluru,Bengaluru South,LS,MP012,Anand Swaminathan,School Building at Mangaluru Ward 4,School Building,ZP,V002,Bharat Infra Works,2022-09-28,2022-11-16,4300248.36,4200000,0,0,0,Not Started,16.808856,74.19926,2875ad5d2d06f862,16.809266,74.199238,NORMAL
WRK00375,Uttar Pradesh,Varanasi,Varanasi East,LS,MP003,Rajesh Gupta,Street Lighting at Varanasi Ward 13,Street Lighting,Municipal Corporation,V011,Anand Construction,2022-09-24,2022-10-30,1304499.2,1200000,1306492.32,100,0,Completed,26.016952,83.020212,3cb3c9fa191abb3d,26.017294,83.020804,NORMAL
WRK00376,West Bengal,Kolkata,Howrah,LS,MP008,Anita Roy,Anganwadi Centre at Kolkata Ward 7,Anganwadi Centre,DRDA,V005,Golden Gate Contractors,2021-03-16,2021-04-22,2384881.19,2200000,2478328.15,100,0,Completed,24.093448,87.388054,31b42308b8463413,24.093638,87.388803,NORMAL
WRK00377,Gujarat,Surat,Ahmedabad East,LS,MP011,Rameshwar Patel,Road Construction at Surat Ward 21,Road Construction,Municipal Corporation,V011,Anand Construction,2021-04-06,2021-05-03,3155275.79,2800000,3242827.45,100,0,Completed,22.209463,69.195688,4b8fb475e2ebb2d2,22.209612,69.196138,NORMAL
WRK00378,Uttarakhand,Haridwar,Garhwal,LS,MP020,Vikramaditya Rawat,Cremation Ground at Haridwar Ward 11,Cremation Ground,District Panchayat,V009,Heritage Contractors,2022-04-01,2022-04-16,2599914.11,2100000,2342811.7,82,27,In Progress,30.297268,80.529462,6d98a416bae27198,30.297607,80.52904,NORMAL
WRK00379,Arunachal Pradesh,Tawang,Arunachal West,LS,MP014,Col. Tenzing Norbu,Cremation Ground at Tawang Ward 16,Cremation Ground,DRDA,V013,Durga Projects,2020-12-06,2021-01-11,2579851.98,2100000,186615.75,7,90,Stalled,28.062227,94.011616,cc4ae02ccf4994e0,28.06251,94.010961,NORMAL
WRK00380,West Bengal,Kolkata,Howrah,LS,MP008,Anita Roy,Sports Facility at Kolkata Ward 24,Sports Facility,Block Development Office,V016,Star Infrastructure,2023-03-21,2023-04-13,4029310.17,3500000,3805153.86,100,0,Completed,25.191549,86.171991,296be9034e09c596,25.191841,86.17256,NORMAL
WRK00381,Punjab,Amritsar,Amritsar,LS,MP019,Harpreet Singh,Street Lighting at Amritsar Ward 14,Street Lighting,DRDA,V003,National Build Corp,2021-08-17,2021-10-11,1242605.11,1200000,804300.44,67,20,In Progress,31.400207,76.467186,b0d508a9e4b81e89,31.399967,76.466399,NORMAL
WRK00382,Tamil Nadu,Trichy,Coimbatore North,LS,MP009,Suresh Pillai,Sports Facility at Trichy Ward 12,Sports Facility,District Panchayat,V012,Bright Future Infra,2021-12-31,2022-03-01,3780321.11,3500000,2538476.95,62,23,In Progress,10.879577,80.022017,620956a81c684db0,10.879384,80.022191,NORMAL
WRK00383,Karnataka,Mysuru,Bengaluru South,LS,MP012,Anand Swaminathan,Sports Facility at Mysuru Ward 12,Sports Facility,Block Development Office,V019,City Developers,2022-02-06,2022-02-24,3961823.12,3500000,696004.7,20,99,Stalled,14.849454,78.32008,c0cffa7335b50ec5,14.849806,78.319672,NORMAL
WRK00384,Tamil Nadu,Trichy,Coimbatore North,LS,MP009,Suresh Pillai,Drainage Works at Trichy Ward 23,Drainage Works,PWD,V018,Prime Works Ltd,2021-04-07,2021-05-10,1825630.45,1900000,1469577.62,82,16,In Progress,8.762631,79.181266,9ef6a99f73b4daf3,8.762441,79.181518,NORMAL
WRK00385,Uttar Pradesh,Varanasi,Varanasi East,LS,MP003,Rajesh Gupta,Street Lighting at Varanasi Ward 1,Street Lighting,DRDA,V005,Golden Gate Contractors,2023-02-19,2023-03-12,1061908.2,1200000,1108094.88,100,0,Completed,24.610872,79.197165,dfff8cea26870a98,24.610447,79.19788,NORMAL
WRK00386,Rajasthan,Kota,Jodhpur,LS,MP010,Kavita Joshi,Sports Facility at Kota Ward 26,Sports Facility,Block Development Office,V017,United Builders,2023-07-28,2023-08-29,4279410.06,3500000,844748.43,22,9,In Progress,23.158664,76.557504,6964a11255fc0f2b,23.158777,76.557747,NORMAL
WRK00387,Gujarat,Rajkot,Ahmedabad East,LS,MP011,Rameshwar Patel,Cremation Ground at Rajkot Ward 2,Cremation Ground,Municipal Corporation,V009,Heritage Contractors,2023-11-07,2023-12-22,2344318.49,2100000,1200603.72,58,18,In Progress,23.731002,69.199118,5f34fd6c7bf75b57,23.731679,69.199542,NORMAL
WRK00388,West Bengal,Durgapur,Kolkata South,LS,MP005,Deepak Chatterjee,Health Centre at Durgapur Ward 5,Health Centre,Municipal Corporation,V005,Golden Gate Contractors,2021-10-19,2021-12-07,5781275.44,5600000,2019239.66,39,66,Stalled,22.499548,88.703256,1dee4b6d3ce75d1e,22.498888,88.702971,NORMAL
WRK00389,Bihar,Muzaffarpur,Patna Sahib,LS,MP015,Dr. Sanjeev Kumar,Community Hall at Muzaffarpur Ward 5,Community Hall,District Panchayat,V010,Shree Ram Builders,2021-01-20,2021-03-13,3510434.81,3800000,2119131.51,64,4,In Progress,26.027573,84.112988,06617f95eba18fa8,26.027436,84.112987,NORMAL
WRK00390,Bihar,Muzaffarpur,Patna Sahib,LS,MP015,Dr. Sanjeev Kumar,Bridge Construction at Muzaffarpur Ward 15,Bridge Construction,Block Development Office,V019,City Developers,2023-10-06,2023-11-06,7239600.64,8500000,4431915.46,57,15,In Progress,27.402738,87.070808,ccb1063d25a74338,27.402832,87.071467,NORMAL
WRK00391,Gujarat,Ahmedabad,Ahmedabad East,LS,MP011,Rameshwar Patel,Anganwadi Centre at Ahmedabad Ward 8,Anganwadi Centre,PWD,V003,National Build Corp,2021-08-21,2021-10-13,2662153.53,2200000,1492777.07,59,0,In Progress,23.968034,70.954225,9bafcc200e16af3f,23.968237,70.954356,NORMAL
WRK00392,Tamil Nadu,Coimbatore,Coimbatore North,LS,MP009,Suresh Pillai,Road Construction at Coimbatore Ward 28,Road Construction,District Panchayat,V017,United Builders,2023-05-10,2023-07-02,2473620.3,2800000,727412.15,31,16,In Progress,10.748513,78.733322,aab133bae88ffab5,10.748313,78.732807,NORMAL
WRK00393,Arunachal Pradesh,Pasighat,Arunachal West,LS,MP014,Col. Tenzing Norbu,Drainage Works at Pasighat Ward 14,Drainage Works,DRDA,V014,Kumar & Associates,2022-07-05,2022-08-06,1898351.67,1900000,1447490.97,77,27,In Progress,27.225516,96.738049,29ee29f449e3eb48,27.225955,96.738809,NORMAL
WRK00394,Arunachal Pradesh,Tawang,Arunachal West,LS,MP014,Col. Tenzing Norbu,Cremation Ground at Tawang Ward 15,Cremation Ground,DRDA,V001,Sunrise Constructions Pvt Ltd,2021-09-29,2021-10-22,2287265.99,2100000,1536216.39,62,2,In Progress,28.312969,93.717057,ea16ce6ea388ca32,28.312643,93.716526,NORMAL
WRK00395,Punjab,Ludhiana,Amritsar,LS,MP019,Harpreet Singh,School Building at Ludhiana Ward 9,School Building,Block Development Office,V018,Prime Works Ltd,2023-01-24,2023-02-21,3882490.78,4200000,1025523.13,25,26,In Progress,32.003756,74.742135,397a284f76a4c79b,32.003076,74.741292,NORMAL
WRK00396,Rajasthan,Kota,Jodhpur,LS,MP010,Kavita Joshi,Bridge Construction at Kota Ward 19,Bridge Construction,DRDA,V009,Heritage Contractors,2022-07-08,2022-08-13,9447964.11,8500000,9788270.14,100,0,Completed,27.642458,69.750295,f87ae6defe8c9aab,27.641835,69.750693,NORMAL
WRK00397,Himachal Pradesh,Solan,Shimla,LS,MP016,Rohit Verma,Drainage Works at Solan Ward 29,Drainage Works,PWD,V001,Sunrise Constructions Pvt Ltd,2023-07-10,2023-09-02,2274942.9,1900000,0,0,0,Not Started,31.419607,78.192055,94e74f2629b05b37,31.418972,78.191751,NORMAL
WRK00398,West Bengal,Durgapur,Kolkata South,LS,MP005,Deepak Chatterjee,School Building at Durgapur Ward 25,School Building,Municipal Corporation,V017,United Builders,2022-12-05,2023-01-10,3658852.39,4200000,2193853.86,65,1,In Progress,24.51879,89.6389,a0c69223c4359252,24.518335,89.638259,NORMAL
WRK00399,Maharashtra,Aurangabad,Nashik,LS,MP006,Meena Kulkarni,Health Centre at Aurangabad Ward 30,Health Centre,ZP,V005,Golden Gate Contractors,2022-08-13,2022-09-09,6714272.62,5600000,4358767.16,66,3,In Progress,17.498799,73.792855,5f7ddbb1480afe9f,17.4992,73.792722,NORMAL
WRK00400,Maharashtra,Pune,Nashik,LS,MP006,Meena Kulkarni,School Building at Pune Ward 14,School Building,ZP,V017,United Builders,2022-03-07,2022-03-29,3829652.26,4200000,0,0,0,Not Started,18.616738,78.324118,8d15baefb6697d0a,18.617029,78.324577,NORMAL
WRK00401,Bihar,Patna,Patna Sahib,LS,MP015,Dr. Sanjeev Kumar,Bridge Construction at Patna Ward 8,Bridge Construction,Municipal Corporation,V011,Anand Construction,2020-12-27,2021-02-05,10009072.13,8500000,6964426.35,66,4,In Progress,27.147124,86.288243,4dffc9aab5bbabce,27.146447,86.288751,NORMAL
WRK00402,West Bengal,Howrah,Kolkata South,LS,MP005,Deepak Chatterjee,Water Supply at Howrah Ward 17,Water Supply,DRDA,V016,Star Infrastructure,2022-02-16,2022-03-06,3016211.12,3100000,1004524.67,32,118,Stalled,22.136817,85.877106,32440f070ae263e0,22.136253,85.877561,NORMAL
WRK00403,Punjab,Amritsar,Amritsar,LS,MP019,Harpreet Singh,Anganwadi Centre at Amritsar Ward 1,Anganwadi Centre,Municipal Corporation,V020,Horizon Build Co,2022-05-22,2022-06-03,1974651.55,2200000,1974923.98,100,0,Completed,31.763651,76.22535,e6b36561966d2735,31.76322,76.225638,NORMAL
WRK00404,Uttar Pradesh,Varanasi,Varanasi East,LS,MP003,Rajesh Gupta,Water Supply at Varanasi Ward 7,Water Supply,District Panchayat,V019,City Developers,2022-11-12,2022-12-14,3811501.59,3100000,3716576.76,100,0,Completed,28.635602,78.937851,d1d06bcd195efd72,28.635714,78.937055,NORMAL
WRK00405,Uttar Pradesh,Agra,Lucknow West,LS,MP007,Vinod Tiwari,School Building at Agra Ward 6,School Building,Block Development Office,V012,Bright Future Infra,2020-11-14,2021-01-09,5084789.29,4200000,4739543.83,100,0,Completed,27.177269,82.478946,2f64672f96e1a522,27.177182,82.479686,NORMAL
WRK00406,Karnataka,Hubballi,Bengaluru South,LS,MP012,Anand Swaminathan,Drainage Works at Hubballi Ward 2,Drainage Works,DRDA,V005,Golden Gate Contractors,2022-03-07,2022-04-12,1777848.24,1900000,1862637.22,100,0,Completed,12.365308,74.507454,5c7ae8efc3245e35,12.365602,74.507538,NORMAL
WRK00407,Uttar Pradesh,Agra,Varanasi East,LS,MP003,Rajesh Gupta,Anganwadi Centre at Agra Ward 16,Anganwadi Centre,DRDA,V010,Shree Ram Builders,2022-06-26,2022-08-04,1971835.89,2200000,1272793.27,59,21,In Progress,26.785713,81.309761,db5586423054366b,26.785094,81.31031,NORMAL
WRK00408,Karnataka,Mysuru,Bengaluru South,LS,MP012,Anand Swaminathan,Road Construction at Mysuru Ward 30,Road Construction,DRDA,V005,Golden Gate Contractors,2023-08-12,2023-10-04,3498570.12,2800000,3378599.79,100,0,Completed,16.109838,74.391027,b1edf3d3668f5032,16.109968,74.390431,NORMAL
WRK00409,Maharashtra,Pune,Nashik,LS,MP006,Meena Kulkarni,Community Hall at Pune Ward 13,Community Hall,ZP,V019,City Developers,2022-11-03,2022-11-25,4712315.39,3800000,3038662.88,71,3,In Progress,17.893403,76.742614,c19d11c545e18b77,17.893819,76.742831,NORMAL
WRK00410,Karnataka,Hubballi,Bengaluru South,LS,MP012,Anand Swaminathan,Library Building at Hubballi Ward 2,Library Building,Municipal Corporation,V016,Star Infrastructure,2023-08-09,2023-09-20,5043227.66,4100000,5119884.38,100,0,Completed,12.256257,75.153173,f14152c7a0dcec7d,12.255732,75.152584,NORMAL
WRK00411,Uttar Pradesh,Kanpur,Varanasi East,LS,MP003,Rajesh Gupta,Road Construction at Kanpur Ward 16,Road Construction,DRDA,V017,United Builders,2023-01-06,2023-02-23,3468721.26,2800000,1360230.46,39,9,In Progress,24.526169,77.681531,774d34f5caf07226,24.525741,77.681787,NORMAL
WRK00412,Telangana,Nizamabad,Secunderabad,LS,MP017,G. Krishna Reddy,Sports Facility at Nizamabad Ward 22,Sports Facility,DRDA,V011,Anand Construction,2020-12-10,2021-02-06,3456061.91,3500000,3333582.4,100,0,Completed,19.551251,78.964697,75ac0819714b5c03,19.550584,78.964204,NORMAL
WRK00413,Rajasthan,Jodhpur,Jodhpur,LS,MP010,Kavita Joshi,Anganwadi Centre at Jodhpur Ward 13,Anganwadi Centre,DRDA,V019,City Developers,2022-08-08,2022-10-02,2248999.38,2200000,779001.86,34,18,In Progress,27.752566,75.531293,8feff87b79d54e9f,27.753075,75.531304,NORMAL
WRK00414,Tamil Nadu,Salem,Coimbatore North,LS,MP009,Suresh Pillai,Cremation Ground at Salem Ward 13,Cremation Ground,Block Development Office,V012,Bright Future Infra,2022-10-26,2022-12-24,2600531.44,2100000,557187.75,25,37,Stalled,8.34364,79.715123,06e2e861957edc3c,8.344021,79.715305,NORMAL
WRK00415,Rajasthan,Kota,Jaipur Rural,LS,MP004,Sunita Devi,Community Hall at Kota Ward 1,Community Hall,Block Development Office,V003,National Build Corp,2023-03-23,2023-04-24,4737757.19,3800000,4437546.05,100,0,Completed,24.689279,72.246476,de72d97010c49f9e,24.688999,72.246219,NORMAL
WRK00416,Odisha,Rourkela,Bhubaneswar,LS,MP018,Soumya Das,Road Construction at Rourkela Ward 16,Road Construction,DRDA,V011,Anand Construction,2023-03-31,2023-05-16,2896218.51,2800000,1807887.41,73,8,In Progress,20.05456,81.535642,63eac0a19202b09c,20.054305,81.535026,NORMAL
WRK00417,Rajasthan,Jodhpur,Jaipur Rural,LS,MP004,Sunita Devi,Health Centre at Jodhpur Ward 19,Health Centre,ZP,V003,National Build Corp,2022-11-07,2022-11-27,5872678.33,5600000,3490075.02,66,13,In Progress,27.575198,78.072144,4990225836cdf42f,27.57486,78.071815,NORMAL
WRK00418,Assam,Dibrugarh,Guwahati,LS,MP013,Bikash Barua,Library Building at Dibrugarh Ward 26,Library Building,ZP,V003,National Build Corp,2021-05-14,2021-07-08,4703336.36,4100000,0,0,0,Not Started,24.469461,91.82208,87f3c9a4cd1a810d,24.469425,91.821622,NORMAL
WRK00419,Uttar Pradesh,Agra,Varanasi East,LS,MP003,Rajesh Gupta,Boundary Wall at Agra Ward 6,Boundary Wall,Municipal Corporation,V018,Prime Works Ltd,2023-04-15,2023-06-06,1054485.62,900000,451065.56,45,13,In Progress,27.962265,80.544537,04c32fede182701b,27.962449,80.544563,NORMAL
WRK00420,Punjab,Patiala,Amritsar,LS,MP019,Harpreet Singh,School Building at Patiala Ward 24,School Building,ZP,V002,Bharat Infra Works,2023-07-20,2023-08-16,4680154.44,4200000,1940605.11,39,108,Stalled,32.220507,76.697371,5d411ac5335dab46,32.220453,76.69693,NORMAL
WRK00421,Uttar Pradesh,Kanpur,Varanasi East,LS,MP003,Rajesh Gupta,Bridge Construction near Kanpur Block 28,Bridge Construction,DRDA,V012,Bright Future Infra,2023-09-03,2023-09-03,8773986.18,8500000,8191122.98,100,0,Completed,29.49726,81.789106,b319f18d2ef03a1b,29.497726,81.78848,DUPLICATE_WORK
WRK00422,Uttarakhand,Rishikesh,Garhwal,LS,MP020,Vikramaditya Rawat,School Building near Rishikesh Block 5,School Building,DRDA,V010,Shree Ram Builders,2023-10-16,2023-10-16,3596258.95,4200000,3333415.32,100,0,Completed,28.941005,79.881291,ceb28a32b189727f,28.941101,79.881106,DUPLICATE_WORK
WRK00423,Odisha,Puri,Bhubaneswar,LS,MP018,Soumya Das,School Building near Puri Block 5,School Building,DRDA,V001,Sunrise Constructions Pvt Ltd,2021-05-21,2021-05-21,5110390.97,4200000,5248395.07,100,0,Completed,22.33709,85.475851,d7b102a92332a50e,22.337091,85.475444,DUPLICATE_WORK
WRK00424,Karnataka,Mysuru,Bengaluru South,LS,MP012,Anand Swaminathan,Road Construction near Mysuru Block 30,Road Construction,DRDA,V005,Golden Gate Contractors,2023-10-24,2023-10-24,3498570.12,2800000,3378599.79,100,0,Completed,16.109452,74.390719,b1edf3d3668f5032,16.109968,74.390431,DUPLICATE_WORK
WRK00425,Gujarat,Rajkot,Ahmedabad East,LS,MP011,Rameshwar Patel,Road Construction near Rajkot Block 16,Road Construction,DRDA,V013,Durga Projects,2022-07-02,2022-07-02,2677037.93,2800000,2512396.59,100,0,Completed,20.597256,68.10801,6b6e64c5bb8aa843,20.597633,68.108789,DUPLICATE_WORK
WRK00426,Tamil Nadu,Chennai,Coimbatore North,LS,MP009,Suresh Pillai,Anganwadi Centre near Chennai Block 30,Anganwadi Centre,Municipal Corporation,V002,Bharat Infra Works,2022-06-07,2022-06-07,2335900.42,2200000,2332465.86,100,0,Completed,9.539306,79.628334,d8b48ead93608edf,9.53994,79.628235,DUPLICATE_WORK
WRK00427,Rajasthan,Ajmer,Jaipur Rural,LS,MP004,Sunita Devi,Road Construction near Ajmer Block 7,Road Construction,Block Development Office,V019,City Developers,2023-09-23,2023-09-23,2637338.48,2800000,2403016.78,100,0,Completed,29.664617,77.413645,2dea2d2d086c405f,29.664827,77.413636,DUPLICATE_WORK
WRK00428,Telangana,Nizamabad,Secunderabad,LS,MP017,G. Krishna Reddy,Sports Facility near Nizamabad Block 22,Sports Facility,DRDA,V011,Anand Construction,2021-04-03,2021-04-03,3456061.91,3500000,3333582.4,100,0,Completed,19.550887,78.964455,75ac0819714b5c03,19.550584,78.964204,DUPLICATE_WORK
WRK00429,Uttar Pradesh,Agra,Lucknow West,LS,MP007,Vinod Tiwari,School Building near Agra Block 6,School Building,Block Development Office,V012,Bright Future Infra,2021-02-24,2021-02-24,5084789.29,4200000,4739543.83,100,0,Completed,27.177047,82.478997,2f64672f96e1a522,27.177182,82.479686,DUPLICATE_WORK
WRK00430,Maharashtra,Aurangabad,Nashik,LS,MP006,Meena Kulkarni,Cremnearion Ground near Aurangabad Block 29,Cremation Ground,DRDA,V015,Reliable Constructions,2021-02-06,2021-02-06,2037797.89,2100000,1965421.88,100,0,Completed,18.732271,78.034521,acf5e81e71316269,18.731507,78.034016,DUPLICATE_WORK
WRK00431,Uttar Pradesh,Prayagraj,Lucknow West,LS,MP007,Vinod Tiwari,Drainage Works at Prayagraj Ward 13,Drainage Works,Municipal Corporation,V009,Heritage Contractors,2022-07-14,2022-07-24,3331741.12,1900000,0,0,0,Not Started,24.937786,80.311869,f50bea63371ecd7b,24.938165,80.311238,COST_INFLATED
WRK00432,Rajasthan,Jaipur,Jodhpur,LS,MP010,Kavita Joshi,Water Supply at Jaipur Ward 15,Water Supply,ZP,V003,National Build Corp,2023-01-22,2023-02-18,5121982.54,3100000,2307567.76,66,5,In Progress,24.508451,71.849405,2bcfbe01a28defe3,24.5085,71.849002,COST_INFLATED
WRK00433,Gujarat,Surat,Ahmedabad East,LS,MP011,Rameshwar Patel,Anganwadi Centre at Surat Ward 5,Anganwadi Centre,DRDA,V019,City Developers,2023-07-10,2023-07-29,3846862.16,2200000,2078399.21,100,0,Completed,22.682293,69.781546,956269f0e5d7b875,22.682148,69.781109,COST_INFLATED
WRK00434,Arunachal Pradesh,Itanagar,Arunachal West,LS,MP014,Col. Tenzing Norbu,Bridge Construction at Itanagar Ward 2,Bridge Construction,PWD,V002,Bharat Infra Works,2021-09-19,2021-11-02,12993123.57,8500000,7147052.46,100,0,Completed,28.202323,94.035742,e623a6895d59cd2a,28.202945,94.036512,COST_INFLATED
WRK00435,Gujarat,Ahmedabad,Ahmedabad East,LS,MP011,Rameshwar Patel,Drainage Works at Ahmedabad Ward 14,Drainage Works,ZP,V009,Heritage Contractors,2021-06-29,2021-08-05,3283037.95,1900000,676480.91,34,120,Stalled,20.91023,71.439179,eb6c1016cee624d0,20.910285,71.439154,COST_INFLATED
WRK00436,Gujarat,Surat,Ahmedabad East,LS,MP011,Rameshwar Patel,Water Supply at Surat Ward 23,Water Supply,Block Development Office,V005,Golden Gate Contractors,2022-05-17,2022-05-30,5360636.62,3100000,3142773.53,100,0,Completed,21.372729,68.122692,430f801dfad409e2,21.372243,68.122602,COST_INFLATED
WRK00437,Assam,Silchar,Guwahati,LS,MP013,Bikash Barua,Sports Facility at Silchar Ward 29,Sports Facility,DRDA,V011,Anand Construction,2022-08-29,2022-10-27,5096764.81,3500000,0,0,0,Not Started,24.993287,89.902232,10f1bc81448aaa9e,24.992872,89.902934,COST_INFLATED
WRK00438,Maharashtra,Aurangabad,Nashik,LS,MP006,Meena Kulkarni,Cremation Ground at Aurangabad Ward 29,Cremation Ground,DRDA,V015,Reliable Constructions,2020-12-03,2021-01-01,3374569.84,2100000,1965421.88,100,0,Completed,18.731918,78.034057,acf5e81e71316269,18.731507,78.034016,COST_INFLATED
WRK00439,Telangana,Hyderabad,Secunderabad,LS,MP017,G. Krishna Reddy,Boundary Wall at Hyderabad Zone 10,Boundary Wall,ZP,V003,National Build Corp,2023-12-05,2023-12-05,924929.0,900000,932684.73,75,0,Completed,18.839035,79.017484,544c14d1503ba8c3,0,0,TENDER_SPLITTING
WRK00440,Telangana,Hyderabad,Secunderabad,LS,MP017,G. Krishna Reddy,Boundary Wall at Hyderabad Zone 10,Boundary Wall,Block Development Office,V003,National Build Corp,2023-12-17,2023-12-17,938605.12,900000,912256.13,75,0,Completed,20.651701,74.40947,2cd6e8df1b5829c9,0,0,TENDER_SPLITTING
WRK00441,Uttar Pradesh,Agra,Lucknow West,LS,MP007,Vinod Tiwari,Boundary Wall at Agra Zone 5,Boundary Wall,ZP,V007,Delta Infratech,2023-06-20,2023-06-20,905536.61,900000,880020.5,67,0,Completed,17.309046,76.117385,3f10938caec7f267,0,0,TENDER_SPLITTING
WRK00442,Uttar Pradesh,Agra,Lucknow West,LS,MP007,Vinod Tiwari,Boundary Wall at Agra Zone 5,Boundary Wall,Municipal Corporation,V007,Delta Infratech,2023-06-28,2023-06-28,935936.8,900000,907350.68,79,0,Completed,15.713801,80.624483,08e945489b16acb8,0,0,TENDER_SPLITTING
WRK00443,Tamil Nadu,Coimbatore,Chennai Central,LS,MP002,Priya Nair,Boundary Wall at Coimbatore Zone 7,Boundary Wall,PWD,V012,Bright Future Infra,2022-06-03,2022-06-03,963255.96,900000,905092.52,67,0,Completed,18.488518,74.56197,6372d63571414f58,0,0,TENDER_SPLITTING
WRK00444,Tamil Nadu,Coimbatore,Chennai Central,LS,MP002,Priya Nair,Boundary Wall at Coimbatore Zone 1,Boundary Wall,DRDA,V012,Bright Future Infra,2022-06-13,2022-06-13,991823.23,900000,937689.0,79,0,Completed,16.087352,79.428474,4c23e8443c4722f3,0,0,TENDER_SPLITTING
WRK00445,Maharashtra,Aurangabad,Nashik,LS,MP006,Meena Kulkarni,Cremation Ground at Aurangabad Ward 29,Cremation Ground,DRDA,V015,Reliable Constructions,2020-12-03,2021-01-01,2037797.89,2100000,1965421.88,100,0,Completed,18.731918,78.034057,acf5e81e71316269,18.726413,78.072252,GEO_TAMPERING
WRK00446,Arunachal Pradesh,Itanagar,Arunachal West,LS,MP014,Col. Tenzing Norbu,Bridge Construction at Itanagar Ward 2,Bridge Construction,PWD,V002,Bharat Infra Works,2021-09-19,2021-11-02,7480829.12,8500000,7147052.46,100,0,Completed,28.202323,94.035742,e623a6895d59cd2a,28.203897,94.0262,GEO_TAMPERING
WRK00447,Odisha,Puri,Bhubaneswar,LS,MP018,Soumya Das,Health Centre at Puri Ward 23,Health Centre,Block Development Office,V008,Metro Build Solutions,2023-08-14,2023-09-27,6164030.16,5600000,5610889.28,100,0,Completed,20.829573,87.017668,6f18c1081723199d,20.827539,86.991197,GEO_TAMPERING
WRK00448,Karnataka,Mysuru,Bengaluru South,LS,MP012,Anand Swaminathan,Water Supply at Mysuru Ward 30,Water Supply,DRDA,V016,Star Infrastructure,2022-05-18,2022-06-09,2762477.61,3100000,2549574.75,100,0,Completed,16.814067,74.346625,9050f7efc1235c91,16.793202,74.384716,GEO_TAMPERING
WRK00449,Tamil Nadu,Trichy,Coimbatore North,LS,MP009,Suresh Pillai,Water Supply at Trichy Ward 10,Water Supply,Block Development Office,V016,Star Infrastructure,2023-11-03,2023-11-25,3324180.87,3100000,3350811.55,100,0,Completed,10.73832,79.384292,7da67785b63b4dc3,10.757575,79.373284,GEO_TAMPERING
WRK00450,Gujarat,Ahmedabad,Ahmedabad East,LS,MP011,Rameshwar Patel,Road Construction at Ahmedabad Ward 2,Road Construction,ZP,V012,Bright Future Infra,2022-07-31,2022-08-29,2747270.29,2800000,2078602.53,74,5,In Progress,21.717116,68.371073,6f5842c3ff86cc31,21.722113,68.37959,GEO_TAMPERING
WRK00451,Uttar Pradesh,Prayagraj,Varanasi East,LS,MP003,Rajesh Gupta,Library Building at Prayagraj Ward 26,Library Building,DRDA,V020,Horizon Build Co,2023-06-20,2023-08-06,4316591.22,4100000,1162525.45,25,14,In Progress,27.615768,78.53062,269ed4c980599b93,27.630127,78.537799,GEO_TAMPERING
WRK00452,Himachal Pradesh,Kullu,Shimla,LS,MP016,Rohit Verma,Water Supply at Kullu Ward 26,Water Supply,PWD,V003,National Build Corp,2021-09-20,2021-10-24,3201415.23,3100000,3169102.19,100,0,Completed,32.538878,76.164128,ca3dd859c5ce099c,32.536012,76.138224,GEO_TAMPERING
WRK00453,Maharashtra,Mumbai,Pune North,LS,MP001,Arjun Sharma,Boundary Wall at Mumbai Ward 1,Boundary Wall,District Panchayat,V001,Sunrise Constructions Pvt Ltd,2021-03-16,2021-05-04,929163.48,900000,37166.54,4,287,Stalled,15.635707,77.178642,b8e19f568787ea21,15.635383,77.179355,CAPITAL_DORMANT
WRK00454,Gujarat,Ahmedabad,Ahmedabad East,LS,MP011,Rameshwar Patel,Boundary Wall at Ahmedabad Ward 26,Boundary Wall,DRDA,V010,Shree Ram Builders,2021-02-25,2021-03-22,997605.75,900000,89784.52,9,345,Stalled,20.830233,70.486253,c643530068a51c68,20.830001,70.486404,CAPITAL_DORMANT
WRK00455,Himachal Pradesh,Solan,Shimla,LS,MP016,Rohit Verma,Drainage Works at Solan Ward 10,Drainage Works,ZP,V009,Heritage Contractors,2021-11-12,2021-12-21,1853451.98,1900000,18534.52,1,227,Stalled,32.615969,78.151144,313839757bf33a34,32.616626,78.150767,CAPITAL_DORMANT
WRK00456,Rajasthan,Ajmer,Jaipur Rural,LS,MP004,Sunita Devi,Water Supply at Ajmer Ward 21,Water Supply,ZP,V009,Heritage Contractors,2022-11-11,2022-11-28,3588062.43,3100000,107641.87,3,265,Stalled,23.023366,75.85441,2dbc2134c30ff46e,23.023377,75.853795,CAPITAL_DORMANT
WRK00457,Maharashtra,Nagpur,Nashik,LS,MP006,Meena Kulkarni,Street Lighting at Nagpur Ward 6,Street Lighting,District Panchayat,V018,Prime Works Ltd,2021-04-27,2021-06-04,1139907.09,1200000,22798.14,2,449,Stalled,20.222221,73.412642,17e011b7f8102383,20.222834,73.413176,CAPITAL_DORMANT
WRK00458,West Bengal,Durgapur,Kolkata South,LS,MP005,Deepak Chatterjee,Bridge Construction at Durgapur Ward 29,Bridge Construction,ZP,V009,Heritage Contractors,2021-10-07,2021-12-06,7467793.45,8500000,448067.61,6,489,Stalled,25.425465,88.668908,7e695d0d8a3c3b5e,25.425376,88.669064,CAPITAL_DORMANT
WRK00459,Gujarat,Kutch,Ahmedabad East,LS,MP011,Rameshwar Patel,Boundary Wall at Kutch Ward 21,Boundary Wall,ZP,V014,Kumar & Associates,2022-07-28,2022-09-06,956642.34,900000,66964.96,7,348,Stalled,21.794446,72.412361,cbf81f864ec3f970,21.795019,72.412937,CAPITAL_DORMANT
WRK00460,Uttar Pradesh,Kanpur,Varanasi East,LS,MP003,Rajesh Gupta,Bridge Construction at Kanpur Ward 3,Bridge Construction,PWD,V013,Durga Projects,2021-12-26,2022-01-08,10172294.61,8500000,203445.89,2,429,Stalled,26.855546,79.665004,f3821cfdc083b73a,26.856023,79.664605,CAPITAL_DORMANT
WRK00461,Rajasthan,Jaipur,Jaipur Rural,LS,MP004,Sunita Devi,Water Supply at Jaipur Ward 18,Water Supply,District Panchayat,V002,Bharat Infra Works,2021-08-17,2021-10-13,2938665.9,3100000,58773.32,2,318,Stalled,26.926639,74.696334,37f8a88b17fc695a,26.926255,74.696498,CAPITAL_DORMANT
WRK00462,Gujarat,Vadodara,Ahmedabad East,LS,MP011,Rameshwar Patel,Road Construction at Vadodara Ward 12,Road Construction,Municipal Corporation,V005,Golden Gate Contractors,2022-07-20,2022-08-18,2995996.81,2800000,149799.84,5,488,Stalled,20.658267,69.386274,7e7838c9ca55e38b,20.657586,69.386357,CAPITAL_DORMANT
WRK00463,Arunachal Pradesh,Itanagar,Arunachal West,LS,MP014,Col. Tenzing Norbu,Community Hall at Itanagar Ward 4,Community Hall,Block Development Office,V014,Kumar & Associates,2021-03-17,2021-05-03,4463889.31,3800000,3414417.45,23,60,In Progress,27.791345,96.654283,f7e8f8e50d2b91ef,27.79104,96.653978,EXPENDITURE_MISMATCH
WRK00464,Assam,Guwahati,Guwahati,LS,MP013,Bikash Barua,Sports Facility at Guwahati Ward 21,Sports Facility,PWD,V005,Golden Gate Contractors,2021-03-31,2021-04-22,3621766.88,3500000,3276331.7,5,41,In Progress,24.301286,91.382454,e17f29e170286046,24.301571,91.381857,EXPENDITURE_MISMATCH
WRK00465,Karnataka,Mysuru,Bengaluru South,LS,MP012,Anand Swaminathan,Water Supply at Mysuru Ward 11,Water Supply,Municipal Corporation,V006,Apex Construction Co,2022-10-28,2022-12-26,3461997.43,3100000,2926514.61,24,58,In Progress,17.980347,75.088992,698c206fe1a47e10,17.979664,75.089349,EXPENDITURE_MISMATCH
WRK00466,Punjab,Amritsar,Amritsar,LS,MP019,Harpreet Singh,Road Construction at Amritsar Ward 26,Road Construction,PWD,V018,Prime Works Ltd,2022-05-07,2022-06-27,2470969.6,2800000,2260506.04,7,12,In Progress,31.354325,73.893886,f4e7069aa4540937,31.354041,73.893457,EXPENDITURE_MISMATCH
WRK00467,Assam,Jorhat,Guwahati,LS,MP013,Bikash Barua,Road Construction at Jorhat Ward 18,Road Construction,ZP,V004,Pioneer Projects Ltd,2023-01-09,2023-02-04,3091951.29,2800000,2659857.99,13,10,In Progress,25.040391,93.839758,c1b5b5cabc3536df,25.04015,93.839035,EXPENDITURE_MISMATCH
WRK00468,Himachal Pradesh,Mandi,Shimla,LS,MP016,Rohit Verma,Road Construction at Mandi Ward 8,Road Construction,Block Development Office,V019,City Developers,2022-06-10,2022-08-03,2639253.38,2800000,2111948.98,6,27,In Progress,31.093664,78.390242,ef04e57dcdccc33a,31.09323,78.389595,EXPENDITURE_MISMATCH
WRK00469,Tamil Nadu,Trichy,Chennai Central,LS,MP002,Priya Nair,Bridge Construction at Trichy Ward 17,Bridge Construction,Municipal Corporation,V009,Heritage Contractors,2022-12-28,2023-01-30,9533810.99,8500000,7360402.93,24,5,In Progress,10.08153,77.520419,1d0af7f7f5e4a471,10.080849,77.519961,EXPENDITURE_MISMATCH
WRK00470,Rajasthan,Ajmer,Jodhpur,LS,MP010,Kavita Joshi,Drainage Works at Ajmer Ward 29,Drainage Works,Block Development Office,V002,Bharat Infra Works,2023-08-02,2023-08-28,2366733.25,1900000,1784575.04,16,36,In Progress,25.059998,77.086819,45f1861954f90429,25.059458,77.08661,EXPENDITURE_MISMATCH
WRK00471,Odisha,Puri,Bhubaneswar,LS,MP018,Soumya Das,School Building at Puri Ward 10,School Building,DRDA,V017,United Builders,2023-07-24,2023-08-31,4819341.14,4200000,4516136.92,100,0,Completed,20.860775,86.071463,,0,0,NO_PHYSICAL_EVIDENCE
WRK00472,Rajasthan,Jaipur,Jodhpur,LS,MP010,Kavita Joshi,Water Supply at Jaipur Ward 15,Water Supply,ZP,V003,National Build Corp,2023-01-22,2023-02-18,3709439.75,3100000,2307567.76,100,5,Completed,24.508451,71.849405,,0,0,NO_PHYSICAL_EVIDENCE
WRK00473,Arunachal Pradesh,Itanagar,Arunachal West,LS,MP014,Col. Tenzing Norbu,Water Supply at Itanagar Ward 2,Water Supply,Municipal Corporation,V004,Pioneer Projects Ltd,2020-12-20,2021-01-20,3306516.05,3100000,3301872.3,100,0,Completed,29.062117,95.790569,,0,0,NO_PHYSICAL_EVIDENCE
WRK00474,Bihar,Patna,Patna Sahib,LS,MP015,Dr. Sanjeev Kumar,Sports Facility at Patna Ward 9,Sports Facility,PWD,V015,Reliable Constructions,2023-03-20,2023-05-04,3552748.48,3500000,2239960.84,100,7,Completed,25.356842,83.695352,,0,0,NO_PHYSICAL_EVIDENCE
WRK00475,Uttar Pradesh,Kanpur,Varanasi East,LS,MP003,Rajesh Gupta,Boundary Wall at Kanpur Ward 17,Boundary Wall,ZP,V011,Anand Construction,2022-06-08,2022-07-27,927127.58,900000,354922.75,100,4,Completed,26.460374,83.141219,,0,0,NO_PHYSICAL_EVIDENCE
WRK00476,Tamil Nadu,Coimbatore,Chennai Central,LS,MP002,Priya Nair,Library Building at Coimbatore Ward 22,Library Building,Municipal Corporation,V011,Anand Construction,2022-02-07,2022-03-29,4006875.74,4100000,3102193.11,100,4,Completed,8.520156,77.656603,,0,0,NO_PHYSICAL_EVIDENCE
WRK00477,Tamil Nadu,Trichy,Coimbatore North,LS,MP009,Suresh Pillai,School Building at Trichy Ward 17,School Building,District Panchayat,V019,City Developers,2023-02-21,2023-03-16,3885072.91,4200000,1597435.88,100,22,Completed,12.188606,76.395302,,0,0,NO_PHYSICAL_EVIDENCE
WRK00478,Gujarat,Kutch,Ahmedabad East,LS,MP011,Rameshwar Patel,Drainage Works at Kutch Ward 24,Drainage Works,PWD,V017,United Builders,2022-04-27,2022-05-24,1933185.21,1900000,1173101.63,100,9,Completed,20.71351,70.741571,,0,0,NO_PHYSICAL_EVIDENCE
WRK00479,West Bengal,Darjeeling,Howrah,LS,MP008,Anita Roy,Drainage Works at Darjeeling Ward 18,Drainage Works,Block Development Office,V016,Star Infrastructure,2022-04-12,2022-04-27,1921490.52,1900000,1574456.7,100,2,Completed,24.048288,86.286698,048c8480a7437402,24.047717,86.28656,CATEGORY_DEVIATION
WRK00480,Uttarakhand,Dehradun,Garhwal,LS,MP020,Vikramaditya Rawat,School Building at Dehradun Ward 23,School Building,DRDA,V011,Anand Construction,2023-06-11,2023-07-12,4103880.37,4200000,2411707.12,100,22,Completed,30.22699,78.875727,013ca9982b2bf58c,30.226722,78.876202,CATEGORY_DEVIATION
WRK00481,Tamil Nadu,Trichy,Chennai Central,LS,MP002,Priya Nair,Anganwadi Centre at Trichy Ward 22,Anganwadi Centre,ZP,V007,Delta Infratech,2022-06-12,2022-08-10,2602898.23,2200000,0,100,0,Completed,11.378151,77.679748,ad81f8bd402913ec,11.378518,77.68014,CATEGORY_DEVIATION
WRK00482,Maharashtra,Aurangabad,Pune North,LS,MP001,Arjun Sharma,Anganwadi Centre at Aurangabad Ward 23,Anganwadi Centre,Municipal Corporation,V013,Durga Projects,2022-02-15,2022-04-12,2103666.78,2200000,2044905.72,100,0,Completed,18.430855,78.585818,ae441e21d25864f2,18.430484,78.585928,CATEGORY_DEVIATION
WRK00483,West Bengal,Darjeeling,Kolkata South,LS,MP005,Deepak Chatterjee,Cremation Ground at Darjeeling Ward 10,Cremation Ground,Block Development Office,V011,Anand Construction,2021-08-16,2021-09-22,1937849.03,2100000,460977.22,100,26,Completed,22.372188,86.475094,5894f7f139b86bb2,22.372831,86.475123,CATEGORY_DEVIATION
WRK00484,Assam,Jorhat,Guwahati,LS,MP013,Bikash Barua,Drainage Works at Jorhat Ward 10,Drainage Works,District Panchayat,V014,Kumar & Associates,2021-12-08,2022-01-18,1872667.84,1900000,1316572.05,100,29,Completed,25.140211,90.220452,9a3a61036e3c4532,25.140923,90.219945,CATEGORY_DEVIATION
WRK00485,West Bengal,Darjeeling,Howrah,LS,MP008,Anita Roy,School Building at Darjeeling Ward 24,School Building,ZP,V012,Bright Future Infra,2022-03-22,2022-05-06,4236341.86,4200000,2293026.21,100,12,Completed,25.197712,87.064531,7f4d908ce1fff6c0,25.197663,87.065012,RECYCLED_PROGRESSION_PHOTO
WRK00486,Assam,Silchar,Guwahati,LS,MP013,Bikash Barua,Community Hall at Silchar Ward 3,Community Hall,ZP,V018,Prime Works Ltd,2020-12-13,2021-01-11,3391957.39,3800000,1617585.29,100,3,Completed,24.830828,92.527715,1a7167c768759545,24.830147,92.527484,RECYCLED_PROGRESSION_PHOTO
WRK00487,Uttarakhand,Dehradun,Garhwal,LS,MP020,Vikramaditya Rawat,School Building at Dehradun Ward 23,School Building,DRDA,V011,Anand Construction,2023-06-11,2023-07-12,4103880.37,4200000,2411707.12,100,22,Completed,30.22699,78.875727,013ca9982b2bf58c,30.226722,78.876202,RECYCLED_PROGRESSION_PHOTO
WRK00488,Tamil Nadu,Chennai,Chennai Central,LS,MP002,Priya Nair,Bridge Construction at Chennai Ward 6,Bridge Construction,ZP,V013,Durga Projects,2021-08-20,2021-10-18,9219471.2,8500000,9025348.15,100,0,Completed,10.070405,76.504633,5628ddcd19dd3e8c,10.07012,76.504102,RECYCLED_PROGRESSION_PHOTO
WRK00489,Karnataka,Mangaluru,Bengaluru South,LS,MP012,Anand Swaminathan,Road Construction at Mangaluru Ward 19,Road Construction,District Panchayat,V001,Sunrise Constructions Pvt Ltd,2022-01-07,2022-01-24,2825916.4,2800000,975888.81,100,41,Completed,15.991931,76.746871,5560db22c96b5edb,15.991562,76.746312,RECYCLED_PROGRESSION_PHOTO
WRK00490,West Bengal,Darjeeling,Kolkata South,LS,MP005,Deepak Chatterjee,Drainage Works at Darjeeling Ward 1,Drainage Works,PWD,V001,Sunrise Constructions Pvt Ltd,2023-03-01,2023-04-07,2096450.53,1900000,522509.03,100,30,Completed,22.636661,87.329716,d54e7948c1c0c5e3,22.636706,87.328965,RECYCLED_PROGRESSION_PHOTO
