work_id,state,district,constituency,house,mp_name,work_title,category,implementing_agency,vendor_id,vendor_name,recommendation_date,sanction_date,estimated_cost_inr,sor_benchmark_cost_inr,expenditure_incurred_inr,completion_pct,days_stalled,work_status,latitude,longitude,photo_phash,photo_exif_lat,photo_exif_lon,declared_category_at_completion,milestone_count,anomaly_label
WRK-KER-00287,Kerala,Kozhikode,Kozhikode,Lok Sabha,Girish Joshi,Construction of Public Toilet Complex Panchayat East,Sanitation,Zilla Parishad Works Department,VEN-KER-004,Namma Engineering Works,2024-12-31,2025-01-17,2662589,2466819,1925518,75,152,In Progress,11.044842,76.518147,82b783d04b0b54d5,11.044494,76.519561,Sanitation,2,COMPLIANT
WRK-DEL-00634,Delhi,New Delhi,New Delhi,Lok Sabha,Kavita Tripathi,Repair of Village Approach Road Ward 4,Roads & Connectivity,District Rural Development Agency,VEN-DEL-002,Ganga Infrastructure Solutions,2024-03-24,2024-04-12,3980677,3593632,0,0,885,Stalled,28.372903,76.919035,b55d7f4394cdcacf,28.374887,76.917822,Roads & Connectivity,0,COMPLIANT
WRK-MIZ-00372,Mizoram,Aizawl,Aizawl,Lok Sabha,Naveen Deshmukh,Construction of Health Wellness Centre Panchayat West,Health Infrastructure,Zilla Parishad Works Department,VEN-MIZ-002,Deccan Builders & Co,2024-03-09,2024-03-23,459675,434614,443140,100,0,Completed,22.853387,92.910027,7362fc770f8755ed,22.85306,92.911068,Health Infrastructure,2,COMPLIANT
WRK-ASS-00071,Assam,Nagaon,Nagaon,Lok Sabha,Neha Bhatt,Installation of RO Drinking Water Unit Panchayat West,Drinking Water,Zilla Parishad Works Department,VEN-ASS-001,Nilgiri Construction Pvt Ltd,2024-11-21,2024-12-18,2520138,2655870,2445895,100,0,Completed,26.499486,93.290504,d1ea89e65e939f59,26.499178,93.292167,Drinking Water,2,COMPLIANT
WRK-JAM-00654,Jammu and Kashmir,Srinagar,Srinagar,Lok Sabha,Manoj Iyer,Panchayat Bhawan Renovation Ward 4,Community Infrastructure,Zilla Parishad Works Department,VEN-JAM-001,Ganga Electricals,2024-05-01,2024-05-23,2855218,3216889,1116364,40,507,Stalled,33.470667,76.270594,38c719e73cf3890c,33.47113,76.272208,Community Infrastructure,2,COMPLIANT
WRK-CHH-00115,Chhattisgarh,Bilaspur,Bilaspur,Lok Sabha,Pooja Nair,Vocational Training Centre Setup Panchayat West,Skill Development,Zilla Parishad Works Department,VEN-CHH-003,Deccan Waterworks Solutions,2024-10-25,2024-11-12,1336116,1507076,0,0,671,Stalled,21.662828,82.120802,e31673ebe0996a3b,21.664646,82.12202,Skill Development,0,COMPLIANT
WRK-TAM-00509,Tamil Nadu,Coimbatore,Coimbatore,Lok Sabha,Vikram Nair,Nala Deepening and Widening Colony Block A,Drainage,Zilla Parishad Works Department,VEN-TAM-001,Ganga Infra Projects,2023-11-24,2023-12-10,1291553,744115,1291553,100,0,Completed,11.250294,78.266485,e3b5bb6d44457ad6,11.249145,78.265365,Drainage,2,SOR_INFLATION
WRK-GOA-00135,Goa,South Goa,South Goa,Lok Sabha,Girish Mishra,Village Electrification Works Panchayat West,Electrification,Public Works Division,VEN-GOA-001,Malwa Developers,2024-10-28,2024-11-14,3046918,3409037,2234150,75,168,In Progress,15.366526,74.30001,01e346f317ce9f06,15.365707,74.298795,Electrification,2,COMPLIANT
WRK-JAM-00653,Jammu and Kashmir,Srinagar,Srinagar,Lok Sabha,Manoj Iyer,Construction of Community Hall Ward 4,Public Amenities,Municipal Corporation Engineering Wing,VEN-JAM-001,Ganga Electricals,2024-08-21,2024-09-16,1300885,1244746,506762,40,437,Stalled,34.003433,76.87736,d61eee18dc4908d3,34.002344,76.879085,Public Amenities,2,COMPLIANT
WRK-UTT-00561,Uttar Pradesh,Lucknow,Lucknow,Rajya Sabha,Manoj Tripathi,Installation of Solar Street Lighting Colony Block A,Electrification,Zilla Parishad Works Department,VEN-UTT-003,Kashi Builders & Co,2023-05-19,2023-06-03,400851,471501,231034,60,480,Stalled,26.824347,81.272986,a595a74b67daee4e,26.82275,81.271725,Electrification,2,COMPLIANT
WRK-UTT-00706,Uttarakhand,Dehradun,Dehradun,Lok Sabha,Vinod Rao,Drainage Canal Package C,Drainage,Panchayati Raj Engineering Dept,VEN-UTT-002,Sindhudurg Construction Pvt Ltd,2024-03-07,2024-03-23,990605,950980,495302,50,20,In Progress,30.117481,78.90275,281e015b014becb4,0,0,Drainage,1,TENDER_SPLITTING
WRK-CHH-00110,Chhattisgarh,Bilaspur,Bilaspur,Lok Sabha,Pooja Nair,Construction of Storm Water Drainage Ward 4,Drainage,Public Works Division,VEN-CHH-001,Vindhya Infrastructure Solutions,2023-08-19,2023-09-08,3643152,3672077,697625,20,882,Stalled,21.593205,81.577925,17e68e6914599f75,21.59493,81.577199,Drainage,2,COMPLIANT
WRK-MAD-00298,Madhya Pradesh,Indore,Indore,Rajya Sabha,Anil Chauhan,Construction of Health Wellness Centre Ward 4,Health Infrastructure,Public Works Division,VEN-MAD-005,Shivalik Electricals,2025-05-01,2025-05-24,3600616,3747829,2924538,10,0,In Progress,22.786053,78.289423,a062a8c2a168d4e7,22.784335,78.288639,Health Infrastructure,2,EXPENDITURE_PROGRESS_MISMATCH
WRK-UTT-00607,Uttarakhand,Nainital,Nainital,Lok Sabha,Ashok Naik,Renovation of Primary Health Sub-Centre Panchayat West,Health Infrastructure,Municipal Corporation Engineering Wing,VEN-UTT-002,Sindhudurg Construction Pvt Ltd,2025-01-28,2025-02-14,1403437,1545383,1245808,90,58,In Progress,30.312478,78.921786,5cf32cfc1bddd0a1,30.31152,78.919993,Health Infrastructure,2,COMPLIANT
WRK-ODI-00407,Odisha,Khordha,Khordha,Lok Sabha,Sunil Gupta,Construction of Health Wellness Centre Municipal Ward 18,Health Infrastructure,District Rural Development Agency,VEN-ODI-004,Vindhya Builders & Co,2024-10-27,2024-11-11,2101964,2425191,1536642,75,168,In Progress,21.328397,85.192052,44c5d85ce9b2e998,21.327808,85.193963,Health Infrastructure,2,COMPLIANT
WRK-KER-00284,Kerala,Kozhikode,Kozhikode,Lok Sabha,Girish Joshi,Village Electrification Works Gram Sabha Zone 2,Electrification,Public Works Division,VEN-KER-005,Sri Balaji Developers,2024-01-04,2024-01-31,1928732,2165814,0,0,957,Stalled,10.928567,76.375938,8aa6c7e8f581d06f,10.92911,76.376194,Electrification,0,COMPLIANT
WRK-UTT-00574,Uttar Pradesh,Varanasi,Varanasi,Lok Sabha,Manoj Tripathi,Construction of Storm Water Drainage Panchayat East,Drainage,Zilla Parishad Works Department,VEN-UTT-001,Nilgiri Developers,2023-05-16,2023-05-29,2426801,2584394,0,0,1204,Stalled,26.778928,80.547168,e529be14a2fa31c4,26.777825,80.546075,Drainage,0,COMPLIANT
WRK-MIZ-00377,Mizoram,Lunglei,Lunglei,Lok Sabha,Naveen Deshmukh,Construction of Health Wellness Centre Ward 9,Health Infrastructure,Municipal Corporation Engineering Wing,VEN-MIZ-001,Kashi Builders & Co,2024-09-09,2024-09-30,456015,516269,266294,60,286,Stalled,22.797199,92.830746,7003054781360353,22.797792,92.831565,Health Infrastructure,2,COMPLIANT
WRK-TAM-00496,Tamil Nadu,Chennai,Chennai,Lok Sabha,Vikram Nair,Nala Deepening and Widening New Township Sector 3,Drainage,Public Works Division,VEN-TAM-004,Cauvery Electricals,2024-03-14,2024-03-26,1780478,1613131,704005,40,542,Stalled,11.285453,78.424568,6da174023be1cc84,11.285253,78.424802,Drainage,2,COMPLIANT
WRK-BIH-00073,Bihar,Patna,Patna,Lok Sabha,Rekha Singh,Nala Deepening and Widening Sector 7,Drainage,District Rural Development Agency,VEN-BIH-004,Kashi Builders & Co,2024-07-08,2024-07-28,922788,960222,547494,60,312,Stalled,25.150175,84.981066,bd39f6c1f55b84b5,25.148385,84.979696,Drainage,2,COMPLIANT
WRK-BIH-00094,Bihar,Muzaffarpur,Muzaffarpur,Lok Sabha,Rekha Singh,Construction of CC Road at Sector 7,Roads & Connectivity,Zilla Parishad Works Department,VEN-BIH-003,Konkan Electricals,2024-02-12,2024-03-09,2259383,1970272,0,0,919,Stalled,24.725397,85.43062,62a38410ae806a64,24.724541,85.432069,Roads & Connectivity,0,COMPLIANT
WRK-GOA-00136,Goa,South Goa,South Goa,Lok Sabha,Girish Mishra,Vocational Training Centre Setup Municipal Ward 18,Skill Development,Public Works Division,VEN-GOA-003,Deccan Electricals,2025-05-21,2025-06-15,3476578,3334821,676570,20,365,Stalled,15.485518,74.005741,f29e66e526caa4e6,15.484078,74.005927,Skill Development,2,COMPLIANT
WRK-ARU-00048,Arunachal Pradesh,East Siang,East Siang,Lok Sabha,Anil Mishra,Renovation of Primary Health Sub-Centre Panchayat East,Health Infrastructure,Zilla Parishad Works Department,VEN-ARU-002,Malwa Nirman Udyog,2024-07-25,2024-08-20,2980068,3032628,2143580,75,189,Stalled,28.286264,94.835628,ad20f3743efa9e66,28.286231,94.833993,Health Infrastructure,2,COMPLIANT
WRK-DEL-00644,Delhi,South Delhi,South Delhi,Lok Sabha,Kavita Tripathi,Village Electrification Works Ward 12,Electrification,Public Works Division,VEN-DEL-004,Sri Balaji Electricals,2024-01-09,2024-01-19,922878,964019,0,0,969,Stalled,29.02614,77.122545,2b2293027acb4a34,29.026192,77.121243,Electrification,0,COMPLIANT
WRK-AND-00703,Andhra Pradesh,Guntur,Visakhapatnam,Lok Sabha,Pradeep Tripathi,Drainage Canal Package C,Drainage,Municipal Corporation Engineering Wing,VEN-AND-003,Konkan Builders & Co,2024-02-20,2024-03-07,985470,946051,492735,50,20,In Progress,15.927527,79.937645,44fffc08525193bc,0,0,Drainage,1,TENDER_SPLITTING
WRK-ASS-00054,Assam,Kamrup,Kamrup,Lok Sabha,Neha Bhatt,Vocational Training Centre Setup Colony Block A,Skill Development,Panchayati Raj Engineering Dept,VEN-ASS-002,Purvanchal Nirman Udyog,2024-08-20,2024-08-31,830085,829515,494806,60,298,Stalled,26.499952,92.889845,5e885643220c61e0,26.500056,92.889673,Skill Development,2,COMPLIANT
WRK-SIK-00481,Sikkim,East Sikkim,East Sikkim,Lok Sabha,Kamlesh Naik,Nala Deepening and Widening Ward 4,Drainage,Public Works Division,VEN-SIK-004,Ganga Nirman Udyog,2024-05-16,2024-05-29,3107540,2889152,2777849,90,84,In Progress,27.76298,88.611407,c8e1c38cafd7b3bb,27.762794,88.611264,Drainage,2,COMPLIANT
WRK-BIH-00087,Bihar,Gaya,Gaya,Rajya Sabha,Rekha Singh,Development of Public Ground Colony Block A,Public Amenities,Zilla Parishad Works Department,VEN-BIH-002,Deccan Engineering Works,2023-10-22,2023-11-20,979011,880485,961446,100,0,Completed,25.395394,85.356733,e92a9047a21d7cbd,25.393804,85.358117,Public Amenities,2,COMPLIANT
WRK-MEG-00357,Meghalaya,East Khasi Hills,East Khasi Hills,Lok Sabha,Ravi Naik,Construction of Additional Classrooms Panchayat East,Education Infrastructure,Zilla Parishad Works Department,VEN-MEG-004,Namma Civil Contractors,2025-02-05,2025-02-17,2937628,2979239,2177813,75,144,In Progress,25.620777,91.500263,b6adbeab23b0368a,25.621857,91.499292,Education Infrastructure,2,COMPLIANT
WRK-ASS-00070,Assam,Nagaon,Nagaon,Lok Sabha,Neha Bhatt,Community Sanitation Block Colony Block A,Sanitation,District Rural Development Agency,VEN-ASS-004,Namma Nirman Udyog,2024-05-13,2024-06-05,2952036,3360216,1140225,40,499,Stalled,26.004512,93.300474,0f8d53db0a810580,26.005259,93.300371,Sanitation,2,COMPLIANT
WRK-HIM-00199,Himachal Pradesh,Shimla,Shimla,Lok Sabha,Sanjeev Patel,Installation of RO Drinking Water Unit Ward 4,Drinking Water,Municipal Corporation Engineering Wing,VEN-HIM-002,Nilgiri Electricals,2025-01-13,2025-02-01,638560,643664,616477,100,0,Completed,31.022774,77.164677,b42e985a3422cee2,31.023418,77.163042,Drinking Water,2,COMPLIANT
WRK-WES-00611,West Bengal,Kolkata,Kolkata,Lok Sabha,Anita Chauhan,Establishment of IT Skill Development Centre Sector 7,Skill Development,Zilla Parishad Works Department,VEN-WES-003,Kashi Nirman Udyog,2025-03-26,2025-04-22,2847137,3034369,553371,20,408,Stalled,23.343877,88.192878,a118ef8637f3a5dd,23.342877,88.19167,Skill Development,2,COMPLIANT
WRK-MEG-00354,Meghalaya,East Khasi Hills,East Khasi Hills,Lok Sabha,Ravi Naik,Nala Deepening and Widening Panchayat West,Drainage,Municipal Corporation Engineering Wing,VEN-MEG-003,Ganga Civil Contractors,2024-03-09,2024-03-27,1549056,1420247,1141712,75,226,Stalled,25.379923,91.584721,d429ba551bb65373,25.380919,91.585658,Drainage,2,COMPLIANT
WRK-MAH-00320,Maharashtra,Pune,Pune,Lok Sabha,Sunil Joshi,Panchayat Bhawan Renovation Panchayat East,Community Infrastructure,Municipal Corporation Engineering Wing,VEN-MAH-004,Ganga Construction Pvt Ltd,2023-09-18,2023-10-11,1586979,1534885,1562377,100,0,Completed,20.074441,75.684763,58be8f149783f866,20.075025,75.683125,Community Infrastructure,2,COMPLIANT
WRK-CHH-00117,Chhattisgarh,Bilaspur,Bilaspur,Lok Sabha,Pooja Nair,Construction of Storm Water Drainage Sector 7,Drainage,Panchayati Raj Engineering Dept,VEN-CHH-001,Vindhya Infrastructure Solutions,2023-07-12,2023-08-04,1795248,1685351,1766631,100,0,Completed,20.988674,82.237715,6dffe7f643edb45e,20.990586,82.236347,Drainage,2,COMPLIANT
WRK-PUN-00438,Punjab,Amritsar,Amritsar,Lok Sabha,Pradeep Patel,Renovation of Government Primary School Panchayat East,Education Infrastructure,Zilla Parishad Works Department,VEN-PUN-005,Namma Builders & Co,2024-06-11,2024-06-30,2320358,2684611,2310763,100,0,Completed,31.157832,75.349721,a466f2170c549eeb,31.157484,75.34958,Education Infrastructure,2,COMPLIANT
WRK-RAJ-00459,Rajasthan,Jaipur,Jaipur,Lok Sabha,Girish Bhatt,Panchayat Bhawan Renovation Gram Sabha Zone 2,Community Infrastructure,Panchayati Raj Engineering Dept,VEN-RAJ-006,Purvanchal Nirman Udyog,2024-05-31,2024-06-15,907002,905431,178780,20,657,Stalled,26.727308,74.38152,ecaef045ba6ef359,26.728761,74.379992,Community Infrastructure,2,COMPLIANT
WRK-WES-00624,West Bengal,Howrah,Howrah,Lok Sabha,Anita Chauhan,Installation of RO Drinking Water Unit Sector 7,Drinking Water,Public Works Division,VEN-WES-004,Cauvery Infrastructure Solutions,2023-10-09,2023-10-27,416906,419899,0,0,1053,Stalled,22.799263,88.196542,7c377d3ec572245a,22.797599,88.196268,Drinking Water,0,COMPLIANT
WRK-ARU-00039,Arunachal Pradesh,West Kameng,West Kameng,Lok Sabha,Anil Mishra,Village Electrification Works Panchayat East,Electrification,District Rural Development Agency,VEN-ARU-005,Vindhya Engineering Works,2023-04-11,2023-05-07,964432,1101348,375908,40,736,Stalled,28.424532,94.880287,4611b1009c44de9f,28.425116,94.88025,Electrification,2,COMPLIANT
WRK-JHA-00230,Jharkhand,Dhanbad,Dhanbad,Lok Sabha,Manoj Sharma,Establishment of IT Skill Development Centre Panchayat West,Skill Development,Public Works Division,VEN-JHA-004,Sri Balaji Engineering Works,2025-05-03,2025-06-02,699955,374529,279982,40,282,Stalled,23.649479,85.540627,46a1bea14417727d,23.650646,85.54248,Skill Development,2,SOR_INFLATION
WRK-BIH-00098,Bihar,Muzaffarpur,Muzaffarpur,Lok Sabha,Rekha Singh,Upgradation of Public Park Ward 4,Parks & Recreation,Municipal Corporation Engineering Wing,VEN-BIH-006,Purvanchal Builders & Co,2024-07-04,2024-07-25,1829049,1860337,1790083,100,0,Completed,25.119668,85.231527,837f5cd17febda59,25.120266,85.230525,Parks & Recreation,2,COMPLIANT
WRK-ASS-00061,Assam,Dibrugarh,Dibrugarh,Rajya Sabha,Neha Bhatt,Construction of Additional Classrooms Municipal Ward 18,Education Infrastructure,Panchayati Raj Engineering Dept,VEN-ASS-003,Malwa Electricals,2023-09-16,2023-10-04,4259909,3758999,212995,5,207,Stalled,26.071572,92.629736,f36af91137ac8d12,26.073424,92.628299,Education Infrastructure,2,CAPITAL_DORMANCY
WRK-ODI-00420,Odisha,Cuttack,Cuttack,Lok Sabha,Sunil Gupta,Panchayat Bhawan Renovation Panchayat East,Community Infrastructure,Municipal Corporation Engineering Wing,VEN-ODI-007,Om Sai Construction Pvt Ltd,2025-03-02,2025-03-15,2823590,2543578,547450,20,439,Stalled,21.279531,85.01288,6246cf41b8ae9c6f,21.281443,85.011902,Community Infrastructure,2,COMPLIANT
WRK-TRI-00549,Tripura,West Tripura,West Tripura,Lok Sabha,Rajesh Bhatt,Widening of Internal Road Panchayat West,Roads & Connectivity,Municipal Corporation Engineering Wing,VEN-TRI-002,Vindhya Infra Projects,2025-02-23,2025-03-24,2181677,2054241,2120476,100,0,Completed,23.824001,91.963133,ebd9f2d6ea4a5dc9,23.823148,91.964943,Roads & Connectivity,2,COMPLIANT
WRK-ARU-00031,Arunachal Pradesh,West Kameng,West Kameng,Lok Sabha,Anil Mishra,Village Electrification Works Municipal Ward 18,Electrification,Panchayati Raj Engineering Dept,VEN-ARU-004,Shivalik Waterworks Solutions,2023-06-03,2023-06-19,3702519,3793398,3675996,100,0,Completed,28.430476,94.632105,d7dbadd024d0bd0c,28.4285,94.631512,Electrification,2,COMPLIANT
WRK-TEL-00523,Telangana,Hyderabad,Hyderabad,Rajya Sabha,Geeta Nair,Overhead Water Tank Construction Gram Sabha Zone 2,Drinking Water,Municipal Corporation Engineering Wing,VEN-TEL-002,Nilgiri Waterworks Solutions,2023-10-08,2023-10-24,588428,547388,509973,90,106,In Progress,18.434219,78.946334,ff35ff9202b3d82f,18.434726,78.946832,Drinking Water,2,COMPLIANT
WRK-JHA-00220,Jharkhand,Ranchi,Ranchi,Lok Sabha,Manoj Sharma,Construction of Storm Water Drainage Ward 12,Drainage,District Rural Development Agency,VEN-JHA-003,Konkan Nirman Udyog,2025-03-29,2025-04-28,3119662,3622422,2312985,75,126,In Progress,23.708708,85.355039,07bc2e0b771125bd,23.7069,85.353471,Drainage,2,COMPLIANT
WRK-ARU-00687,Arunachal Pradesh,West Kameng,West Kameng,Lok Sabha,Anil Mishra,Construction of Community Centre Gram Sabha Zone 2 Extension,Community Infrastructure,Panchayati Raj Engineering Dept,VEN-ARU-004,Shivalik Waterworks Solutions,2024-04-05,2024-08-07,3730244,3775850,2051634,55,51,In Progress,28.404353,95.09905,d047e79f085c6219,28.404116,95.101412,Community Infrastructure,2,DUPLICATE_ASSET
WRK-AND-00011,Andhra Pradesh,Guntur,Guntur,Lok Sabha,Kamlesh Mishra,Renovation of Primary Health Sub-Centre Ward 4,Health Infrastructure,Panchayati Raj Engineering Dept,VEN-AND-001,Sri Balaji Civil Contractors,2023-05-03,2023-05-23,599733,597197,442355,75,303,Stalled,15.684289,79.445849,be30a32e64b65737,15.686031,79.446133,Health Infrastructure,2,COMPLIANT
WRK-TAM-00510,Tamil Nadu,Madurai,Madurai,Lok Sabha,Vikram Nair,Construction of CC Road at Ward 9,Roads & Connectivity,Zilla Parishad Works Department,VEN-TAM-004,Cauvery Electricals,2024-02-03,2024-03-03,2742536,2395373,2703116,100,0,Completed,11.360108,78.994679,b2f099cfb2630682,11.360385,78.993687,Roads & Connectivity,2,COMPLIANT
WRK-MIZ-00369,Mizoram,Aizawl,Aizawl,Rajya Sabha,Naveen Deshmukh,Construction of CC Road at Sector 7,Roads & Connectivity,Panchayati Raj Engineering Dept,VEN-MIZ-002,Deccan Builders & Co,2025-03-02,2025-03-27,2154969,2386728,2053041,100,0,Completed,23.055854,92.705272,4bb47140c7ae5825,23.05486,92.705739,Roads & Connectivity,2,COMPLIANT
WRK-ODI-00416,Odisha,Cuttack,Cuttack,Lok Sabha,Sunil Gupta,Construction of Community Hall Municipal Ward 18,Public Amenities,District Rural Development Agency,VEN-ODI-006,Deccan Builders & Co,2023-05-14,2023-06-08,3065174,3580926,2960023,100,0,Completed,20.790083,84.749365,783ce3a93bc54411,20.791903,84.750952,Public Amenities,2,COMPLIANT
WRK-UTT-00599,Uttarakhand,Nainital,Nainital,Lok Sabha,Ashok Naik,Repair of Village Approach Road Panchayat West,Roads & Connectivity,Public Works Division,VEN-UTT-001,Konkan Construction Pvt Ltd,2024-02-04,2024-02-23,2636178,2405897,2596545,100,0,Completed,30.185929,78.984098,c0bed2c8df647d12,30.185571,78.983507,Roads & Connectivity,2,COMPLIANT
WRK-TAM-00513,Tamil Nadu,Madurai,Madurai,Lok Sabha,Vikram Nair,Community Sanitation Block New Township Sector 3,Sanitation,Zilla Parishad Works Department,VEN-TAM-003,Ganga Infrastructure Solutions,2023-08-16,2023-09-03,1702154,1631853,1661376,100,0,Completed,11.509154,78.775337,cf36c2f0085ca5df,11.508308,78.773432,Sanitation,2,COMPLIANT
WRK-ARU-00037,Arunachal Pradesh,West Kameng,West Kameng,Lok Sabha,Anil Mishra,Construction of Community Centre Gram Sabha Zone 2,Community Infrastructure,Panchayati Raj Engineering Dept,VEN-ARU-004,Shivalik Waterworks Solutions,2024-04-05,2024-05-05,3730244,3775850,3624955,100,0,Completed,28.405036,95.100179,d047e79f085c6219,28.404116,95.101412,Community Infrastructure,2,COMPLIANT
WRK-UTT-00589,Uttarakhand,Haridwar,Haridwar,Lok Sabha,Ashok Naik,Upgradation of Public Park Ward 9,Parks & Recreation,Panchayati Raj Engineering Dept,VEN-UTT-005,Sindhudurg Nirman Udyog,2025-01-02,2025-01-27,773324,708550,764288,100,0,Completed,29.914434,79.313327,fd34da58d1d794a1,29.915624,79.314908,Parks & Recreation,2,COMPLIANT
WRK-BIH-00089,Bihar,Gaya,Gaya,Lok Sabha,Rekha Singh,Installation of Solar Street Lighting Sector 7,Electrification,Public Works Division,VEN-BIH-003,Konkan Electricals,2023-07-11,2023-08-10,1855464,1706309,1727705,15,0,In Progress,25.430017,85.291064,b62f4fe8acf41ad5,25.431341,85.292099,Electrification,2,EXPENDITURE_PROGRESS_MISMATCH
WRK-MAN-00347,Manipur,Imphal West,Imphal West,Lok Sabha,Kamlesh Chauhan,Vocational Training Centre Setup Colony Block A,Skill Development,District Rural Development Agency,VEN-MAN-002,Sindhudurg Civil Contractors,2023-10-08,2023-10-31,2416720,2835764,479641,20,840,Stalled,24.4531,93.907683,a07968e317f3cdd9,24.452743,93.907868,Skill Development,2,COMPLIANT
WRK-HAR-00180,Haryana,Faridabad,Faridabad,Lok Sabha,Vikram Reddy,Construction of Community Centre Ward 4,Community Infrastructure,Public Works Division,VEN-HAR-005,Vindhya Civil Contractors,2024-03-20,2024-04-19,4043216,3821428,4033308,100,0,Completed,28.65997,76.211443,3d298420e04e5949,28.661366,76.212352,Community Infrastructure,2,COMPLIANT
WRK-TAM-00505,Tamil Nadu,Coimbatore,Coimbatore,Lok Sabha,Vikram Nair,Construction of CC Road at Panchayat East,Roads & Connectivity,Municipal Corporation Engineering Wing,VEN-TAM-002,Sindhudurg Waterworks Solutions,2024-02-29,2024-03-24,2306178,2333227,2254107,100,0,Completed,10.920935,79.016915,34451cf3e26dc0d8,10.919496,79.018197,Roads & Connectivity,2,COMPLIANT
WRK-ODI-00405,Odisha,Khordha,Khordha,Lok Sabha,Sunil Gupta,Construction of Health Wellness Centre Gram Sabha Zone 2,Health Infrastructure,Zilla Parishad Works Department,VEN-ODI-005,Cauvery Electricals,2023-12-24,2024-01-20,1902891,1741228,0,0,968,Stalled,21.313764,84.723779,a60922e4dfaf71b8,21.313486,84.725439,Health Infrastructure,0,COMPLIANT
WRK-PUN-00441,Punjab,Amritsar,Amritsar,Lok Sabha,Pradeep Patel,Panchayat Bhawan Renovation New Township Sector 3,Community Infrastructure,Municipal Corporation Engineering Wing,VEN-PUN-003,Malwa Nirman Udyog,2024-12-24,2025-01-22,1916707,1813006,759193,40,360,Stalled,30.817208,75.049291,0c6361b857a6bc8c,30.815971,75.050555,Community Infrastructure,2,COMPLIANT
WRK-MIZ-00370,Mizoram,Aizawl,Aizawl,Lok Sabha,Naveen Deshmukh,Construction of CC Road at Municipal Ward 18,Roads & Connectivity,District Rural Development Agency,VEN-MIZ-002,Deccan Builders & Co,2023-04-30,2023-05-25,2176356,2459662,1931435,90,121,In Progress,23.238665,92.798378,7863db8114bf22e0,23.23746,92.799085,Roads & Connectivity,2,COMPLIANT
WRK-AND-00005,Andhra Pradesh,Visakhapatnam,Visakhapatnam,Lok Sabha,Kamlesh Mishra,Village Electrification Works Colony Block A,Electrification,Public Works Division,VEN-AND-001,Sri Balaji Civil Contractors,2023-11-03,2023-12-01,4235663,3975752,3746421,90,102,In Progress,15.829406,80.071638,9cf3b683a41866c3,15.829241,80.070698,Electrification,2,COMPLIANT
WRK-HAR-00186,Haryana,Panipat,Panipat,Lok Sabha,Vikram Reddy,Installation of RO Drinking Water Unit Ward 4,Drinking Water,Panchayati Raj Engineering Dept,VEN-HAR-002,Namma Builders & Co,2025-01-21,2025-02-14,3283021,3694444,1883389,60,231,Stalled,29.412625,75.72611,847e983fa35307b5,29.414322,75.725843,Drinking Water,2,COMPLIANT
WRK-JHA-00234,Jharkhand,Dhanbad,Dhanbad,Lok Sabha,Manoj Sharma,Renovation of Government Primary School New Township Sector 3,Education Infrastructure,Zilla Parishad Works Department,VEN-JHA-002,Purvanchal Engineering Works,2023-07-16,2023-08-07,3150082,3057846,1843186,60,454,Stalled,23.51793,85.663501,36b68fa7794bd12b,23.519594,85.66455,Education Infrastructure,2,COMPLIANT
WRK-RAJ-00457,Rajasthan,Jaipur,Jaipur,Lok Sabha,Girish Bhatt,Community Sanitation Block Panchayat West,Sanitation,District Rural Development Agency,VEN-RAJ-003,Shivalik Engineering Works,2025-02-11,2025-03-11,2783362,3120391,1086605,40,332,Stalled,26.821907,74.080178,1f06680d8e2329f8,26.822236,74.081469,Sanitation,2,COMPLIANT
WRK-PUN-00449,Punjab,Jalandhar,Jalandhar,Lok Sabha,Pradeep Patel,Construction of Storm Water Drainage New Township Sector 3,Drainage,Public Works Division,VEN-PUN-006,Om Sai Waterworks Solutions,2023-05-22,2023-06-15,3604241,3651193,3075383,20,0,In Progress,31.372422,75.428925,760f2e80459b7e56,31.373856,75.427332,Drainage,2,EXPENDITURE_PROGRESS_MISMATCH
WRK-MAN-00334,Manipur,Imphal East,Imphal East,Lok Sabha,Kamlesh Chauhan,Repair of Village Approach Road Gram Sabha Zone 2,Roads & Connectivity,Zilla Parishad Works Department,VEN-MAN-006,Shivalik Infra Projects,2024-09-16,2024-09-29,299248,317238,294565,100,0,Completed,24.73913,93.575961,d45e388840e60986,24.738998,93.574146,Roads & Connectivity,2,COMPLIANT
WRK-CHH-00109,Chhattisgarh,Raipur,Raipur,Lok Sabha,Pooja Nair,Panchayat Bhawan Renovation Municipal Ward 18,Community Infrastructure,Municipal Corporation Engineering Wing,VEN-CHH-005,Nilgiri Construction Pvt Ltd,2024-01-12,2024-02-10,3258860,3153798,3254799,100,0,Completed,21.193823,82.102018,ed5c099e6288cd67,21.193179,82.103774,Community Infrastructure,2,COMPLIANT
WRK-BIH-00097,Bihar,Muzaffarpur,Muzaffarpur,Lok Sabha,Rekha Singh,Construction of Community Centre Panchayat East,Community Infrastructure,Zilla Parishad Works Department,VEN-BIH-001,Om Sai Developers,2025-02-16,2025-03-18,1921601,2003769,1917065,100,0,Completed,24.810324,85.399158,6666c1c357e2baaf,24.811449,85.397297,Roads & Connectivity,2,CATEGORY_DEVIATION
WRK-BIH-00079,Bihar,Patna,Patna,Lok Sabha,Rekha Singh,Children's Play Area Development New Township Sector 3,Parks & Recreation,Zilla Parishad Works Department,VEN-BIH-006,Purvanchal Builders & Co,2024-10-30,2024-11-29,3397350,2964634,2024573,60,262,Stalled,25.197874,85.033866,0c75b6e51001d1eb,25.196147,85.033635,Parks & Recreation,2,COMPLIANT
WRK-KAR-00248,Karnataka,Bengaluru Urban,Bengaluru Urban,Lok Sabha,Neha Naik,Renovation of Primary Health Sub-Centre Panchayat West,Health Infrastructure,Panchayati Raj Engineering Dept,VEN-KAR-005,Nilgiri Nirman Udyog,2024-10-20,2024-11-03,704589,816885,275313,40,408,Stalled,15.674884,75.557653,1c7697e74b13fe44,15.675877,75.559267,Health Infrastructure,2,COMPLIANT
WRK-MAH-00329,Maharashtra,Nagpur,Nagpur,Lok Sabha,Sunil Joshi,Overhead Water Tank Construction Sector 7,Drinking Water,Zilla Parishad Works Department,VEN-MAH-004,Ganga Construction Pvt Ltd,2024-05-28,2024-06-08,1623346,1700026,1388786,90,83,In Progress,19.51245,75.539201,f8ca8e271b008495,19.513611,75.538432,Drinking Water,2,COMPLIANT
WRK-ASS-00059,Assam,Dibrugarh,Dibrugarh,Lok Sabha,Neha Bhatt,Children's Play Area Development Panchayat East,Parks & Recreation,Zilla Parishad Works Department,VEN-ASS-001,Nilgiri Construction Pvt Ltd,2025-02-03,2025-02-25,1237091,1451254,1231562,100,0,Completed,26.396738,93.203871,e72b7bc921f66048,26.39835,93.204974,Parks & Recreation,2,COMPLIANT
WRK-MAH-00311,Maharashtra,Mumbai City,Mumbai City,Lok Sabha,Sunil Joshi,Renovation of Primary Health Sub-Centre Colony Block A,Health Infrastructure,Public Works Division,VEN-MAH-004,Ganga Construction Pvt Ltd,2024-09-02,2024-09-15,1615649,1623118,0,0,729,Stalled,19.5106,76.087333,cd37d0f60aa7d769,19.510843,76.088183,Health Infrastructure,0,COMPLIANT
WRK-HAR-00174,Haryana,Faridabad,Faridabad,Lok Sabha,Vikram Reddy,Construction of Community Centre Sector 7,Community Infrastructure,Municipal Corporation Engineering Wing,VEN-HAR-002,Namma Builders & Co,2023-06-28,2023-07-21,775480,786482,748698,100,0,Completed,29.252155,76.278127,cfe27efa85dfd8c6,29.250633,76.278959,Community Infrastructure,2,COMPLIANT
WRK-ODI-00415,Odisha,Cuttack,Cuttack,Lok Sabha,Sunil Gupta,Children's Play Area Development Sector 7,Parks & Recreation,Municipal Corporation Engineering Wing,VEN-ODI-002,Konkan Infra Projects,2023-07-26,2023-08-09,948394,1104954,692238,75,283,Stalled,20.99956,85.047406,12d5d4b585a08fb0,21.000148,85.045554,Parks & Recreation,2,COMPLIANT
WRK-AND-00702,Andhra Pradesh,Guntur,Krishna,Lok Sabha,Kavita Deshmukh,Drainage Canal Package B,Drainage,Public Works Division,VEN-AND-003,Konkan Builders & Co,2024-02-20,2024-03-04,974637,935651,487318,50,20,In Progress,16.184097,79.662752,ce67664e27e02943,0,0,Drainage,1,TENDER_SPLITTING
WRK-ARU-00027,Arunachal Pradesh,Papum Pare,Papum Pare,Lok Sabha,Anil Mishra,Development of Public Ground Municipal Ward 18,Public Amenities,Public Works Division,VEN-ARU-001,Namma Infra Projects,2025-05-09,2025-05-26,2944353,3121909,2536945,90,48,In Progress,27.854971,95.114949,60206720636b94a0,27.758904,95.156053,Public Amenities,2,GEOFENCE_TAMPERING
WRK-CHH-00113,Chhattisgarh,Bilaspur,Bilaspur,Lok Sabha,Pooja Nair,Panchayat Bhawan Renovation Sector 7,Community Infrastructure,Municipal Corporation Engineering Wing,VEN-CHH-005,Nilgiri Construction Pvt Ltd,2024-12-17,2025-01-11,4374823,3960862,4310463,100,0,Completed,21.293647,81.914809,3cd4b633ae467e6d,21.295639,81.914722,Community Infrastructure,2,COMPLIANT
WRK-ARU-00032,Arunachal Pradesh,West Kameng,West Kameng,Lok Sabha,Anil Mishra,Construction of Storm Water Drainage New Township Sector 3,Drainage,Public Works Division,VEN-ARU-004,Shivalik Waterworks Solutions,2023-11-11,2023-11-29,2118861,2128028,819411,40,612,Stalled,28.361314,94.651253,85cfe8409927b667,28.359974,94.651123,Drainage,2,COMPLIANT
WRK-CHH-00120,Chhattisgarh,Durg,Durg,Lok Sabha,Pooja Nair,Establishment of IT Skill Development Centre Panchayat East,Skill Development,Public Works Division,VEN-CHH-001,Vindhya Infrastructure Solutions,2024-03-04,2024-03-19,3325041,3366536,2458693,75,228,Stalled,20.889967,81.73579,a94084953564cb67,20.889147,81.736488,Skill Development,2,COMPLIANT
WRK-NAG-00392,Nagaland,Dimapur,Dimapur,Lok Sabha,Anil Tripathi,Construction of CC Road at Panchayat East,Roads & Connectivity,Zilla Parishad Works Department,VEN-NAG-005,Malwa Infra Projects,2023-05-30,2023-06-13,2579223,1640839,2579223,100,0,Completed,25.800711,94.451331,b48d17f25d2f7700,25.801256,94.453152,Roads & Connectivity,2,SOR_INFLATION
WRK-GOA-00139,Goa,South Goa,South Goa,Rajya Sabha,Girish Mishra,Installation of RO Drinking Water Unit Municipal Ward 18,Drinking Water,Municipal Corporation Engineering Wing,VEN-GOA-002,Sindhudurg Builders & Co,2023-10-14,2023-11-12,2321826,2508116,1342061,60,415,Stalled,15.216817,74.022441,15fddc9b7d6777ee,15.216441,74.022701,Drinking Water,2,COMPLIANT
WRK-NAG-00391,Nagaland,Kohima,Kohima,Lok Sabha,Anil Tripathi,Establishment of IT Skill Development Centre Sector 7,Skill Development,District Rural Development Agency,VEN-NAG-001,Ganga Construction Pvt Ltd,2025-05-23,2025-06-10,2719176,2368002,2664641,100,0,Completed,26.047808,94.546789,f16a65fae898ee3f,26.047552,94.545821,Skill Development,2,COMPLIANT
WRK-KAR-00255,Karnataka,Mysuru,Mysuru,Lok Sabha,Neha Naik,School Boundary Wall Construction Ward 12,Education Infrastructure,Public Works Division,VEN-KAR-005,Nilgiri Nirman Udyog,2025-02-04,2025-02-18,3622387,3386671,2069153,60,230,Stalled,15.526478,75.4993,d6607271e1572218,15.525535,75.498236,Education Infrastructure,2,COMPLIANT
WRK-AND-00022,Andhra Pradesh,Krishna,Krishna,Lok Sabha,Kamlesh Mishra,Renovation of Government Primary School Sector 7,Education Infrastructure,District Rural Development Agency,VEN-AND-002,Kashi Engineering Works,2024-05-27,2024-06-06,1126973,1052293,668826,60,332,Stalled,15.842271,79.875926,27295739306cda0b,15.843211,79.874919,Education Infrastructure,2,COMPLIANT
WRK-AND-00015,Andhra Pradesh,Guntur,Guntur,Lok Sabha,Kamlesh Mishra,Establishment of IT Skill Development Centre Ward 12,Skill Development,Public Works Division,VEN-AND-003,Konkan Builders & Co,2023-11-09,2023-11-20,2922274,2729258,2885449,100,0,Completed,15.558632,79.807342,553aec99045f9cd0,15.558643,79.808753,Skill Development,2,COMPLIANT
WRK-KER-00281,Kerala,Ernakulam,Ernakulam,Lok Sabha,Girish Joshi,Community Sanitation Block Panchayat West,Sanitation,Municipal Corporation Engineering Wing,VEN-KER-003,Kashi Waterworks Solutions,2025-03-28,2025-04-15,2962368,2839168,2209299,75,130,In Progress,11.075279,76.622116,9980326bc5395e51,11.076271,76.6222,Sanitation,2,COMPLIANT
WRK-GOA-00126,Goa,North Goa,North Goa,Lok Sabha,Girish Mishra,Vocational Training Centre Setup Ward 4,Skill Development,Public Works Division,VEN-GOA-004,Shivalik Infra Projects,2023-10-02,2023-10-16,3661229,3512114,1418686,40,639,Stalled,15.612367,74.08283,ccfd38ec93e32b79,15.569851,74.094527,Skill Development,2,GEOFENCE_TAMPERING
WRK-BIH-00713,Bihar,Patna,Patna,Lok Sabha,Anita Singh,Drainage Canal Package C,Drainage,Municipal Corporation Engineering Wing,VEN-BIH-002,Deccan Engineering Works,2024-09-08,2024-09-24,989837,950243,494918,50,20,In Progress,25.300026,85.349392,958639aa3b18f662,0,0,Drainage,1,TENDER_SPLITTING
WRK-AND-00014,Andhra Pradesh,Guntur,Guntur,Lok Sabha,Kamlesh Mishra,Community Sanitation Block Ward 12,Sanitation,Public Works Division,VEN-AND-004,Vindhya Waterworks Solutions,2024-08-05,2024-08-21,3810033,3926606,3650894,100,0,Completed,15.514624,79.652337,2a924b01ea673304,15.51633,79.653478,Sanitation,2,COMPLIANT
WRK-CHH-00122,Chhattisgarh,Durg,Durg,Lok Sabha,Pooja Nair,Children's Play Area Development Ward 4,Parks & Recreation,District Rural Development Agency,VEN-CHH-006,Malwa Construction Pvt Ltd,2024-04-03,2024-04-20,588784,560568,113675,20,702,Stalled,21.203033,81.868116,f5127fafdd6bc6a2,21.204613,81.86893,Parks & Recreation,2,COMPLIANT
WRK-NAG-00385,Nagaland,Kohima,Kohima,Lok Sabha,Anil Tripathi,Development of Public Ground Gram Sabha Zone 2,Public Amenities,District Rural Development Agency,VEN-NAG-005,Malwa Infra Projects,2025-02-11,2025-02-25,3725165,3653665,720397,20,453,Stalled,25.848252,94.545585,7a34c6559c5862eb,25.846412,94.546297,Public Amenities,2,COMPLIANT
WRK-UTT-00597,Uttarakhand,Haridwar,Haridwar,Lok Sabha,Ashok Naik,Widening of Internal Road Municipal Ward 18,Roads & Connectivity,Panchayati Raj Engineering Dept,VEN-UTT-002,Sindhudurg Construction Pvt Ltd,2023-06-19,2023-07-17,2578166,2885840,1470651,60,462,Stalled,30.384001,79.366356,4c299cf52ce2fc36,30.383999,79.365622,Roads & Connectivity,2,COMPLIANT
WRK-UTT-00708,Uttar Pradesh,Lucknow,Kanpur Nagar,Lok Sabha,Meena Gupta,Drainage Canal Package B,Drainage,Zilla Parishad Works Department,VEN-UTT-003,Kashi Builders & Co,2024-10-04,2024-10-17,973352,934417,486676,50,20,In Progress,26.892093,81.15824,f1067beb49e45da4,0,0,Drainage,1,TENDER_SPLITTING
WRK-BIH-00081,Bihar,Patna,Patna,Lok Sabha,Rekha Singh,Widening of Internal Road Gram Sabha Zone 2,Roads & Connectivity,Municipal Corporation Engineering Wing,VEN-BIH-006,Purvanchal Builders & Co,2023-10-10,2023-10-30,2816831,2837578,2810876,100,0,Completed,25.056518,85.561873,d88f1f292b6c898a,25.057868,85.563803,Roads & Connectivity,2,COMPLIANT
WRK-SIK-00490,Sikkim,West Sikkim,West Sikkim,Lok Sabha,Kamlesh Naik,Construction of Storm Water Drainage Panchayat East,Drainage,Public Works Division,VEN-SIK-003,Sri Balaji Civil Contractors,2023-12-10,2023-12-21,3200884,2940142,3177117,100,0,Completed,27.907707,88.820867,d6f2ba133358cfff,27.906544,88.819193,Drainage,2,COMPLIANT
WRK-HIM-00211,Himachal Pradesh,Mandi,Mandi,Lok Sabha,Sanjeev Patel,Development of Public Ground Sector 7,Public Amenities,Zilla Parishad Works Department,VEN-HIM-003,Deccan Civil Contractors,2025-02-22,2025-03-20,3896741,3757410,3703335,100,0,Completed,31.504344,77.546588,bdcc0e32dad77aa3,31.505702,77.546834,Public Amenities,2,COMPLIANT
WRK-KER-00275,Kerala,Ernakulam,Ernakulam,Lok Sabha,Girish Joshi,Panchayat Bhawan Renovation Ward 12,Community Infrastructure,Public Works Division,VEN-KER-001,Vindhya Electricals,2025-03-16,2025-04-11,2106363,2229675,2002289,100,0,Completed,10.619102,76.335907,63010cae67f82d9d,10.618404,76.336358,Community Infrastructure,2,COMPLIANT
WRK-ARU-00047,Arunachal Pradesh,East Siang,East Siang,Lok Sabha,Anil Mishra,Nala Deepening and Widening Municipal Ward 18,Drainage,District Rural Development Agency,VEN-ARU-004,Shivalik Waterworks Solutions,2023-06-22,2023-07-21,521768,467188,26088,0,321,Stalled,27.838692,94.51094,5461297ce4f1bf24,27.839389,94.512382,Drainage,2,CAPITAL_DORMANCY
WRK-HIM-00195,Himachal Pradesh,Shimla,Shimla,Rajya Sabha,Sanjeev Patel,Construction of Community Hall Sector 7,Public Amenities,Zilla Parishad Works Department,VEN-HIM-001,Ganga Engineering Works,2024-03-24,2024-04-11,3177560,3601001,3026331,100,0,Completed,31.055376,77.109123,c620a896e401d3b1,31.054041,77.108779,Public Amenities,2,COMPLIANT
WRK-ODI-00421,Odisha,Cuttack,Cuttack,Lok Sabha,Sunil Gupta,School Boundary Wall Construction Gram Sabha Zone 2,Education Infrastructure,Panchayati Raj Engineering Dept,VEN-ODI-003,Vindhya Electricals,2025-05-25,2025-06-24,2178044,2004098,108902,5,325,Stalled,21.210258,85.450896,088d681e48b27e21,21.210142,85.450548,Education Infrastructure,2,CAPITAL_DORMANCY
WRK-MAN-00337,Manipur,Imphal East,Imphal East,Lok Sabha,Kamlesh Chauhan,Repair of Village Approach Road Ward 9,Roads & Connectivity,Panchayati Raj Engineering Dept,VEN-MAN-004,Namma Construction Pvt Ltd,2023-10-01,2023-10-30,2894418,2786199,567778,20,840,Stalled,24.513653,94.160254,81e3385b239fe343,24.514505,94.160937,Roads & Connectivity,2,COMPLIANT
WRK-CHH-00112,Chhattisgarh,Bilaspur,Bilaspur,Lok Sabha,Pooja Nair,Construction of Community Hall New Township Sector 3,Public Amenities,Zilla Parishad Works Department,VEN-CHH-006,Malwa Construction Pvt Ltd,2023-05-23,2023-06-20,2086303,2315148,798961,40,710,Stalled,21.423282,81.491356,09f49fa68343d9ec,21.425075,81.489796,Public Amenities,2,COMPLIANT
WRK-ASS-00051,Assam,Kamrup,Kamrup,Rajya Sabha,Neha Bhatt,Construction of Storm Water Drainage Colony Block A,Drainage,Municipal Corporation Engineering Wing,VEN-ASS-002,Purvanchal Nirman Udyog,2023-07-26,2023-08-19,827814,792688,807051,100,0,Completed,26.373883,92.944698,e3f480b9d4c6d0f0,26.372977,92.946037,Drainage,2,COMPLIANT
WRK-MAD-00304,Madhya Pradesh,Gwalior,Gwalior,Lok Sabha,Anil Chauhan,Upgradation of Public Park Panchayat East,Parks & Recreation,Public Works Division,VEN-MAD-005,Shivalik Electricals,2024-04-25,2024-05-07,3096185,3572068,1797143,60,344,Stalled,23.227113,78.590117,6c83e8002b7cfa6c,23.228584,78.591596,Parks & Recreation,2,COMPLIANT
WRK-CHH-00690,Chhattisgarh,Raipur,Raipur,Lok Sabha,Pooja Nair,Installation of RO Drinking Water Unit Ward 4 Extension,Drinking Water,Zilla Parishad Works Department,VEN-CHH-004,Namma Civil Contractors,2024-05-30,2024-09-24,2048403,2248011,1433882,70,19,In Progress,21.451934,82.054451,925b188ffe7d11c8,21.454833,82.055361,Drinking Water,2,DUPLICATE_ASSET
WRK-WES-00631,West Bengal,North 24 Parganas,North 24 Parganas,Lok Sabha,Anita Chauhan,Construction of Community Hall Municipal Ward 18,Public Amenities,Municipal Corporation Engineering Wing,VEN-WES-002,Sindhudurg Builders & Co,2024-05-25,2024-06-11,3519984,3065585,2058961,60,330,Stalled,22.782294,88.04781,1e9e24562cd2135f,22.784187,88.047248,Public Amenities,2,COMPLIANT
WRK-ODI-00402,Odisha,Khordha,Khordha,Lok Sabha,Sunil Gupta,Installation of RO Drinking Water Unit Ward 12,Drinking Water,Zilla Parishad Works Department,VEN-ODI-003,Vindhya Electricals,2023-10-21,2023-11-10,1172440,1139965,448405,40,624,Stalled,21.222187,85.27866,da0785cf0826b85d,21.221301,85.279514,Drinking Water,2,COMPLIANT
WRK-MAN-00340,Manipur,Imphal East,Imphal East,Lok Sabha,Kamlesh Chauhan,Construction of Health Wellness Centre Ward 9,Health Infrastructure,Panchayati Raj Engineering Dept,VEN-MAN-005,Om Sai Infrastructure Solutions,2024-07-16,2024-08-07,2704778,2776887,2379278,90,77,In Progress,25.042813,93.813353,0a366a143f5fea01,25.042176,93.814609,Health Infrastructure,2,COMPLIANT
WRK-JAM-00661,Jammu and Kashmir,Jammu,Jammu,Rajya Sabha,Manoj Iyer,Nala Deepening and Widening Colony Block A,Drainage,Zilla Parishad Works Department,VEN-JAM-004,Cauvery Civil Contractors,2024-06-08,2024-07-06,3384588,3316628,0,0,800,Stalled,34.146444,76.550066,e25b551e050ae22e,34.148414,76.549019,Drainage,0,COMPLIANT
WRK-ASS-00057,Assam,Dibrugarh,Dibrugarh,Lok Sabha,Neha Bhatt,Community Sanitation Block Municipal Ward 18,Sanitation,Zilla Parishad Works Department,VEN-ASS-002,Purvanchal Nirman Udyog,2023-09-22,2023-10-07,651950,631217,255821,40,644,Stalled,25.993264,93.267863,a65f0d05be0179d8,25.991836,93.267708,Sanitation,2,COMPLIANT
WRK-AND-00683,Andaman and Nicobar Islands,South Andaman,South Andaman,Lok Sabha,Girish Iyer,Construction of Public Toilet Complex Colony Block A,Sanitation,District Rural Development Agency,VEN-AND-003,Malwa Builders & Co,2023-12-24,2024-01-13,1958837,2024819,380507,20,780,Stalled,11.54866,92.302307,6909f3f4cc0272c9,11.548602,92.301183,Sanitation,2,COMPLIANT
WRK-UTT-00570,Uttar Pradesh,Varanasi,Varanasi,Lok Sabha,Manoj Tripathi,Construction of Community Hall New Township Sector 3,Public Amenities,Municipal Corporation Engineering Wing,VEN-UTT-004,Konkan Nirman Udyog,2023-11-12,2023-12-02,1300612,1427401,498281,40,611,Stalled,26.632079,81.127229,8835a7717d3426b5,26.631554,81.128838,Public Amenities,2,COMPLIANT
WRK-HIM-00215,Himachal Pradesh,Mandi,Mandi,Lok Sabha,Sanjeev Patel,Installation of Solar Street Lighting Ward 9,Electrification,Public Works Division,VEN-HIM-003,Deccan Civil Contractors,2023-11-15,2023-12-04,2241939,2063589,1302903,60,406,Stalled,31.173257,77.144409,0fc7fd4527155c20,31.171728,77.142624,Electrification,2,COMPLIANT
WRK-MEG-00359,Meghalaya,East Khasi Hills,East Khasi Hills,Lok Sabha,Ravi Naik,Construction of Health Wellness Centre Ward 9,Health Infrastructure,Panchayati Raj Engineering Dept,VEN-MEG-003,Ganga Civil Contractors,2023-07-15,2023-07-26,527766,605846,391415,75,287,Stalled,25.082012,91.364361,c42e093163299b6b,25.082623,91.362364,Health Infrastructure,2,COMPLIANT
WRK-NAG-00399,Nagaland,Dimapur,Dimapur,Lok Sabha,Anil Tripathi,Upgradation of Public Park Ward 4,Parks & Recreation,Public Works Division,VEN-NAG-006,Vindhya Infrastructure Solutions,2023-10-14,2023-11-02,1143434,1020470,0,0,1047,Stalled,26.338679,94.901786,e591673322c84d94,26.340361,94.903191,Parks & Recreation,0,COMPLIANT
WRK-GUJ-00166,Gujarat,Vadodara,Vadodara,Lok Sabha,Lakshmi Tripathi,Construction of CC Road at Ward 4,Roads & Connectivity,Zilla Parishad Works Department,VEN-GUJ-006,Om Sai Civil Contractors,2024-07-14,2024-07-24,926868,821088,900975,100,0,Completed,21.859241,71.558825,f513e09bce42cffe,21.85805,71.559579,Roads & Connectivity,2,COMPLIANT
WRK-CHH-00124,Chhattisgarh,Durg,Durg,Lok Sabha,Pooja Nair,Children's Play Area Development Ward 9,Parks & Recreation,Public Works Division,VEN-CHH-005,Nilgiri Construction Pvt Ltd,2025-03-21,2025-04-11,706143,627586,673016,100,0,Completed,21.316819,81.87049,05e28445c83ba27c,21.31711,81.869089,Parks & Recreation,2,COMPLIANT
WRK-KER-00270,Kerala,Thiruvananthapuram,Thiruvananthapuram,Lok Sabha,Girish Joshi,Drinking Water Hand Pump Installation Municipal Ward 18,Drinking Water,Public Works Division,VEN-KER-005,Sri Balaji Developers,2024-11-09,2024-11-27,3156508,3211651,1235025,40,394,Stalled,11.066474,76.477079,9caf45ebf6fe8d53,11.068319,76.476914,Drinking Water,2,COMPLIANT
WRK-ASS-00069,Assam,Nagaon,Nagaon,Lok Sabha,Neha Bhatt,Development of Public Ground New Township Sector 3,Public Amenities,Municipal Corporation Engineering Wing,VEN-ASS-004,Namma Nirman Udyog,2024-12-02,2024-12-28,1515549,1536890,578914,40,375,Stalled,26.362024,93.219834,f238c747dad5b415,26.362628,93.22091,Public Amenities,2,COMPLIANT
WRK-WES-00620,West Bengal,Howrah,Howrah,Lok Sabha,Anita Chauhan,Drinking Water Hand Pump Installation Ward 12,Drinking Water,Zilla Parishad Works Department,VEN-WES-002,Sindhudurg Builders & Co,2025-05-11,2025-06-08,4406052,3865803,1730424,40,278,Stalled,23.121388,87.872411,1fabffc921c7e323,23.12035,87.872323,Drinking Water,2,COMPLIANT
WRK-PUN-00431,Punjab,Ludhiana,Ludhiana,Lok Sabha,Pradeep Patel,Construction of Additional Classrooms Ward 4,Education Infrastructure,Municipal Corporation Engineering Wing,VEN-PUN-003,Malwa Nirman Udyog,2023-09-15,2023-10-09,1885098,2130519,358937,20,857,Stalled,31.032316,75.508423,c51f5041fd97c308,31.032257,75.508395,Education Infrastructure,2,COMPLIANT
WRK-MAH-00330,Maharashtra,Nagpur,Nagpur,Lok Sabha,Sunil Joshi,Drinking Water Hand Pump Installation Panchayat West,Drinking Water,Municipal Corporation Engineering Wing,VEN-MAH-004,Ganga Construction Pvt Ltd,2025-04-11,2025-05-09,3281706,2883663,3149455,100,0,Completed,20.01856,76.051724,94ba5b960a9d2ba6,20.018476,76.051622,Drinking Water,2,COMPLIANT
WRK-CHH-00123,Chhattisgarh,Durg,Durg,Lok Sabha,Pooja Nair,Construction of Community Hall Panchayat West,Public Amenities,Municipal Corporation Engineering Wing,VEN-CHH-002,Malwa Builders & Co,2023-08-15,2023-09-09,929776,942506,541571,60,441,Stalled,21.318088,81.842762,23d12ef277fd38e4,21.318238,81.843418,Public Amenities,2,COMPLIANT
WRK-MAD-00305,Madhya Pradesh,Gwalior,Gwalior,Rajya Sabha,Anil Chauhan,Renovation of Primary Health Sub-Centre Colony Block A,Health Infrastructure,Public Works Division,VEN-MAD-003,Kashi Infrastructure Solutions,2024-09-18,2024-09-29,1658947,1639310,1603109,100,0,Completed,23.131615,78.379458,a32ffa1a8f2aedae,23.13231,78.381447,Health Infrastructure,2,COMPLIANT
WRK-NAG-00398,Nagaland,Dimapur,Dimapur,Lok Sabha,Anil Tripathi,Community Sanitation Block Ward 12,Sanitation,Public Works Division,VEN-NAG-001,Ganga Construction Pvt Ltd,2023-07-02,2023-07-16,4131996,3847800,3091062,75,289,Stalled,26.036669,94.290846,f5fadfab9adee6a6,26.036672,94.29176,Sanitation,2,COMPLIANT
WRK-KAR-00246,Karnataka,Bengaluru Urban,Bengaluru Urban,Lok Sabha,Neha Naik,Construction of Health Wellness Centre Colony Block A,Health Infrastructure,Public Works Division,VEN-KAR-003,Vindhya Builders & Co,2023-04-18,2023-05-10,2766292,3124019,2716695,90,0,Completed,15.411979,75.918668,b446f9e846906d77,15.412321,75.919472,Health Infrastructure,2,RECYCLED_PROGRESSION_PHOTO
WRK-JHA-00226,Jharkhand,Ranchi,Ranchi,Lok Sabha,Manoj Sharma,Renovation of Primary Health Sub-Centre Ward 12,Health Infrastructure,Public Works Division,VEN-JHA-002,Purvanchal Engineering Works,2025-03-13,2025-03-24,3448933,3841459,1373449,40,324,Stalled,23.59634,85.335055,be90a502582828bd,23.596093,85.3355,Health Infrastructure,2,COMPLIANT
WRK-HAR-00179,Haryana,Faridabad,Faridabad,Rajya Sabha,Vikram Reddy,Vocational Training Centre Setup Ward 4,Skill Development,Municipal Corporation Engineering Wing,VEN-HAR-002,Namma Builders & Co,2024-01-24,2024-02-21,3379244,3590461,2959801,90,94,In Progress,29.132153,76.080289,00d6fb2648e63700,29.133243,76.079071,Skill Development,2,COMPLIANT
WRK-TEL-00535,Telangana,Warangal,Warangal,Lok Sabha,Geeta Nair,Construction of Public Toilet Complex Sector 7,Sanitation,Panchayati Raj Engineering Dept,VEN-TEL-002,Nilgiri Waterworks Solutions,2024-08-12,2024-09-03,1780421,1554523,1779625,100,0,Completed,18.150754,78.889228,a0d2e74f2412b5f2,18.151466,78.891189,Sanitation,2,COMPLIANT
WRK-ARU-00694,Arunachal Pradesh,East Siang,East Siang,Lok Sabha,Anil Mishra,Vocational Training Centre Setup Panchayat East Extension,Skill Development,District Rural Development Agency,VEN-ARU-003,Sri Balaji Waterworks Solutions,2024-11-03,2025-05-24,570799,552624,313939,55,15,In Progress,27.984459,94.49625,55f1972777e51eb4,27.984872,94.495248,Skill Development,2,DUPLICATE_ASSET
WRK-AND-00018,Andhra Pradesh,Krishna,Krishna,Lok Sabha,Kamlesh Mishra,Drinking Water Hand Pump Installation Sector 7,Drinking Water,District Rural Development Agency,VEN-AND-003,Konkan Builders & Co,2023-09-09,2023-10-03,6408890,3796979,4806667,75,270,Stalled,16.302686,79.863181,a718cbdf500e2dbb,16.300717,79.864449,Drinking Water,2,SOR_INFLATION
WRK-GUJ-00165,Gujarat,Vadodara,Vadodara,Rajya Sabha,Lakshmi Tripathi,Establishment of IT Skill Development Centre Panchayat West,Skill Development,Zilla Parishad Works Department,VEN-GUJ-007,Konkan Nirman Udyog,2024-09-29,2024-10-21,1384086,1213644,1214206,90,70,In Progress,22.116992,71.019274,94f49f0726617fe1,22.117181,71.017796,Skill Development,2,COMPLIANT
WRK-MEG-00361,Meghalaya,West Garo Hills,West Garo Hills,Lok Sabha,Ravi Naik,Construction of Community Centre Ward 4,Community Infrastructure,District Rural Development Agency,VEN-MEG-003,Ganga Civil Contractors,2024-09-29,2024-10-19,702706,637460,517748,75,174,In Progress,25.208295,90.997665,c67fefed20cbc562,25.037963,90.983764,Community Infrastructure,2,GEOFENCE_TAMPERING
WRK-HIM-00210,Himachal Pradesh,Kangra,Kangra,Lok Sabha,Sanjeev Patel,Construction of Community Hall Colony Block A,Public Amenities,Panchayati Raj Engineering Dept,VEN-HIM-001,Ganga Engineering Works,2024-07-29,2024-08-12,2719656,3015273,2614102,100,0,Completed,31.191475,77.527804,8fb07b62db269c9e,31.192326,77.528641,Public Amenities,2,COMPLIANT
WRK-BIH-00085,Bihar,Gaya,Gaya,Rajya Sabha,Rekha Singh,Overhead Water Tank Construction Municipal Ward 18,Drinking Water,Panchayati Raj Engineering Dept,VEN-BIH-006,Purvanchal Builders & Co,2024-09-21,2024-10-02,2925681,3076332,2866764,100,0,Completed,24.819502,85.057777,10da3394d5a9e2fe,24.820273,85.058276,Drinking Water,2,COMPLIANT
WRK-KAR-00262,Karnataka,Belagavi,Belagavi,Lok Sabha,Neha Naik,Upgradation of Public Park New Township Sector 3,Parks & Recreation,Panchayati Raj Engineering Dept,VEN-KAR-005,Nilgiri Nirman Udyog,2024-08-28,2024-09-10,687186,690867,683818,100,0,Completed,15.348729,75.31486,bd1acfe825d96bc9,15.35048,75.315574,Parks & Recreation,2,COMPLIANT
WRK-RAJ-00463,Rajasthan,Jodhpur,Jodhpur,Lok Sabha,Girish Bhatt,Installation of Solar Street Lighting Municipal Ward 18,Electrification,Public Works Division,VEN-RAJ-006,Purvanchal Nirman Udyog,2024-06-27,2024-07-15,2637714,3009170,2599099,100,0,Completed,27.081396,74.454827,076f695475f0789c,27.082226,74.455071,Electrification,2,COMPLIANT
WRK-RAJ-00478,Rajasthan,Udaipur,Udaipur,Lok Sabha,Girish Bhatt,Community Sanitation Block Ward 4,Sanitation,District Rural Development Agency,VEN-RAJ-004,Namma Builders & Co,2024-09-27,2024-10-21,1384969,1626414,1205008,90,70,In Progress,27.327879,74.464038,a955d5c4b09c3595,27.32984,74.462941,Sanitation,2,COMPLIANT
WRK-BIH-00712,Bihar,Gaya,Muzaffarpur,Lok Sabha,Ramesh Nair,Drainage Canal Package B,Drainage,Zilla Parishad Works Department,VEN-BIH-002,Deccan Engineering Works,2024-09-08,2024-09-21,995359,955544,497679,50,20,In Progress,25.29929,85.203283,0d53c4fad09d8e66,0,0,Drainage,1,TENDER_SPLITTING
WRK-TEL-00531,Telangana,Warangal,Warangal,Lok Sabha,Geeta Nair,Children's Play Area Development Ward 9,Parks & Recreation,Zilla Parishad Works Department,VEN-TEL-004,Sindhudurg Nirman Udyog,2025-04-04,2025-04-26,3172450,3042737,0,0,506,Stalled,18.06197,78.805994,8670327db231ec77,18.061006,78.805158,Parks & Recreation,0,COMPLIANT
WRK-AND-00685,Andaman and Nicobar Islands,South Andaman,South Andaman,Lok Sabha,Girish Iyer,Construction of Storm Water Drainage Ward 9,Drainage,Public Works Division,VEN-AND-002,Malwa Engineering Works,2024-04-05,2024-05-02,1297141,1132316,0,0,865,Stalled,11.914356,92.49075,f1ed3ed4b418452f,11.913002,92.490246,Drainage,0,COMPLIANT
WRK-PUN-00429,Punjab,Ludhiana,Ludhiana,Lok Sabha,Pradeep Patel,Establishment of IT Skill Development Centre Ward 12,Skill Development,Panchayati Raj Engineering Dept,VEN-PUN-003,Malwa Nirman Udyog,2025-03-28,2025-04-23,1888467,2115838,1823623,100,0,Completed,31.529913,75.340568,74a0c3e965ebb0ab,31.531806,75.339692,Skill Development,2,COMPLIANT
WRK-RAJ-00460,Rajasthan,Jaipur,Jaipur,Lok Sabha,Girish Bhatt,Construction of Additional Classrooms Municipal Ward 18,Education Infrastructure,Municipal Corporation Engineering Wing,VEN-RAJ-001,Malwa Infrastructure Solutions,2024-12-07,2024-12-30,676024,762783,482688,75,156,In Progress,26.746444,74.115074,0b8cb5ff05f7a7f8,26.748408,74.114287,Education Infrastructure,2,COMPLIANT
WRK-HIM-00202,Himachal Pradesh,Kangra,Kangra,Lok Sabha,Sanjeev Patel,Upgradation of Public Park New Township Sector 3,Parks & Recreation,Municipal Corporation Engineering Wing,VEN-HIM-001,Ganga Engineering Works,2025-05-15,2025-06-08,1163206,1025106,1161587,100,0,Completed,31.351569,76.874349,c39565ce20f27658,31.351262,76.876302,Parks & Recreation,2,COMPLIANT
WRK-DEL-00643,Delhi,South Delhi,South Delhi,Lok Sabha,Kavita Tripathi,Construction of Health Wellness Centre Panchayat East,Health Infrastructure,Public Works Division,VEN-DEL-004,Sri Balaji Electricals,2025-03-15,2025-03-28,2190008,2246004,838692,40,321,Stalled,28.530838,76.798601,51c38e2e46b4fea9,28.530396,76.798923,Health Infrastructure,2,COMPLIANT
WRK-ASS-00053,Assam,Kamrup,Kamrup,Lok Sabha,Neha Bhatt,Vocational Training Centre Setup Ward 12,Skill Development,Panchayati Raj Engineering Dept,VEN-ASS-004,Namma Nirman Udyog,2024-03-19,2024-04-08,2821125,2614909,1097719,40,534,Stalled,26.058022,92.688522,40314611bcd2bec9,26.058812,92.688809,Skill Development,2,COMPLIANT
WRK-MAD-00300,Madhya Pradesh,Indore,Indore,Lok Sabha,Anil Chauhan,School Boundary Wall Construction Ward 12,Education Infrastructure,Panchayati Raj Engineering Dept,VEN-MAD-004,Cauvery Civil Contractors,2024-08-29,2024-09-18,2744310,3057888,547037,20,581,Stalled,23.295388,78.696965,49dc1e83f6d8bc9e,23.297375,78.698344,Education Infrastructure,2,COMPLIANT
WRK-KER-00283,Kerala,Kozhikode,Kozhikode,Lok Sabha,Girish Joshi,Overhead Water Tank Construction Panchayat East,Drinking Water,Zilla Parishad Works Department,VEN-KER-002,Sindhudurg Infra Projects,2023-06-26,2023-07-26,1824465,1935133,1620474,90,115,In Progress,10.805028,75.972229,5cf37e224ce9ae2b,10.805135,75.970911,Drinking Water,2,COMPLIANT
WRK-DEL-00649,Delhi,South Delhi,South Delhi,Lok Sabha,Kavita Tripathi,Construction of Additional Classrooms Ward 4,Education Infrastructure,Panchayati Raj Engineering Dept,VEN-DEL-004,Sri Balaji Electricals,2024-11-02,2024-11-29,3421806,3925938,3367461,100,0,Completed,29.070295,77.285127,17e09d664e791685,29.070408,77.283888,Education Infrastructure,2,COMPLIANT
WRK-ARU-00034,Arunachal Pradesh,West Kameng,West Kameng,Lok Sabha,Anil Mishra,Installation of RO Drinking Water Unit Gram Sabha Zone 2,Drinking Water,District Rural Development Agency,VEN-ARU-005,Vindhya Engineering Works,2023-05-24,2023-06-14,1296329,1240455,1280399,100,0,Completed,28.577689,94.487289,834326de11b10f5d,28.575771,94.485899,Drinking Water,2,COMPLIANT
WRK-SIK-00492,Sikkim,West Sikkim,West Sikkim,Lok Sabha,Kamlesh Naik,Construction of Public Toilet Complex Sector 7,Sanitation,Panchayati Raj Engineering Dept,VEN-SIK-004,Ganga Nirman Udyog,2023-11-27,2023-12-19,1146027,1216848,448586,40,600,Stalled,27.881399,88.411486,04a126a4dafa5cd5,27.881601,88.410023,Sanitation,2,COMPLIANT
WRK-TAM-00693,Tamil Nadu,Chennai,Chennai,Lok Sabha,Vikram Nair,Development of Public Ground Ward 4 Extension,Public Amenities,Municipal Corporation Engineering Wing,VEN-TAM-003,Ganga Infrastructure Solutions,2024-03-13,2024-06-30,2012169,2058031,804867,40,26,In Progress,11.278921,78.496487,2f8d37fc30fd46f5,11.279863,78.49688,Public Amenities,2,DUPLICATE_ASSET
WRK-TEL-00524,Telangana,Hyderabad,Hyderabad,Lok Sabha,Geeta Nair,Installation of RO Drinking Water Unit Colony Block A,Drinking Water,District Rural Development Agency,VEN-TEL-003,Malwa Infrastructure Solutions,2023-06-05,2023-06-25,435335,424430,84825,20,942,Stalled,18.320827,78.626905,1a4abd8ca982e1bf,18.319891,78.628726,Drinking Water,2,COMPLIANT
WRK-KAR-00245,Karnataka,Bengaluru Urban,Bengaluru Urban,Rajya Sabha,Neha Naik,Construction of Storm Water Drainage Colony Block A,Drainage,Panchayati Raj Engineering Dept,VEN-KAR-002,Deccan Infra Projects,2023-04-25,2023-05-19,3139819,3306763,2994327,100,0,Completed,15.059694,75.515426,1c5b6701c0a28572,15.057976,75.516712,Drainage,2,COMPLIANT
WRK-ASS-00062,Assam,Nagaon,Nagaon,Lok Sabha,Neha Bhatt,Village Electrification Works Ward 9,Electrification,Public Works Division,VEN-ASS-001,Nilgiri Construction Pvt Ltd,2023-12-27,2024-01-23,807267,818368,615937,10,242,In Progress,26.458534,93.289834,63bb4fb6e4928f57,26.456967,93.288769,Electrification,2,EXPENDITURE_PROGRESS_MISMATCH
WRK-TAM-00497,Tamil Nadu,Chennai,Chennai,Lok Sabha,Vikram Nair,Development of Public Ground Ward 4,Public Amenities,Municipal Corporation Engineering Wing,VEN-TAM-003,Ganga Infrastructure Solutions,2024-03-13,2024-03-30,2012169,2058031,795323,40,539,Stalled,11.279515,78.49661,2f8d37fc30fd46f5,11.279863,78.49688,Public Amenities,2,COMPLIANT
WRK-CHH-00118,Chhattisgarh,Bilaspur,Bilaspur,Rajya Sabha,Pooja Nair,Community Sanitation Block Panchayat East,Sanitation,Municipal Corporation Engineering Wing,VEN-CHH-003,Deccan Waterworks Solutions,2025-01-21,2025-02-01,3090211,3524266,2716548,90,59,In Progress,21.457194,82.215436,636985d2b664b512,21.458847,82.214136,Sanitation,2,COMPLIANT
WRK-WES-00617,West Bengal,Howrah,Howrah,Lok Sabha,Anita Chauhan,Construction of Community Centre Ward 4,Community Infrastructure,Public Works Division,VEN-WES-003,Kashi Nirman Udyog,2025-01-20,2025-01-30,585970,591311,231144,40,356,Stalled,22.806539,88.057954,dd60d19aaabcd542,22.80614,88.05818,Community Infrastructure,2,COMPLIANT
WRK-AND-00686,Andhra Pradesh,Guntur,Guntur,Lok Sabha,Kamlesh Mishra,Community Sanitation Block Ward 12 Extension,Sanitation,Public Works Division,VEN-AND-004,Vindhya Waterworks Solutions,2024-08-05,2024-12-25,3810033,3926606,2667023,70,25,In Progress,15.514028,79.651527,2a924b01ea673304,15.51633,79.653478,Sanitation,2,DUPLICATE_ASSET
WRK-KER-00285,Kerala,Kozhikode,Kozhikode,Lok Sabha,Girish Joshi,Installation of Solar Street Lighting Gram Sabha Zone 2,Electrification,District Rural Development Agency,VEN-KER-001,Vindhya Electricals,2024-06-26,2024-07-15,1785895,1834206,1723707,100,0,Completed,10.450574,76.523404,0f27e9d326182c91,10.451966,76.52278,Electrification,2,COMPLIANT
WRK-MAN-00333,Manipur,Imphal East,Imphal East,Lok Sabha,Kamlesh Chauhan,Widening of Internal Road Gram Sabha Zone 2,Roads & Connectivity,Municipal Corporation Engineering Wing,VEN-MAN-002,Sindhudurg Civil Contractors,2023-10-12,2023-11-01,2490152,2327828,0,0,1048,Stalled,24.52557,94.121885,dbe4672675fff548,24.523963,94.123814,Roads & Connectivity,0,COMPLIANT
WRK-CHH-00100,Chhattisgarh,Raipur,Raipur,Lok Sabha,Pooja Nair,Construction of Public Toilet Complex Ward 9,Sanitation,Panchayati Raj Engineering Dept,VEN-CHH-002,Malwa Builders & Co,2023-11-29,2023-12-24,393123,410243,229592,60,398,Stalled,21.66511,81.569917,dd7e3655aeb07584,21.666647,81.56818,Sanitation,2,COMPLIANT
WRK-KAR-00267,Karnataka,Belagavi,Belagavi,Lok Sabha,Neha Naik,School Boundary Wall Construction Gram Sabha Zone 2,Education Infrastructure,Public Works Division,VEN-KAR-004,Kashi Engineering Works,2023-06-30,2023-07-12,1286339,1403487,1261192,100,0,Completed,15.496896,76.058448,1d102fd2924c7d0d,15.496499,76.059073,Education Infrastructure,2,COMPLIANT
WRK-MAN-00339,Manipur,Imphal East,Imphal East,Lok Sabha,Kamlesh Chauhan,Village Electrification Works Gram Sabha Zone 2,Electrification,District Rural Development Agency,VEN-MAN-001,Kashi Infrastructure Solutions,2023-06-06,2023-07-01,739009,773482,146661,20,937,Stalled,24.489506,93.785192,1405a61029dfddf8,24.489805,93.785224,Electrification,2,COMPLIANT
WRK-WES-00610,West Bengal,Kolkata,Kolkata,Lok Sabha,Anita Chauhan,Overhead Water Tank Construction Sector 7,Drinking Water,Municipal Corporation Engineering Wing,VEN-WES-001,Cauvery Builders & Co,2024-09-30,2024-10-10,2481340,2472628,2384109,100,0,Completed,22.878713,88.173858,bf60ad2a8191cd5f,22.876831,88.172412,Drinking Water,2,COMPLIANT
WRK-JAM-00652,Jammu and Kashmir,Srinagar,Srinagar,Rajya Sabha,Manoj Iyer,School Boundary Wall Construction Sector 7,Education Infrastructure,Panchayati Raj Engineering Dept,VEN-JAM-003,Sri Balaji Infrastructure Solutions,2025-05-15,2025-05-26,1285759,1288250,1243704,100,0,Completed,33.43481,76.509192,c26fddbb5f0dd101,33.435767,76.510909,Education Infrastructure,2,COMPLIANT
WRK-KAR-00261,Karnataka,Belagavi,Belagavi,Lok Sabha,Neha Naik,Construction of Health Wellness Centre Panchayat West,Health Infrastructure,District Rural Development Agency,VEN-KAR-005,Nilgiri Nirman Udyog,2024-11-25,2024-12-07,1217729,1263908,1163452,100,0,Completed,15.079179,76.001573,de39409941121bb8,15.230796,75.986172,Health Infrastructure,2,GEOFENCE_TAMPERING
WRK-GUJ-00161,Gujarat,Vadodara,Vadodara,Lok Sabha,Lakshmi Tripathi,Vocational Training Centre Setup Panchayat East,Skill Development,Public Works Division,VEN-GUJ-007,Konkan Nirman Udyog,2023-06-29,2023-07-23,4511562,3929291,3899995,90,115,In Progress,22.44879,71.343707,e6bdfd81ec0c1f63,22.450234,71.344148,Skill Development,2,COMPLIANT
WRK-PUN-00443,Punjab,Amritsar,Amritsar,Lok Sabha,Pradeep Patel,Vocational Training Centre Setup Gram Sabha Zone 2,Skill Development,Public Works Division,VEN-PUN-001,Vindhya Engineering Works,2024-07-04,2024-08-01,1199601,1317662,457070,40,465,Stalled,30.753399,75.445528,a7446dffa315e29f,30.754251,75.447446,Skill Development,2,COMPLIANT
WRK-KER-00279,Kerala,Ernakulam,Ernakulam,Lok Sabha,Girish Joshi,Nala Deepening and Widening Panchayat East,Drainage,Public Works Division,VEN-KER-001,Vindhya Electricals,2024-05-26,2024-06-08,1967937,1772580,1733670,90,83,In Progress,10.970392,76.301851,f47d651623a2c33b,10.972309,76.300989,Drainage,2,RECYCLED_PROGRESSION_PHOTO
WRK-MAH-00332,Maharashtra,Nagpur,Nagpur,Lok Sabha,Sunil Joshi,Development of Public Ground Ward 4,Public Amenities,Zilla Parishad Works Department,VEN-MAH-004,Ganga Construction Pvt Ltd,2025-01-01,2025-01-28,3449172,3833305,1323611,40,357,Stalled,19.444976,75.939775,cff17b5578454522,19.444209,75.941206,Public Amenities,2,COMPLIANT
WRK-TEL-00522,Telangana,Hyderabad,Hyderabad,Lok Sabha,Geeta Nair,Repair of Village Approach Road Ward 12,Roads & Connectivity,Panchayati Raj Engineering Dept,VEN-TEL-001,Sri Balaji Infra Projects,2023-07-09,2023-07-21,3754117,3545316,0,0,1151,Stalled,17.943072,78.96406,0fef7b865ac75b2f,17.941778,78.962806,Roads & Connectivity,0,COMPLIANT
WRK-TAM-00511,Tamil Nadu,Madurai,Madurai,Lok Sabha,Vikram Nair,Panchayat Bhawan Renovation Ward 12,Community Infrastructure,Public Works Division,VEN-TAM-002,Sindhudurg Waterworks Solutions,2025-01-10,2025-01-30,4064916,3871677,3929778,100,0,Completed,11.213927,78.72493,8985cc9654dda6f5,11.213456,78.725492,Community Infrastructure,2,COMPLIANT
WRK-UTT-00562,Uttar Pradesh,Lucknow,Lucknow,Lok Sabha,Manoj Tripathi,Overhead Water Tank Construction Ward 9,Drinking Water,Zilla Parishad Works Department,VEN-UTT-001,Nilgiri Developers,2025-02-28,2025-03-27,3915057,3531558,2273931,60,215,Stalled,27.094728,81.140546,46cf24a903b076ce,27.095084,81.140965,Drinking Water,2,COMPLIANT
WRK-TEL-00541,Telangana,Nizamabad,Nizamabad,Rajya Sabha,Geeta Nair,Widening of Internal Road Colony Block A,Roads & Connectivity,Municipal Corporation Engineering Wing,VEN-TEL-005,Cauvery Nirman Udyog,2024-09-24,2024-10-19,571369,568148,0,0,695,Stalled,18.344454,78.718571,2e3ba37d4f434212,18.345466,78.720434,Roads & Connectivity,0,COMPLIANT
WRK-TAM-00507,Tamil Nadu,Coimbatore,Coimbatore,Lok Sabha,Vikram Nair,Widening of Internal Road Municipal Ward 18,Roads & Connectivity,District Rural Development Agency,VEN-TAM-001,Ganga Infra Projects,2024-05-04,2024-05-23,1871882,2162215,93594,8,361,Stalled,11.029016,78.41829,9fc9a4c430d54593,11.028015,78.419925,Roads & Connectivity,2,CAPITAL_DORMANCY
WRK-MIZ-00374,Mizoram,Aizawl,Aizawl,Lok Sabha,Naveen Deshmukh,Construction of Community Centre New Township Sector 3,Community Infrastructure,District Rural Development Agency,VEN-MIZ-005,Deccan Engineering Works,2023-08-31,2023-09-28,313370,321296,298329,100,0,Completed,23.141022,93.152485,,23.139156,93.152609,Community Infrastructure,0,NO_PHYSICAL_EVIDENCE
WRK-NAG-00388,Nagaland,Kohima,Kohima,Lok Sabha,Anil Tripathi,Construction of Storm Water Drainage Ward 9,Drainage,District Rural Development Agency,VEN-NAG-006,Vindhya Infrastructure Solutions,2024-06-28,2024-07-21,3607582,3670901,3572529,100,0,Completed,26.534689,94.501466,fc47391179e8ee4b,26.536275,94.500024,Drainage,2,COMPLIANT
WRK-UTT-00704,Uttarakhand,Dehradun,Haridwar,Lok Sabha,Lakshmi Deshmukh,Drainage Canal Package A,Drainage,Municipal Corporation Engineering Wing,VEN-UTT-002,Sindhudurg Construction Pvt Ltd,2024-03-07,2024-03-17,972197,933309,486098,50,20,In Progress,30.183227,79.041939,ce5781aada821015,0,0,Drainage,1,TENDER_SPLITTING
WRK-ODI-00426,Odisha,Ganjam,Ganjam,Rajya Sabha,Sunil Gupta,Establishment of IT Skill Development Centre Ward 9,Skill Development,Zilla Parishad Works Department,VEN-ODI-006,Deccan Builders & Co,2023-10-26,2023-11-11,4283347,3915224,3098138,75,260,Stalled,20.947035,84.802659,e95d35a7b563edd3,20.94846,84.803059,Skill Development,2,COMPLIANT
WRK-GUJ-00157,Gujarat,Surat,Surat,Rajya Sabha,Lakshmi Tripathi,Construction of Public Toilet Complex Panchayat East,Sanitation,Municipal Corporation Engineering Wing,VEN-GUJ-002,Vindhya Nirman Udyog,2024-04-17,2024-05-01,2360823,2442554,2310632,100,0,Completed,22.197131,71.181736,6875ee73e553129b,22.197281,71.183413,Sanitation,2,COMPLIANT
WRK-TAM-00515,Tamil Nadu,Madurai,Madurai,Lok Sabha,Vikram Nair,Renovation of Government Primary School Ward 9,Education Infrastructure,Zilla Parishad Works Department,VEN-TAM-005,Sindhudurg Nirman Udyog,2024-10-14,2024-10-30,1294031,1291156,510494,40,411,Stalled,10.97627,78.834239,003fb427cc860a7a,10.97525,78.832945,Education Infrastructure,2,COMPLIANT
WRK-MEG-00696,Meghalaya,West Garo Hills,East Khasi Hills,Lok Sabha,Sanjeev Yadav,Drainage Canal Package A,Drainage,Zilla Parishad Works Department,VEN-MEG-001,Nilgiri Civil Contractors,2024-03-03,2024-03-13,990201,950592,495100,50,20,In Progress,25.414115,91.510507,1501a778cdc97d6c,0,0,Drainage,1,TENDER_SPLITTING
WRK-GUJ-00159,Gujarat,Surat,Surat,Lok Sabha,Lakshmi Tripathi,Panchayat Bhawan Renovation Gram Sabha Zone 2,Community Infrastructure,Panchayati Raj Engineering Dept,VEN-GUJ-002,Vindhya Nirman Udyog,2023-06-24,2023-07-22,467557,429439,405906,90,115,In Progress,22.078582,71.222487,6bf382f9a845dfbb,22.077255,71.222316,Community Infrastructure,2,COMPLIANT
WRK-AND-00008,Andhra Pradesh,Guntur,Guntur,Rajya Sabha,Kamlesh Mishra,Nala Deepening and Widening Ward 9,Drainage,Zilla Parishad Works Department,VEN-AND-002,Kashi Engineering Works,2023-09-04,2023-09-25,3143011,3498202,0,0,1085,Stalled,15.992056,79.730885,b9c1e8c7d352b427,15.990503,79.730337,Drainage,0,COMPLIANT
WRK-PUN-00434,Punjab,Ludhiana,Ludhiana,Lok Sabha,Pradeep Patel,Construction of CC Road at Panchayat West,Roads & Connectivity,Public Works Division,VEN-PUN-006,Om Sai Waterworks Solutions,2024-12-28,2025-01-21,1885983,1662794,1811615,100,0,Completed,30.786046,75.456115,ec22d0469f8bb72b,30.785339,75.454337,Roads & Connectivity,2,COMPLIANT
WRK-NAG-00390,Nagaland,Kohima,Kohima,Lok Sabha,Anil Tripathi,Vocational Training Centre Setup Ward 4,Skill Development,Zilla Parishad Works Department,VEN-NAG-005,Malwa Infra Projects,2024-02-06,2024-03-02,2836176,2645794,2428356,90,93,In Progress,25.760357,94.372542,12146542ec622890,25.762181,94.373879,Skill Development,2,COMPLIANT
WRK-CHH-00106,Chhattisgarh,Raipur,Raipur,Rajya Sabha,Pooja Nair,Installation of RO Drinking Water Unit Panchayat West,Drinking Water,Zilla Parishad Works Department,VEN-CHH-004,Namma Civil Contractors,2023-08-04,2023-08-22,2020446,2185742,1924535,100,0,Completed,21.635008,82.157431,c1a337a6803c6987,21.634681,82.159282,Drinking Water,2,COMPLIANT
WRK-WES-00627,West Bengal,North 24 Parganas,North 24 Parganas,Lok Sabha,Anita Chauhan,Construction of Community Hall Gram Sabha Zone 2,Public Amenities,Municipal Corporation Engineering Wing,VEN-WES-002,Sindhudurg Builders & Co,2023-10-26,2023-11-16,2782363,2971348,2059005,75,259,Stalled,22.662194,87.857592,3131c4e788c7b2ba,22.662996,87.857499,Public Amenities,2,COMPLIANT
WRK-MAD-00291,Madhya Pradesh,Bhopal,Bhopal,Lok Sabha,Anil Chauhan,Development of Public Ground Gram Sabha Zone 2,Public Amenities,Municipal Corporation Engineering Wing,VEN-MAD-002,Sri Balaji Electricals,2024-04-04,2024-04-15,4118597,3922442,3961259,100,0,Completed,22.920729,78.268954,012c8250e6b6b0b8,22.921907,78.269293,Public Amenities,2,COMPLIANT
WRK-HIM-00201,Himachal Pradesh,Kangra,Kangra,Lok Sabha,Sanjeev Patel,Construction of Public Toilet Complex Municipal Ward 18,Sanitation,Public Works Division,VEN-HIM-004,Konkan Electricals,2024-09-17,2024-10-10,2688998,2546110,526309,20,564,Stalled,30.893314,77.012482,14006111c9c5ff6d,30.892893,77.013898,Sanitation,2,COMPLIANT
WRK-GUJ-00149,Gujarat,Ahmedabad,Ahmedabad,Lok Sabha,Lakshmi Tripathi,Construction of Storm Water Drainage Ward 12,Drainage,Municipal Corporation Engineering Wing,VEN-GUJ-006,Om Sai Civil Contractors,2024-07-16,2024-08-01,2330038,2139013,2308947,100,0,Completed,22.495225,71.119713,03b56d80dbac5634,22.495222,71.120246,Drainage,2,COMPLIANT
WRK-TEL-00538,Telangana,Nizamabad,Nizamabad,Lok Sabha,Geeta Nair,Widening of Internal Road Ward 9,Roads & Connectivity,Panchayati Raj Engineering Dept,VEN-TEL-003,Malwa Infrastructure Solutions,2024-11-28,2024-12-21,958304,923140,368851,40,380,Stalled,17.807442,78.936616,ef46e1f9269abb9a,17.806653,78.937001,Roads & Connectivity,2,COMPLIANT
WRK-MAN-00341,Manipur,Imphal East,Imphal East,Lok Sabha,Kamlesh Chauhan,Installation of Solar Street Lighting Municipal Ward 18,Electrification,Panchayati Raj Engineering Dept,VEN-MAN-002,Sindhudurg Civil Contractors,2025-02-07,2025-02-19,3840756,3401130,734134,20,458,Stalled,24.74056,93.766602,fbb6f5520a1a190a,24.738951,93.766383,Electrification,2,COMPLIANT
WRK-AND-00680,Andaman and Nicobar Islands,South Andaman,South Andaman,Rajya Sabha,Girish Iyer,Overhead Water Tank Construction Gram Sabha Zone 2,Drinking Water,Zilla Parishad Works Department,VEN-AND-002,Malwa Engineering Works,2025-03-28,2025-04-12,451429,462792,22571,8,320,Stalled,11.844921,92.446373,c9dd47c553d13a22,11.844316,92.446495,Drinking Water,2,CAPITAL_DORMANCY
WRK-ARU-00045,Arunachal Pradesh,East Siang,East Siang,Lok Sabha,Anil Mishra,Panchayat Bhawan Renovation Gram Sabha Zone 2,Community Infrastructure,Municipal Corporation Engineering Wing,VEN-ARU-003,Sri Balaji Waterworks Solutions,2023-05-04,2023-05-21,1602050,1508399,305529,20,970,Stalled,28.004739,94.539444,00b441d51af69a34,28.005904,94.539803,Community Infrastructure,2,COMPLIANT
WRK-TEL-00539,Telangana,Nizamabad,Nizamabad,Lok Sabha,Geeta Nair,Construction of Health Wellness Centre Ward 9,Health Infrastructure,Public Works Division,VEN-TEL-004,Sindhudurg Nirman Udyog,2024-01-07,2024-02-06,2989652,3039700,2858107,100,0,Completed,17.77851,79.010675,e53913118ceda5c6,17.779185,79.010714,Health Infrastructure,2,COMPLIANT
WRK-TAM-00508,Tamil Nadu,Coimbatore,Coimbatore,Lok Sabha,Vikram Nair,Construction of CC Road at Panchayat West,Roads & Connectivity,Public Works Division,VEN-TAM-001,Ganga Infra Projects,2023-11-12,2023-11-25,4009038,3642542,3953715,100,0,Completed,10.76231,78.6669,8f5649fc5996099c,10.763572,78.666191,Roads & Connectivity,2,COMPLIANT
WRK-TAM-00498,Tamil Nadu,Chennai,Chennai,Lok Sabha,Vikram Nair,Village Electrification Works New Township Sector 3,Electrification,Public Works Division,VEN-TAM-004,Cauvery Electricals,2023-10-27,2023-11-18,573084,567215,502230,90,104,In Progress,10.990173,79.026451,20c0803eb8925087,10.990729,79.02567,Electrification,2,COMPLIANT
WRK-UTT-00602,Uttarakhand,Nainital,Nainital,Lok Sabha,Ashok Naik,Construction of Community Centre Sector 7,Community Infrastructure,Panchayati Raj Engineering Dept,VEN-UTT-007,Sindhudurg Infra Projects,2024-07-09,2024-08-05,1678818,1898364,334933,20,616,Stalled,29.947291,79.254301,d50f270f3836a5d3,29.947147,79.255933,Community Infrastructure,2,COMPLIANT
WRK-HIM-00219,Himachal Pradesh,Mandi,Mandi,Lok Sabha,Sanjeev Patel,Community Sanitation Block Sector 7,Sanitation,Zilla Parishad Works Department,VEN-HIM-003,Deccan Civil Contractors,2023-08-11,2023-08-24,1910637,1908727,1373295,75,280,Stalled,31.363875,77.011962,c394ada8eb7cd26e,31.363038,77.012873,Sanitation,2,COMPLIANT
WRK-UTT-00587,Uttarakhand,Dehradun,Dehradun,Lok Sabha,Ashok Naik,School Boundary Wall Construction Ward 4,Education Infrastructure,Municipal Corporation Engineering Wing,VEN-UTT-007,Sindhudurg Infra Projects,2024-04-26,2024-05-21,3064670,2759364,2955892,100,0,Completed,29.78803,78.989785,8c60c2b9c532542d,29.789571,78.988158,Education Infrastructure,2,COMPLIANT
WRK-HIM-00212,Himachal Pradesh,Mandi,Mandi,Lok Sabha,Sanjeev Patel,Installation of RO Drinking Water Unit Gram Sabha Zone 2,Drinking Water,District Rural Development Agency,VEN-HIM-003,Deccan Civil Contractors,2024-01-09,2024-02-08,1844149,1663723,1359330,75,238,Stalled,31.46655,77.294573,84d244d204431f27,31.465303,77.294642,Drinking Water,2,COMPLIANT
WRK-MAN-00338,Manipur,Imphal East,Imphal East,Lok Sabha,Kamlesh Chauhan,Installation of RO Drinking Water Unit Gram Sabha Zone 2,Drinking Water,Zilla Parishad Works Department,VEN-MAN-004,Namma Construction Pvt Ltd,2024-02-12,2024-03-13,3540999,3278861,680994,20,732,Stalled,24.442736,94.195177,ed92f8d5ca2d0fa2,24.443204,94.196828,Drinking Water,2,COMPLIANT
WRK-UTT-00566,Uttar Pradesh,Lucknow,Lucknow,Lok Sabha,Manoj Tripathi,Construction of Storm Water Drainage Ward 9,Drainage,Public Works Division,VEN-UTT-004,Konkan Nirman Udyog,2025-05-08,2025-06-03,1947077,1911243,755498,40,281,Stalled,26.663895,80.693453,1cfee2f68e659d94,26.662535,80.692324,Drainage,2,COMPLIANT
WRK-KAR-00247,Karnataka,Bengaluru Urban,Bengaluru Urban,Lok Sabha,Neha Naik,Renovation of Primary Health Sub-Centre Panchayat East,Health Infrastructure,Municipal Corporation Engineering Wing,VEN-KAR-003,Vindhya Builders & Co,2025-05-23,2025-06-16,1839985,1899764,1791592,100,0,Completed,15.344074,75.423005,640427386ae39443,15.343638,75.424195,Health Infrastructure,2,COMPLIANT
WRK-DEL-00640,Delhi,New Delhi,New Delhi,Lok Sabha,Kavita Tripathi,Construction of Storm Water Drainage Gram Sabha Zone 2,Drainage,Municipal Corporation Engineering Wing,VEN-DEL-002,Ganga Infrastructure Solutions,2025-02-20,2025-03-22,3473334,3874619,2568418,75,136,In Progress,29.053325,77.346993,42616ebd6b27ae3b,29.05382,77.345796,Drainage,2,COMPLIANT
WRK-TRI-00548,Tripura,West Tripura,West Tripura,Lok Sabha,Rajesh Bhatt,Panchayat Bhawan Renovation Ward 12,Community Infrastructure,Public Works Division,VEN-TRI-005,Namma Engineering Works,2024-10-16,2024-11-14,4418963,3999464,865776,20,536,Stalled,23.748049,92.137527,a382604855bfcad6,23.748902,92.138157,Community Infrastructure,2,COMPLIANT
WRK-PUD-00666,Puducherry,Puducherry,Puducherry,Lok Sabha,Anita Kumaraswamy,Construction of Additional Classrooms Ward 4,Education Infrastructure,Public Works Division,VEN-PUD-003,Namma Electricals,2024-03-09,2024-04-01,2920537,3034594,2148994,75,224,Stalled,11.66985,79.443988,4e586182c4040eee,11.671571,79.445635,Education Infrastructure,2,COMPLIANT
WRK-RAJ-00465,Rajasthan,Jodhpur,Jodhpur,Lok Sabha,Girish Bhatt,Nala Deepening and Widening New Township Sector 3,Drainage,District Rural Development Agency,VEN-RAJ-004,Namma Builders & Co,2024-11-24,2024-12-05,2617815,2361387,2531421,100,0,Completed,26.768206,73.837146,0b1b3559b74ac266,26.768318,73.836674,Drainage,2,COMPLIANT
WRK-GOA-00127,Goa,North Goa,North Goa,Lok Sabha,Girish Mishra,Installation of Solar Street Lighting Ward 9,Electrification,Panchayati Raj Engineering Dept,VEN-GOA-005,Sindhudurg Construction Pvt Ltd,2024-05-07,2024-06-02,891151,834132,795411,90,84,In Progress,15.504244,74.506793,4ee2f2fd90b229bd,15.504096,74.507669,Electrification,2,COMPLIANT
WRK-CHH-00104,Chhattisgarh,Raipur,Raipur,Lok Sabha,Pooja Nair,Construction of Health Wellness Centre New Township Sector 3,Health Infrastructure,Panchayati Raj Engineering Dept,VEN-CHH-006,Malwa Construction Pvt Ltd,2023-11-02,2023-11-30,2119831,2047291,1881865,15,0,In Progress,21.380431,81.697837,837b733cf52fb476,21.382258,81.697769,Health Infrastructure,2,EXPENDITURE_PROGRESS_MISMATCH
WRK-NAG-00401,Nagaland,Dimapur,Dimapur,Lok Sabha,Anil Tripathi,Repair of Village Approach Road Ward 9,Roads & Connectivity,District Rural Development Agency,VEN-NAG-004,Kashi Waterworks Solutions,2023-07-28,2023-08-19,1470312,1489552,1085478,75,281,Stalled,26.431272,94.343099,e732f06ecdcc0559,26.430901,94.345039,Roads & Connectivity,2,COMPLIANT
WRK-CHH-00101,Chhattisgarh,Raipur,Raipur,Rajya Sabha,Pooja Nair,Construction of Community Centre New Township Sector 3,Community Infrastructure,Panchayati Raj Engineering Dept,VEN-CHH-002,Malwa Builders & Co,2024-02-19,2024-03-20,601899,611070,0,0,908,Stalled,21.581068,82.09031,d0631d6987fee5fb,21.581627,82.089038,Roads & Connectivity,0,CATEGORY_DEVIATION
WRK-MAH-00318,Maharashtra,Pune,Pune,Lok Sabha,Sunil Joshi,Drinking Water Hand Pump Installation Ward 12,Drinking Water,Public Works Division,VEN-MAH-005,Malwa Infra Projects,2024-08-14,2024-09-03,3885392,3935517,3396765,90,75,In Progress,19.972472,75.800244,c5ac7693c70879d5,19.973769,75.801125,Drinking Water,2,COMPLIANT
WRK-GOA-00138,Goa,South Goa,South Goa,Lok Sabha,Girish Mishra,Children's Play Area Development Gram Sabha Zone 2,Parks & Recreation,Municipal Corporation Engineering Wing,VEN-GOA-001,Malwa Developers,2023-04-07,2023-05-04,2544238,2613760,2484374,100,0,Completed,15.119093,74.505983,845d1a69205926a0,15.117162,74.507236,Parks & Recreation,2,COMPLIANT
WRK-GOA-00129,Goa,North Goa,North Goa,Lok Sabha,Girish Mishra,Widening of Internal Road Gram Sabha Zone 2,Roads & Connectivity,Public Works Division,VEN-GOA-001,Malwa Developers,2023-12-07,2023-12-18,1950834,1987223,1625582,25,1001,In Progress,15.590284,73.769155,c08a619eb768d77a,15.5903,73.768312,Roads & Connectivity,0,EXPENDITURE_PROGRESS_MISMATCH
WRK-TRI-00550,Tripura,West Tripura,West Tripura,Lok Sabha,Rajesh Bhatt,Drinking Water Hand Pump Installation Panchayat East,Drinking Water,District Rural Development Agency,VEN-TRI-003,Kashi Infra Projects,2023-07-02,2023-08-01,552911,633341,496248,90,114,In Progress,23.672891,91.634129,577bc50bc872376b,23.673865,91.634346,Drinking Water,2,COMPLIANT
WRK-JHA-00225,Jharkhand,Ranchi,Ranchi,Lok Sabha,Manoj Sharma,Construction of Additional Classrooms Ward 12,Education Infrastructure,Panchayati Raj Engineering Dept,VEN-JHA-003,Konkan Nirman Udyog,2024-06-22,2024-07-21,1587211,1425371,1537421,100,0,Completed,23.484378,84.970966,ba67d1b4b004a127,23.483979,84.970792,Education Infrastructure,2,COMPLIANT
WRK-GUJ-00699,Gujarat,Ahmedabad,Ahmedabad,Lok Sabha,Deepak Joshi,Drainage Canal Package A,Drainage,District Rural Development Agency,VEN-GUJ-004,Namma Engineering Works,2024-12-14,2024-12-24,982310,943017,491155,50,20,In Progress,22.058418,71.154961,78081a32e3cbf5b7,0,0,Drainage,1,TENDER_SPLITTING
WRK-WES-00612,West Bengal,Kolkata,Kolkata,Lok Sabha,Anita Chauhan,Overhead Water Tank Construction New Township Sector 3,Drinking Water,Public Works Division,VEN-WES-003,Kashi Nirman Udyog,2023-09-17,2023-10-03,3316389,3328540,644166,20,862,Stalled,23.184463,88.107714,1e8bcbf983ad42d8,23.184955,88.108143,Drinking Water,2,COMPLIANT
WRK-MAD-00297,Madhya Pradesh,Indore,Indore,Lok Sabha,Anil Chauhan,Construction of Public Toilet Complex Ward 9,Sanitation,District Rural Development Agency,VEN-MAD-005,Shivalik Electricals,2025-01-17,2025-02-08,3050259,3059521,2178924,75,146,In Progress,22.749978,78.831176,16b56bf707921c9c,22.74803,78.83286,Sanitation,2,COMPLIANT
WRK-JHA-00227,Jharkhand,Ranchi,Ranchi,Lok Sabha,Manoj Sharma,Construction of Health Wellness Centre Ward 12,Health Infrastructure,Municipal Corporation Engineering Wing,VEN-JHA-004,Sri Balaji Engineering Works,2023-07-25,2023-08-17,1855751,2148378,1367802,75,281,Stalled,23.220088,85.574566,dd4e297c0744448d,23.220187,85.57554,Health Infrastructure,2,COMPLIANT
WRK-UTT-00604,Uttarakhand,Nainital,Nainital,Lok Sabha,Ashok Naik,Children's Play Area Development Panchayat West,Parks & Recreation,Panchayati Raj Engineering Dept,VEN-UTT-002,Sindhudurg Construction Pvt Ltd,2024-11-06,2024-11-29,1336290,1314313,512939,40,393,Stalled,30.182347,79.28214,d6f1b4ba5f03862a,30.183552,79.282451,Parks & Recreation,2,COMPLIANT
WRK-RAJ-00477,Rajasthan,Udaipur,Udaipur,Lok Sabha,Girish Bhatt,Construction of Storm Water Drainage Gram Sabha Zone 2,Drainage,District Rural Development Agency,VEN-RAJ-004,Namma Builders & Co,2025-01-16,2025-02-15,572467,517528,333734,60,231,Stalled,27.419885,74.037128,1898362548684a34,27.420606,74.036994,Drainage,2,COMPLIANT
WRK-KER-00288,Kerala,Kozhikode,Kozhikode,Lok Sabha,Girish Joshi,Vocational Training Centre Setup New Township Sector 3,Skill Development,Panchayati Raj Engineering Dept,VEN-KER-003,Kashi Waterworks Solutions,2025-03-18,2025-04-16,2142199,2363580,2051385,100,0,Completed,11.226273,75.888805,a5b9789e783cf358,11.228162,75.887933,Skill Development,2,COMPLIANT
WRK-MAH-00328,Maharashtra,Nagpur,Nagpur,Lok Sabha,Sunil Joshi,Development of Public Ground Municipal Ward 18,Public Amenities,District Rural Development Agency,VEN-MAH-002,Deccan Civil Contractors,2024-12-20,2025-01-17,2396120,2382039,467063,20,484,Stalled,19.495426,75.801425,42cd3c5d4b0fd72d,19.49626,75.803342,Public Amenities,2,COMPLIANT
WRK-HIM-00198,Himachal Pradesh,Shimla,Shimla,Lok Sabha,Sanjeev Patel,Nala Deepening and Widening Panchayat East,Drainage,Public Works Division,VEN-HIM-003,Deccan Civil Contractors,2023-11-30,2023-12-13,491858,508186,0,0,1006,Stalled,30.827672,77.062063,f2ae5a0ff4010718,30.827382,77.061241,Drainage,0,COMPLIANT
WRK-BIH-00082,Bihar,Gaya,Gaya,Lok Sabha,Rekha Singh,Establishment of IT Skill Development Centre Municipal Ward 18,Skill Development,Panchayati Raj Engineering Dept,VEN-BIH-003,Konkan Electricals,2024-04-16,2024-05-05,1872257,1924942,1105318,60,345,Stalled,24.737992,85.417809,c11f6000c2ca4a12,24.737331,85.417128,Skill Development,2,COMPLIANT
WRK-BIH-00072,Bihar,Patna,Patna,Lok Sabha,Rekha Singh,Construction of Public Toilet Complex Colony Block A,Sanitation,District Rural Development Agency,VEN-BIH-005,Purvanchal Waterworks Solutions,2025-02-02,2025-02-20,381032,421438,284652,75,143,In Progress,24.976919,85.058224,32b658646c99d5c4,24.975492,85.058853,Sanitation,2,COMPLIANT
WRK-GUJ-00154,Gujarat,Surat,Surat,Lok Sabha,Lakshmi Tripathi,Construction of Public Toilet Complex Municipal Ward 18,Sanitation,Public Works Division,VEN-GUJ-005,Malwa Builders & Co,2023-09-11,2023-10-01,2589679,2648176,498043,80,864,Stalled,22.182738,70.939961,e442baa7c884ff36,22.1833,70.93969,Sanitation,2,RECYCLED_PROGRESSION_PHOTO
WRK-RAJ-00467,Rajasthan,Jodhpur,Jodhpur,Lok Sabha,Girish Bhatt,Panchayat Bhawan Renovation Panchayat West,Community Infrastructure,Panchayati Raj Engineering Dept,VEN-RAJ-004,Namma Builders & Co,2023-08-02,2023-08-13,1059796,1149595,929636,90,113,In Progress,27.225712,74.125939,04294a36e34d0659,27.224172,74.124182,Community Infrastructure,2,COMPLIANT
WRK-MAD-00289,Madhya Pradesh,Bhopal,Bhopal,Lok Sabha,Anil Chauhan,Installation of Solar Street Lighting Ward 9,Electrification,Municipal Corporation Engineering Wing,VEN-MAD-001,Om Sai Construction Pvt Ltd,2023-12-29,2024-01-20,607175,599409,30358,8,406,Stalled,23.246631,78.910701,e85a60b7976bab04,23.247944,78.909189,Electrification,2,CAPITAL_DORMANCY
WRK-KAR-00254,Karnataka,Mysuru,Mysuru,Lok Sabha,Neha Naik,Community Sanitation Block New Township Sector 3,Sanitation,Public Works Division,VEN-KAR-002,Deccan Infra Projects,2024-07-19,2024-08-14,2141007,2440823,1252628,60,305,Stalled,15.447443,75.992285,9c3d55e638e03568,15.448669,75.992741,Sanitation,2,COMPLIANT
WRK-SIK-00488,Sikkim,West Sikkim,West Sikkim,Lok Sabha,Kamlesh Naik,Repair of Village Approach Road Ward 12,Roads & Connectivity,Public Works Division,VEN-SIK-001,Shivalik Construction Pvt Ltd,2023-04-22,2023-05-06,1977096,1889317,1911692,100,0,Completed,27.30119,88.477163,dd29ae1f4d0ad0fa,27.300669,88.476652,Roads & Connectivity,2,COMPLIANT
WRK-BIH-00091,Bihar,Muzaffarpur,Muzaffarpur,Lok Sabha,Rekha Singh,Upgradation of Public Park Municipal Ward 18,Parks & Recreation,Zilla Parishad Works Department,VEN-BIH-006,Purvanchal Builders & Co,2024-09-09,2024-10-07,1400962,1314762,1020735,100,177,In Progress,25.187948,85.105551,f09ecdeb00361eb9,25.187614,85.106208,Parks & Recreation,2,RECYCLED_PROGRESSION_PHOTO
WRK-CHH-00105,Chhattisgarh,Raipur,Raipur,Lok Sabha,Pooja Nair,Installation of RO Drinking Water Unit Ward 4,Drinking Water,Zilla Parishad Works Department,VEN-CHH-004,Namma Civil Contractors,2024-05-30,2024-06-24,2048403,2248011,1977997,100,0,Completed,21.45339,82.05346,925b188ffe7d11c8,21.454833,82.055361,Drinking Water,2,COMPLIANT
WRK-TEL-00518,Telangana,Hyderabad,Hyderabad,Lok Sabha,Geeta Nair,Establishment of IT Skill Development Centre Panchayat East,Skill Development,Panchayati Raj Engineering Dept,VEN-TEL-004,Sindhudurg Nirman Udyog,2023-05-10,2023-05-23,2162215,1914077,2075102,100,0,Completed,18.061438,78.823507,ef7d64ea6170db5f,18.06309,78.824396,Skill Development,2,COMPLIANT
WRK-UTT-00567,Uttar Pradesh,Lucknow,Lucknow,Rajya Sabha,Manoj Tripathi,Nala Deepening and Widening Panchayat East,Drainage,Zilla Parishad Works Department,VEN-UTT-002,Vindhya Construction Pvt Ltd,2024-01-29,2024-02-16,2316973,2615888,1985767,90,95,In Progress,26.637273,80.577473,0005b74c678a3dbc,26.635866,80.579007,Drainage,2,COMPLIANT
WRK-HAR-00189,Haryana,Panipat,Panipat,Rajya Sabha,Vikram Reddy,Construction of Community Centre Panchayat East,Community Infrastructure,District Rural Development Agency,VEN-HAR-001,Om Sai Infrastructure Solutions,2024-02-21,2024-03-21,1046554,1218637,854545,10,227,In Progress,29.452025,76.109146,1fc3ea4317b0e2ce,29.453092,76.111144,Community Infrastructure,2,EXPENDITURE_PROGRESS_MISMATCH
WRK-MAD-00299,Madhya Pradesh,Indore,Indore,Lok Sabha,Anil Chauhan,Community Sanitation Block Municipal Ward 18,Sanitation,Panchayati Raj Engineering Dept,VEN-MAD-002,Sri Balaji Electricals,2023-10-15,2023-11-10,2824869,3055139,2762499,100,0,Completed,23.019913,78.853787,3c96cba351b9a34f,23.020978,78.854093,Sanitation,2,COMPLIANT
WRK-DEL-00633,Delhi,New Delhi,New Delhi,Lok Sabha,Kavita Tripathi,Construction of Health Wellness Centre Ward 12,Health Infrastructure,Panchayati Raj Engineering Dept,VEN-DEL-002,Ganga Infrastructure Solutions,2024-02-05,2024-03-01,1311944,1509049,935527,75,232,Stalled,28.336862,76.928914,b8ae8161d755c3a0,28.337234,76.927127,Health Infrastructure,2,COMPLIANT
WRK-KER-00282,Kerala,Ernakulam,Ernakulam,Lok Sabha,Girish Joshi,Widening of Internal Road Ward 12,Roads & Connectivity,Panchayati Raj Engineering Dept,VEN-KER-002,Sindhudurg Infra Projects,2025-02-06,2025-02-24,3625956,3420039,3482834,100,0,Completed,10.768136,75.947543,36102feae571b8f2,10.769883,75.947436,Roads & Connectivity,2,COMPLIANT
WRK-AND-00678,Andaman and Nicobar Islands,South Andaman,South Andaman,Lok Sabha,Girish Iyer,Establishment of IT Skill Development Centre Municipal Ward 18,Skill Development,District Rural Development Agency,VEN-AND-003,Malwa Builders & Co,2023-05-10,2023-06-02,814826,721270,0,0,1200,Stalled,12.013245,92.787504,8ce410e435038ac2,12.014755,92.785647,Skill Development,0,COMPLIANT
WRK-TEL-00529,Telangana,Warangal,Warangal,Rajya Sabha,Geeta Nair,Construction of Health Wellness Centre Municipal Ward 18,Health Infrastructure,District Rural Development Agency,VEN-TEL-002,Nilgiri Waterworks Solutions,2024-06-30,2024-07-13,2435675,2322361,2109175,90,80,In Progress,17.848746,79.374668,72215f73c07693b5,17.849546,79.37309,Health Infrastructure,2,COMPLIANT
WRK-JAM-00655,Jammu and Kashmir,Srinagar,Srinagar,Lok Sabha,Manoj Iyer,Construction of CC Road at Sector 7,Roads & Connectivity,Municipal Corporation Engineering Wing,VEN-JAM-001,Ganga Electricals,2024-11-23,2024-12-03,1219965,1252635,0,0,650,Stalled,34.170951,76.188119,8d3e5198e977e18a,34.17183,76.189369,Roads & Connectivity,0,COMPLIANT
WRK-GUJ-00147,Gujarat,Ahmedabad,Ahmedabad,Lok Sabha,Lakshmi Tripathi,Drinking Water Hand Pump Installation Ward 12,Drinking Water,Public Works Division,VEN-GUJ-001,Konkan Developers,2024-05-10,2024-05-30,3968082,3829982,2314211,60,335,Stalled,22.203193,71.451228,c9890f338d5f4984,22.203797,71.451606,Drinking Water,2,COMPLIANT
WRK-ARU-00029,Arunachal Pradesh,Papum Pare,Papum Pare,Lok Sabha,Anil Mishra,Vocational Training Centre Setup Municipal Ward 18,Skill Development,Zilla Parishad Works Department,VEN-ARU-004,Shivalik Waterworks Solutions,2024-12-18,2025-01-13,2297134,2089880,0,0,609,Stalled,27.945326,95.016996,de9fcd54a92aa2c3,27.945126,95.018003,Skill Development,0,COMPLIANT
WRK-TAM-00506,Tamil Nadu,Coimbatore,Coimbatore,Lok Sabha,Vikram Nair,Upgradation of Public Park Ward 9,Parks & Recreation,Public Works Division,VEN-TAM-003,Ganga Infrastructure Solutions,2023-08-06,2023-09-02,3298194,3409851,3244003,100,0,Completed,10.736068,78.475502,01d758cd0d618424,10.735831,78.474214,Parks & Recreation,2,COMPLIANT
WRK-UTT-00596,Uttarakhand,Haridwar,Haridwar,Rajya Sabha,Ashok Naik,Repair of Village Approach Road Ward 9,Roads & Connectivity,Public Works Division,VEN-UTT-003,Malwa Waterworks Solutions,2025-05-11,2025-05-30,900578,990102,350894,40,284,Stalled,30.095205,79.246386,bebd5c3a632c7c31,30.097067,79.246133,Roads & Connectivity,2,COMPLIANT
WRK-PUN-00440,Punjab,Amritsar,Amritsar,Lok Sabha,Pradeep Patel,Construction of Community Hall Panchayat West,Public Amenities,Panchayati Raj Engineering Dept,VEN-PUN-002,Malwa Nirman Udyog,2023-10-07,2023-10-19,3929910,3433268,2928512,75,266,Stalled,30.832165,75.368701,fa8d114674f57026,30.830188,75.367168,Public Amenities,2,COMPLIANT
WRK-DEL-00639,Delhi,New Delhi,New Delhi,Lok Sabha,Kavita Tripathi,Drinking Water Hand Pump Installation Ward 4,Drinking Water,Municipal Corporation Engineering Wing,VEN-DEL-001,Cauvery Electricals,2024-03-07,2024-04-05,776951,708521,152986,20,714,Stalled,28.995551,76.799654,8b7b8de19ead734c,28.995889,76.799697,Drinking Water,2,COMPLIANT
WRK-ASS-00064,Assam,Nagaon,Nagaon,Lok Sabha,Neha Bhatt,Construction of Health Wellness Centre Municipal Ward 18,Health Infrastructure,Zilla Parishad Works Department,VEN-ASS-002,Purvanchal Nirman Udyog,2024-05-29,2024-06-28,786935,715326,313814,40,485,Stalled,26.024392,93.089825,7d21a031fec99ba4,26.023261,93.089604,Health Infrastructure,2,COMPLIANT
WRK-HIM-00194,Himachal Pradesh,Shimla,Shimla,Lok Sabha,Sanjeev Patel,Upgradation of Public Park Panchayat West,Parks & Recreation,Zilla Parishad Works Department,VEN-HIM-005,Sri Balaji Builders & Co,2023-07-16,2023-08-10,844827,889901,812638,100,0,Completed,31.490704,76.90771,22becdb29fbe0d91,31.492245,76.906065,Parks & Recreation,2,COMPLIANT
WRK-ASS-00068,Assam,Nagaon,Nagaon,Lok Sabha,Neha Bhatt,Children's Play Area Development Ward 4,Parks & Recreation,Municipal Corporation Engineering Wing,VEN-ASS-004,Namma Nirman Udyog,2025-01-18,2025-01-28,638152,555120,500641,10,357,In Progress,25.886969,93.107521,63c77b6da34d2eb8,25.886743,93.109118,Parks & Recreation,2,EXPENDITURE_PROGRESS_MISMATCH
WRK-PUD-00665,Puducherry,Puducherry,Puducherry,Lok Sabha,Anita Kumaraswamy,Installation of Solar Street Lighting Municipal Ward 18,Electrification,Panchayati Raj Engineering Dept,VEN-PUD-002,Namma Civil Contractors,2024-03-24,2024-04-06,626271,624971,610959,100,0,Completed,11.731183,79.668931,383d3ccee4729809,11.730668,79.670222,Electrification,2,COMPLIANT
WRK-CHH-00121,Chhattisgarh,Durg,Durg,Rajya Sabha,Pooja Nair,Panchayat Bhawan Renovation Colony Block A,Community Infrastructure,Zilla Parishad Works Department,VEN-CHH-001,Vindhya Infrastructure Solutions,2024-05-15,2024-05-28,1230375,1075028,237752,20,672,Stalled,21.077138,81.674728,a0d5618d18b114af,21.07608,81.675743,Community Infrastructure,2,COMPLIANT
WRK-KAR-00252,Karnataka,Mysuru,Mysuru,Rajya Sabha,Neha Naik,Construction of Health Wellness Centre Panchayat West,Health Infrastructure,Municipal Corporation Engineering Wing,VEN-KAR-004,Kashi Engineering Works,2024-06-30,2024-07-21,3342458,3549608,0,0,785,Stalled,15.433741,75.379479,3b92d5caa82fa29f,15.432863,75.380785,Health Infrastructure,0,COMPLIANT
WRK-MEG-00360,Meghalaya,East Khasi Hills,East Khasi Hills,Lok Sabha,Ravi Naik,Installation of Solar Street Lighting Colony Block A,Electrification,Zilla Parishad Works Department,VEN-MEG-004,Namma Civil Contractors,2024-08-02,2024-08-25,2199955,1994132,2149370,100,0,Completed,25.069646,91.729524,9dd79554853c7175,25.070918,91.729452,Electrification,2,COMPLIANT
WRK-TRI-00546,Tripura,West Tripura,West Tripura,Lok Sabha,Rajesh Bhatt,Construction of Community Hall Ward 9,Public Amenities,Municipal Corporation Engineering Wing,VEN-TRI-005,Namma Engineering Works,2024-05-21,2024-06-02,1752134,1681425,1046509,60,334,Stalled,24.163257,91.705264,1046cb3d0ec401cb,24.164449,91.704359,Public Amenities,2,COMPLIANT
WRK-MAH-00321,Maharashtra,Pune,Pune,Lok Sabha,Sunil Joshi,Nala Deepening and Widening Ward 12,Drainage,District Rural Development Agency,VEN-MAH-004,Ganga Construction Pvt Ltd,2024-02-26,2024-03-21,365521,404488,327037,90,91,In Progress,19.423644,75.57316,17ebe257f2d49928,19.424238,75.574006,Drainage,2,COMPLIANT
WRK-UTT-00572,Uttar Pradesh,Varanasi,Varanasi,Lok Sabha,Manoj Tripathi,Renovation of Primary Health Sub-Centre Colony Block A,Health Infrastructure,District Rural Development Agency,VEN-UTT-005,Sri Balaji Civil Contractors,2023-08-19,2023-08-29,2490519,2830396,947429,40,668,Stalled,27.10795,81.156957,0cb7066499e73bd8,27.108528,81.155132,Health Infrastructure,2,COMPLIANT
WRK-HAR-00181,Haryana,Faridabad,Faridabad,Lok Sabha,Vikram Reddy,Construction of Community Centre Gram Sabha Zone 2,Community Infrastructure,District Rural Development Agency,VEN-HAR-002,Namma Builders & Co,2025-03-29,2025-04-16,595744,690182,533416,90,52,In Progress,29.074607,76.246278,a135bdbe1113294b,29.074097,76.248176,Community Infrastructure,2,COMPLIANT
WRK-BIH-00086,Bihar,Gaya,Gaya,Lok Sabha,Rekha Singh,Village Electrification Works Sector 7,Electrification,Panchayati Raj Engineering Dept,VEN-BIH-005,Purvanchal Waterworks Solutions,2024-01-17,2024-02-10,1294554,1281479,969245,75,237,Stalled,25.323596,85.636279,25ab61e0c6bd7320,25.322372,85.636992,Electrification,2,COMPLIANT
WRK-TEL-00534,Telangana,Warangal,Warangal,Lok Sabha,Geeta Nair,Repair of Village Approach Road New Township Sector 3,Roads & Connectivity,Municipal Corporation Engineering Wing,VEN-TEL-003,Malwa Infrastructure Solutions,2024-08-27,2024-09-09,1662616,1446943,326389,20,588,Stalled,17.884964,78.852496,5fd04da212f2a1df,17.88683,78.850731,Roads & Connectivity,2,COMPLIANT
WRK-AND-00016,Andhra Pradesh,Guntur,Guntur,Lok Sabha,Kamlesh Mishra,School Boundary Wall Construction Ward 9,Education Infrastructure,Zilla Parishad Works Department,VEN-AND-001,Sri Balaji Civil Contractors,2025-02-20,2025-03-09,1766223,1993557,1556133,90,56,In Progress,15.544693,79.405587,f75bcefcd42a79f2,15.545322,79.405848,Education Infrastructure,2,COMPLIANT
WRK-WES-00622,West Bengal,Howrah,Howrah,Lok Sabha,Anita Chauhan,Repair of Village Approach Road Sector 7,Roads & Connectivity,District Rural Development Agency,VEN-WES-004,Cauvery Infrastructure Solutions,2023-10-10,2023-11-04,703104,738450,0,0,1045,Stalled,22.837487,88.210505,0dc1c446626bdbd6,22.838321,88.211126,Roads & Connectivity,0,COMPLIANT
WRK-UTT-00710,Uttar Pradesh,Kanpur Nagar,Lucknow,Lok Sabha,Rajesh Kumaraswamy,Drainage Canal Package D,Drainage,Panchayati Raj Engineering Dept,VEN-UTT-003,Kashi Builders & Co,2024-10-04,2024-10-23,972992,934072,486496,50,20,In Progress,27.071468,80.840203,95058beb2b12d6bb,0,0,Drainage,1,TENDER_SPLITTING
WRK-GUJ-00162,Gujarat,Vadodara,Vadodara,Rajya Sabha,Lakshmi Tripathi,Construction of Public Toilet Complex Sector 7,Sanitation,District Rural Development Agency,VEN-GUJ-005,Malwa Builders & Co,2024-03-25,2024-04-21,1521930,1478956,1470462,100,0,Completed,22.421943,71.023867,faa80dde0ff6593a,22.421012,71.025299,Sanitation,2,COMPLIANT
WRK-GUJ-00150,Gujarat,Ahmedabad,Ahmedabad,Lok Sabha,Lakshmi Tripathi,Panchayat Bhawan Renovation Ward 9,Community Infrastructure,District Rural Development Agency,VEN-GUJ-005,Malwa Builders & Co,2024-08-03,2024-08-31,2001523,1981098,782341,40,447,Stalled,22.491277,71.080024,a4cfe3d6e6831903,22.492859,71.080172,Community Infrastructure,2,COMPLIANT
WRK-ODI-00418,Odisha,Cuttack,Cuttack,Lok Sabha,Sunil Gupta,Construction of Public Toilet Complex Colony Block A,Sanitation,Public Works Division,VEN-ODI-002,Konkan Infra Projects,2023-07-19,2023-08-03,1366931,1198036,265299,20,911,Stalled,21.24202,84.74324,87d6ea3266044cfd,21.242154,84.744038,Sanitation,2,COMPLIANT
WRK-ODI-00422,Odisha,Ganjam,Ganjam,Lok Sabha,Sunil Gupta,School Boundary Wall Construction Panchayat East,Education Infrastructure,Municipal Corporation Engineering Wing,VEN-ODI-001,Vindhya Infrastructure Solutions,2024-03-26,2024-04-18,3019762,2825457,0,80,879,Stalled,20.914309,84.720381,c4fc2476377e89e8,20.912517,84.720947,Education Infrastructure,2,RECYCLED_PROGRESSION_PHOTO
WRK-KER-00272,Kerala,Thiruvananthapuram,Thiruvananthapuram,Lok Sabha,Girish Joshi,Renovation of Primary Health Sub-Centre Panchayat West,Health Infrastructure,Municipal Corporation Engineering Wing,VEN-KER-005,Sri Balaji Developers,2023-09-30,2023-10-25,1545451,1616477,1111727,75,264,Stalled,11.047425,76.615304,e3dbffa81fd937aa,11.046186,76.616252,Health Infrastructure,2,COMPLIANT
WRK-MAH-00323,Maharashtra,Pune,Pune,Lok Sabha,Sunil Joshi,School Boundary Wall Construction Ward 12,Education Infrastructure,District Rural Development Agency,VEN-MAH-001,Kashi Waterworks Solutions,2024-06-03,2024-06-22,1708567,1598213,329561,20,652,Stalled,19.496057,76.032734,14d804ba68be689f,19.497899,76.030748,Education Infrastructure,2,COMPLIANT
WRK-TAM-00503,Tamil Nadu,Coimbatore,Coimbatore,Lok Sabha,Vikram Nair,Construction of CC Road at Sector 7,Roads & Connectivity,Zilla Parishad Works Department,VEN-TAM-003,Ganga Infrastructure Solutions,2025-01-03,2025-01-30,1600482,1524273,1576318,100,0,Completed,11.305028,78.430704,8e60a400fdb02970,11.305002,78.432674,Roads & Connectivity,2,COMPLIANT
WRK-JAM-00657,Jammu and Kashmir,Srinagar,Srinagar,Rajya Sabha,Manoj Iyer,Village Electrification Works Sector 7,Electrification,Public Works Division,VEN-JAM-003,Sri Balaji Infrastructure Solutions,2024-04-10,2024-05-07,1696695,1527603,1490899,90,86,In Progress,33.592228,76.734417,44400e8855ef6c5d,33.592242,76.732633,Electrification,2,COMPLIANT
WRK-WES-00625,West Bengal,North 24 Parganas,North 24 Parganas,Lok Sabha,Anita Chauhan,Repair of Village Approach Road Gram Sabha Zone 2,Roads & Connectivity,District Rural Development Agency,VEN-WES-003,Kashi Nirman Udyog,2023-07-10,2023-07-21,2914063,3020516,1118646,100,691,Completed,22.73836,87.596316,,22.737464,87.596746,Roads & Connectivity,0,NO_PHYSICAL_EVIDENCE
WRK-ODI-00423,Odisha,Ganjam,Ganjam,Lok Sabha,Sunil Gupta,Community Sanitation Block Panchayat East,Sanitation,Zilla Parishad Works Department,VEN-ODI-005,Cauvery Electricals,2023-06-24,2023-07-07,889693,961955,882885,100,0,Completed,21.100303,85.332614,ede4b67dfff47d5a,21.099581,85.332527,Sanitation,2,COMPLIANT
WRK-AND-00017,Andhra Pradesh,Krishna,Krishna,Lok Sabha,Kamlesh Mishra,Community Sanitation Block Panchayat East,Sanitation,Municipal Corporation Engineering Wing,VEN-AND-002,Kashi Engineering Works,2025-02-16,2025-03-18,1538281,1558278,1462083,100,0,Completed,16.009827,79.790395,977041adcb9e7840,16.008227,79.790546,Sanitation,2,COMPLIANT
WRK-HIM-00207,Himachal Pradesh,Kangra,Kangra,Rajya Sabha,Sanjeev Patel,Panchayat Bhawan Renovation Gram Sabha Zone 2,Community Infrastructure,Municipal Corporation Engineering Wing,VEN-HIM-001,Ganga Engineering Works,2024-09-09,2024-09-24,542623,575217,0,0,720,Stalled,31.329213,77.192829,293ad35d945f32d1,31.329488,77.191524,Community Infrastructure,0,COMPLIANT
WRK-GOA-00131,Goa,North Goa,North Goa,Rajya Sabha,Girish Mishra,Village Electrification Works Colony Block A,Electrification,Public Works Division,VEN-GOA-004,Shivalik Infra Projects,2024-05-23,2024-06-06,1500087,1557823,0,0,830,Stalled,15.578773,73.964589,cfe02dc5dfeff5ca,15.579603,73.965812,Electrification,0,COMPLIANT
WRK-MAD-00301,Madhya Pradesh,Indore,Indore,Lok Sabha,Anil Chauhan,Installation of Solar Street Lighting New Township Sector 3,Electrification,District Rural Development Agency,VEN-MAD-005,Shivalik Electricals,2024-10-10,2024-10-26,2022439,1873128,1468291,75,172,In Progress,22.935323,79.02476,336174f621242a37,22.933324,79.022899,Electrification,2,COMPLIANT
WRK-BIH-00088,Bihar,Gaya,Gaya,Lok Sabha,Rekha Singh,Construction of Additional Classrooms Panchayat East,Education Infrastructure,Panchayati Raj Engineering Dept,VEN-BIH-005,Purvanchal Waterworks Solutions,2023-08-29,2023-09-21,776368,684674,692327,90,109,In Progress,25.403804,85.657478,081a5d8a2983e24c,25.403464,85.657064,Education Infrastructure,2,COMPLIANT
WRK-TAM-00517,Tamil Nadu,Madurai,Madurai,Lok Sabha,Vikram Nair,Panchayat Bhawan Renovation Ward 9,Community Infrastructure,Panchayati Raj Engineering Dept,VEN-TAM-005,Sindhudurg Nirman Udyog,2024-10-02,2024-10-16,2796894,2618829,2032689,75,175,In Progress,10.971778,78.483481,5063777a51101d09,10.972027,78.483404,Community Infrastructure,2,COMPLIANT
WRK-DEL-00651,Delhi,South Delhi,South Delhi,Lok Sabha,Kavita Tripathi,Community Sanitation Block Panchayat East,Sanitation,Panchayati Raj Engineering Dept,VEN-DEL-004,Sri Balaji Electricals,2025-03-21,2025-04-11,650379,585014,649342,100,0,Completed,28.363922,77.162785,53d6b6f24b24b2b9,28.365335,77.164512,Sanitation,2,COMPLIANT
WRK-KAR-00256,Karnataka,Mysuru,Mysuru,Lok Sabha,Neha Naik,Village Electrification Works Colony Block A,Electrification,Panchayati Raj Engineering Dept,VEN-KAR-004,Kashi Engineering Works,2023-05-18,2023-05-29,2860711,3020109,0,0,1204,Stalled,15.136096,75.907428,2355011260dd7249,15.136411,75.907709,Electrification,0,COMPLIANT
WRK-NAG-00396,Nagaland,Dimapur,Dimapur,Lok Sabha,Anil Tripathi,Construction of Community Hall Ward 4,Public Amenities,Panchayati Raj Engineering Dept,VEN-NAG-002,Sindhudurg Civil Contractors,2023-08-10,2023-08-24,2924547,3185878,2809004,100,0,Completed,26.543288,94.502244,50e1a94cb1b323b2,26.54434,94.500691,Public Amenities,2,COMPLIANT
WRK-BIH-00078,Bihar,Patna,Patna,Lok Sabha,Rekha Singh,Renovation of Primary Health Sub-Centre Ward 9,Health Infrastructure,Panchayati Raj Engineering Dept,VEN-BIH-003,Konkan Electricals,2024-03-25,2024-04-24,3325491,3718512,3183566,100,0,Completed,24.853917,85.395019,dfc3acd33cd0b300,24.854958,85.395641,Health Infrastructure,2,COMPLIANT
WRK-TEL-00543,Telangana,Nizamabad,Nizamabad,Lok Sabha,Geeta Nair,Nala Deepening and Widening Ward 12,Drainage,Zilla Parishad Works Department,VEN-TEL-001,Sri Balaji Infra Projects,2023-12-11,2023-12-30,559715,493635,0,0,989,Stalled,17.947117,79.046582,f4d36845f8233a86,17.945676,79.046544,Drainage,0,COMPLIANT
WRK-GUJ-00700,Gujarat,Surat,Surat,Lok Sabha,Deepak Joshi,Drainage Canal Package B,Drainage,Panchayati Raj Engineering Dept,VEN-GUJ-004,Namma Engineering Works,2024-12-14,2024-12-27,971279,932427,485639,50,20,In Progress,22.042619,71.416929,27b82569a159d126,0,0,Drainage,1,TENDER_SPLITTING
WRK-SIK-00491,Sikkim,West Sikkim,West Sikkim,Lok Sabha,Kamlesh Naik,Nala Deepening and Widening Colony Block A,Drainage,Public Works Division,VEN-SIK-004,Ganga Nirman Udyog,2024-09-13,2024-10-07,994606,1050774,582604,60,283,Stalled,27.519638,88.876802,f0f0234cdbaf2147,27.519533,88.877127,Drainage,2,COMPLIANT
WRK-TAM-00691,Tamil Nadu,Madurai,Madurai,Lok Sabha,Vikram Nair,Construction of Public Toilet Complex Municipal Ward 18 Extension,Sanitation,Municipal Corporation Engineering Wing,VEN-TAM-002,Sindhudurg Waterworks Solutions,2025-03-04,2025-07-01,3169109,2850401,1267643,40,48,In Progress,11.081697,78.262612,8a45401ea903db82,11.082468,78.260014,Sanitation,0,DUPLICATE_ASSET
WRK-HAR-00176,Haryana,Faridabad,Faridabad,Lok Sabha,Vikram Reddy,Children's Play Area Development Ward 9,Parks & Recreation,Public Works Division,VEN-HAR-004,Sri Balaji Nirman Udyog,2024-09-05,2024-09-26,532465,532528,515630,100,0,Completed,28.862893,75.767924,f1455ebd8db8ddbf,28.863189,75.768815,Parks & Recreation,2,COMPLIANT
WRK-CHA-00677,Chandigarh,Chandigarh,Chandigarh,Lok Sabha,Geeta Naik,Development of Public Ground New Township Sector 3,Public Amenities,Municipal Corporation Engineering Wing,VEN-CHA-004,Namma Waterworks Solutions,2024-09-15,2024-09-29,3733212,3785625,3680247,100,0,Completed,31.068647,76.475352,ac6c4eda99f57c36,31.070203,76.475325,Public Amenities,2,COMPLIANT
WRK-KER-00286,Kerala,Kozhikode,Kozhikode,Lok Sabha,Girish Joshi,Vocational Training Centre Setup Gram Sabha Zone 2,Skill Development,Panchayati Raj Engineering Dept,VEN-KER-001,Vindhya Electricals,2025-05-24,2025-06-16,3420348,3646906,3047032,90,46,In Progress,10.88907,76.021957,d2413be99d7175a5,10.890599,76.021705,Skill Development,2,COMPLIANT
WRK-JHA-00244,Jharkhand,Jamshedpur,Jamshedpur,Lok Sabha,Manoj Sharma,Drinking Water Hand Pump Installation Colony Block A,Drinking Water,District Rural Development Agency,VEN-JHA-005,Kashi Construction Pvt Ltd,2025-04-11,2025-04-30,453430,403623,265451,60,201,Stalled,23.617188,85.269344,c55ce96874feedef,23.616374,85.26995,Drinking Water,2,COMPLIANT
WRK-HIM-00200,Himachal Pradesh,Shimla,Shimla,Lok Sabha,Sanjeev Patel,Construction of Community Centre Panchayat West,Community Infrastructure,Public Works Division,VEN-HIM-004,Konkan Electricals,2023-05-16,2023-06-03,2121926,2144405,1894176,90,120,In Progress,31.156197,76.894305,1700216d6d019fd0,31.156983,76.892692,Community Infrastructure,2,COMPLIANT
WRK-RAJ-00469,Rajasthan,Jodhpur,Jodhpur,Rajya Sabha,Girish Bhatt,School Boundary Wall Construction Panchayat West,Education Infrastructure,District Rural Development Agency,VEN-RAJ-002,Shivalik Nirman Udyog,2023-12-08,2024-01-04,2364862,2077346,0,0,984,Stalled,26.624601,74.189622,85778352dd8ef7b5,26.625918,74.188779,Education Infrastructure,0,COMPLIANT
WRK-HAR-00169,Haryana,Gurugram,Gurugram,Lok Sabha,Vikram Reddy,Construction of Health Wellness Centre Ward 12,Health Infrastructure,Municipal Corporation Engineering Wing,VEN-HAR-005,Vindhya Civil Contractors,2025-03-04,2025-03-28,3575531,3906944,3421785,100,0,Completed,28.757326,76.269607,eb8c390858cc8397,28.756732,76.269325,Health Infrastructure,2,COMPLIANT
WRK-CHA-00672,Chandigarh,Chandigarh,Chandigarh,Lok Sabha,Geeta Naik,Upgradation of Public Park Ward 9,Parks & Recreation,Public Works Division,VEN-CHA-001,Konkan Electricals,2025-04-26,2025-05-17,2451729,2182803,483988,20,388,Stalled,30.681852,76.985528,a4e8b9f3cc5ab256,30.682652,76.986462,Parks & Recreation,2,COMPLIANT
WRK-MAD-00302,Madhya Pradesh,Indore,Indore,Lok Sabha,Anil Chauhan,Development of Public Ground Ward 4,Public Amenities,Municipal Corporation Engineering Wing,VEN-MAD-002,Sri Balaji Electricals,2023-11-06,2023-11-26,422873,391022,315872,75,256,Stalled,22.982417,78.713435,92e4ea825cbd100e,22.982703,78.711812,Public Amenities,2,COMPLIANT
WRK-ODI-00427,Odisha,Ganjam,Ganjam,Lok Sabha,Sunil Gupta,Construction of Public Toilet Complex Colony Block A,Sanitation,Municipal Corporation Engineering Wing,VEN-ODI-004,Vindhya Builders & Co,2023-08-28,2023-09-07,1733865,1517157,1530648,90,111,In Progress,21.277563,84.99421,ce2a908ae89850d0,21.2783,84.994043,Sanitation,2,COMPLIANT
WRK-GUJ-00148,Gujarat,Ahmedabad,Ahmedabad,Lok Sabha,Lakshmi Tripathi,Community Sanitation Block Gram Sabha Zone 2,Sanitation,Public Works Division,VEN-GUJ-002,Vindhya Nirman Udyog,2024-05-12,2024-06-01,1629695,1522422,325413,20,668,Stalled,22.484279,71.053109,5af1c8f453f313e5,22.4834,71.054252,Sanitation,2,COMPLIANT
WRK-PUD-00667,Puducherry,Puducherry,Puducherry,Lok Sabha,Anita Kumaraswamy,Village Electrification Works Municipal Ward 18,Electrification,Public Works Division,VEN-PUD-002,Namma Civil Contractors,2024-04-22,2024-05-20,457309,436732,443157,100,0,Completed,12.339857,79.471056,4ca613cb1f31cd65,12.338166,79.472798,Electrification,2,COMPLIANT
WRK-MAH-00313,Maharashtra,Mumbai City,Mumbai City,Lok Sabha,Sunil Joshi,Construction of Community Hall Sector 7,Public Amenities,Zilla Parishad Works Department,VEN-MAH-003,Deccan Electricals,2024-05-07,2024-05-21,714324,668238,0,0,846,Stalled,19.841459,75.81432,9d82fb843f9ca212,19.840369,75.813281,Public Amenities,0,COMPLIANT
WRK-WES-00629,West Bengal,North 24 Parganas,North 24 Parganas,Lok Sabha,Anita Chauhan,Establishment of IT Skill Development Centre New Township Sector 3,Skill Development,District Rural Development Agency,VEN-WES-004,Cauvery Infrastructure Solutions,2023-12-10,2024-01-04,655262,758798,641084,100,0,Completed,23.37913,88.123287,464691b85f896023,23.379231,88.121956,Skill Development,2,COMPLIANT
WRK-MAH-00322,Maharashtra,Pune,Pune,Lok Sabha,Sunil Joshi,Establishment of IT Skill Development Centre Panchayat West,Skill Development,Municipal Corporation Engineering Wing,VEN-MAH-005,Malwa Infra Projects,2025-03-25,2025-04-16,3641139,3348729,0,0,516,Stalled,19.47942,75.754177,85c90484d53ea867,19.477596,75.752861,Skill Development,0,COMPLIANT
WRK-CHH-00116,Chhattisgarh,Bilaspur,Bilaspur,Lok Sabha,Pooja Nair,Drinking Water Hand Pump Installation Panchayat West,Drinking Water,District Rural Development Agency,VEN-CHH-006,Malwa Construction Pvt Ltd,2023-12-19,2024-01-13,1090490,1197525,0,0,975,Stalled,21.328314,81.683397,832ba54046b40784,21.326751,81.684361,Drinking Water,0,COMPLIANT
WRK-CHH-00114,Chhattisgarh,Bilaspur,Bilaspur,Lok Sabha,Pooja Nair,Nala Deepening and Widening Panchayat West,Drainage,Zilla Parishad Works Department,VEN-CHH-006,Malwa Construction Pvt Ltd,2025-05-30,2025-06-29,3883645,3670763,745359,20,354,Stalled,21.075915,81.912569,224d0b59a2c930a1,21.074814,81.914461,Drainage,2,COMPLIANT
WRK-ASS-00050,Assam,Kamrup,Kamrup,Lok Sabha,Neha Bhatt,Renovation of Primary Health Sub-Centre Gram Sabha Zone 2,Health Infrastructure,Zilla Parishad Works Department,VEN-ASS-002,Purvanchal Nirman Udyog,2023-12-30,2024-01-26,958502,849509,190558,20,770,Stalled,26.188369,92.560696,ead7fafe49582d74,26.188889,92.561893,Health Infrastructure,2,COMPLIANT
WRK-PUD-00664,Puducherry,Puducherry,Puducherry,Lok Sabha,Anita Kumaraswamy,Upgradation of Public Park Ward 4,Parks & Recreation,Zilla Parishad Works Department,VEN-PUD-001,Sindhudurg Construction Pvt Ltd,2025-01-30,2025-02-10,1132184,1072823,221680,20,465,Stalled,11.575164,79.982186,8ec0b46cbdc39e9f,11.573407,79.983044,Parks & Recreation,2,COMPLIANT
WRK-BIH-00711,Bihar,Muzaffarpur,Gaya,Lok Sabha,Pradeep Rao,Drainage Canal Package A,Drainage,Public Works Division,VEN-BIH-002,Deccan Engineering Works,2024-09-08,2024-09-18,983939,944581,491969,50,20,In Progress,25.252104,85.157564,cb96312be27ca0a8,0,0,Drainage,1,TENDER_SPLITTING
WRK-JHA-00237,Jharkhand,Dhanbad,Dhanbad,Lok Sabha,Manoj Sharma,Construction of Community Centre Ward 4,Community Infrastructure,Zilla Parishad Works Department,VEN-JHA-001,Purvanchal Electricals,2024-04-25,2024-05-09,549260,522570,476216,90,86,In Progress,23.838626,85.666726,32634bc02902224b,23.83936,85.665312,Community Infrastructure,2,COMPLIANT
WRK-TAM-00504,Tamil Nadu,Coimbatore,Coimbatore,Lok Sabha,Vikram Nair,Drinking Water Hand Pump Installation Municipal Ward 18,Drinking Water,Municipal Corporation Engineering Wing,VEN-TAM-004,Cauvery Electricals,2024-07-05,2024-07-20,1240772,1360180,1207405,100,0,Completed,10.785656,78.812489,ec73943c1c0f1a36,10.786655,78.812014,Drinking Water,2,COMPLIANT
WRK-RAJ-00473,Rajasthan,Udaipur,Udaipur,Lok Sabha,Girish Bhatt,Renovation of Primary Health Sub-Centre Ward 9,Health Infrastructure,Panchayati Raj Engineering Dept,VEN-RAJ-007,Malwa Construction Pvt Ltd,2025-02-16,2025-03-12,2767164,3119603,1097317,40,331,Stalled,26.910173,73.959649,7c39660ac7077793,26.911245,73.960437,Health Infrastructure,2,COMPLIANT
WRK-ASS-00067,Assam,Nagaon,Nagaon,Lok Sabha,Neha Bhatt,Village Electrification Works Sector 7,Electrification,Public Works Division,VEN-ASS-001,Nilgiri Construction Pvt Ltd,2023-09-26,2023-10-14,461576,519777,180255,40,640,Stalled,26.397132,92.918597,f96c11eabbc53126,26.398244,92.91865,Electrification,2,COMPLIANT
WRK-AND-00679,Andaman and Nicobar Islands,South Andaman,South Andaman,Rajya Sabha,Girish Iyer,Upgradation of Public Park Colony Block A,Parks & Recreation,Municipal Corporation Engineering Wing,VEN-AND-002,Malwa Engineering Works,2023-12-28,2024-01-22,930809,935156,918408,100,0,Completed,11.56618,92.417458,97859ac1b8333afc,11.567683,92.419261,Parks & Recreation,2,COMPLIANT
WRK-AND-00010,Andhra Pradesh,Guntur,Guntur,Lok Sabha,Kamlesh Mishra,Nala Deepening and Widening Sector 7,Drainage,District Rural Development Agency,VEN-AND-004,Vindhya Waterworks Solutions,2025-02-16,2025-03-18,1831582,1866239,0,0,545,Stalled,15.711224,79.391221,6bcef171381e4fac,15.709308,79.391437,Drainage,0,COMPLIANT
WRK-CHH-00107,Chhattisgarh,Raipur,Raipur,Lok Sabha,Pooja Nair,Installation of Solar Street Lighting Sector 7,Electrification,District Rural Development Agency,VEN-CHH-004,Namma Civil Contractors,2024-09-09,2024-10-03,2663967,2391949,506771,20,569,Stalled,21.634886,81.870456,e4b448036526df28,21.636753,81.869317,Electrification,2,COMPLIANT
WRK-JAM-00656,Jammu and Kashmir,Srinagar,Srinagar,Lok Sabha,Manoj Iyer,Development of Public Ground Ward 4,Public Amenities,Panchayati Raj Engineering Dept,VEN-JAM-003,Sri Balaji Infrastructure Solutions,2024-12-07,2025-01-06,1522340,1324435,1492359,100,0,Completed,33.761161,76.274101,ca083edcda1a2b97,33.759468,76.273102,Public Amenities,2,COMPLIANT
WRK-AND-00003,Andhra Pradesh,Visakhapatnam,Visakhapatnam,Lok Sabha,Kamlesh Mishra,Construction of Health Wellness Centre New Township Sector 3,Health Infrastructure,Municipal Corporation Engineering Wing,VEN-AND-002,Kashi Engineering Works,2025-03-22,2025-04-03,516013,492201,386723,75,133,In Progress,16.197154,80.033187,69a6d48c76d0da0b,16.196675,80.033001,Health Infrastructure,2,COMPLIANT
WRK-GOA-00140,Goa,South Goa,South Goa,Rajya Sabha,Girish Mishra,Installation of RO Drinking Water Unit Ward 4,Drinking Water,District Rural Development Agency,VEN-GOA-004,Shivalik Infra Projects,2024-04-23,2024-05-15,2599349,2618197,2560728,100,0,Completed,14.965449,74.400264,e09a58ed9be0d46c,14.966029,74.399589,Drinking Water,2,COMPLIANT
WRK-GUJ-00146,Gujarat,Ahmedabad,Ahmedabad,Lok Sabha,Lakshmi Tripathi,Development of Public Ground Panchayat East,Public Amenities,Public Works Division,VEN-GUJ-004,Namma Engineering Works,2023-08-28,2023-09-09,981695,1001318,378929,40,661,Stalled,22.484833,71.0813,8a8a534661e7565f,22.48661,71.082184,Public Amenities,2,COMPLIANT
WRK-UTT-00576,Uttar Pradesh,Kanpur Nagar,Kanpur Nagar,Lok Sabha,Manoj Tripathi,Panchayat Bhawan Renovation Municipal Ward 18,Community Infrastructure,Zilla Parishad Works Department,VEN-UTT-005,Sri Balaji Civil Contractors,2023-10-03,2023-10-26,1039755,930068,765185,75,264,Stalled,26.676304,81.246522,ecdd989d257169f5,26.675388,81.246519,Community Infrastructure,2,COMPLIANT
WRK-UTT-00707,Uttar Pradesh,Kanpur Nagar,Lucknow,Lok Sabha,Kamlesh Tripathi,Drainage Canal Package A,Drainage,District Rural Development Agency,VEN-UTT-003,Kashi Builders & Co,2024-10-04,2024-10-14,991023,951382,495511,50,20,In Progress,26.985095,80.814191,039dd5b75c117d58,0,0,Drainage,1,TENDER_SPLITTING
WRK-UTT-00591,Uttarakhand,Haridwar,Haridwar,Lok Sabha,Ashok Naik,Upgradation of Public Park Gram Sabha Zone 2,Parks & Recreation,Panchayati Raj Engineering Dept,VEN-UTT-003,Malwa Waterworks Solutions,2024-01-19,2024-02-10,2231481,2015609,2169091,100,0,Completed,30.076783,79.119006,ae968be839171de7,30.076038,79.11734,Parks & Recreation,2,COMPLIANT
WRK-AND-00024,Andhra Pradesh,Krishna,Krishna,Rajya Sabha,Kamlesh Mishra,Panchayat Bhawan Renovation Municipal Ward 18,Community Infrastructure,District Rural Development Agency,VEN-AND-001,Sri Balaji Civil Contractors,2023-07-28,2023-08-15,1074327,1048967,766999,75,282,Stalled,15.990157,79.61655,0b3103aa750ad70d,15.991303,79.616296,Community Infrastructure,2,COMPLIANT
WRK-KAR-00257,Karnataka,Mysuru,Mysuru,Lok Sabha,Neha Naik,Construction of Health Wellness Centre Ward 9,Health Infrastructure,District Rural Development Agency,VEN-KAR-004,Kashi Engineering Works,2023-11-15,2023-12-11,1913865,2002225,1118856,60,404,Stalled,15.302988,75.797269,73cb2386f8081a97,15.302995,75.795825,Health Infrastructure,2,COMPLIANT
WRK-TEL-00532,Telangana,Warangal,Warangal,Lok Sabha,Geeta Nair,Community Sanitation Block Ward 9,Sanitation,Municipal Corporation Engineering Wing,VEN-TEL-002,Nilgiri Waterworks Solutions,2024-02-15,2024-03-08,2913072,2719764,2082324,75,230,Stalled,18.140882,79.296995,439ff2bdbe16cde5,18.142801,79.296274,Sanitation,2,COMPLIANT
WRK-UTT-00605,Uttarakhand,Nainital,Nainital,Lok Sabha,Ashok Naik,Construction of Additional Classrooms Colony Block A,Education Infrastructure,Public Works Division,VEN-UTT-005,Sindhudurg Nirman Udyog,2023-09-10,2023-10-03,1116344,1268756,1088673,100,0,Completed,30.171953,79.246725,72903471e2ab6fce,30.173325,79.247234,Education Infrastructure,2,COMPLIANT
WRK-WES-00623,West Bengal,Howrah,Howrah,Lok Sabha,Anita Chauhan,Community Sanitation Block Panchayat West,Sanitation,Panchayati Raj Engineering Dept,VEN-WES-004,Cauvery Infrastructure Solutions,2024-12-26,2025-01-21,1248265,1151530,1071122,100,61,Completed,22.925275,88.004013,,22.927081,88.004322,Sanitation,0,NO_PHYSICAL_EVIDENCE
WRK-PUD-00670,Puducherry,Puducherry,Puducherry,Lok Sabha,Anita Kumaraswamy,Renovation of Government Primary School Municipal Ward 18,Education Infrastructure,Panchayati Raj Engineering Dept,VEN-PUD-004,Konkan Engineering Works,2025-02-19,2025-03-19,2757228,3092998,2046813,75,136,In Progress,11.814857,79.502671,7f6bf2064b6800be,11.814491,79.502691,Education Infrastructure,2,COMPLIANT
WRK-WES-00614,West Bengal,Kolkata,Kolkata,Lok Sabha,Anita Chauhan,Renovation of Government Primary School Panchayat West,Education Infrastructure,Municipal Corporation Engineering Wing,VEN-WES-001,Cauvery Builders & Co,2023-11-07,2023-11-28,1662049,1860131,953466,60,409,Stalled,22.841671,87.463721,3f48956e055b2abb,22.840986,87.463583,Education Infrastructure,2,COMPLIANT
WRK-RAJ-00462,Rajasthan,Jaipur,Jaipur,Lok Sabha,Girish Bhatt,Construction of Community Centre Gram Sabha Zone 2,Community Infrastructure,Panchayati Raj Engineering Dept,VEN-RAJ-007,Malwa Construction Pvt Ltd,2023-08-20,2023-09-15,2934706,2969507,577175,20,876,Stalled,26.742986,74.400191,b8ede6e9a1bf1247,26.741343,74.40069,Community Infrastructure,2,COMPLIANT
WRK-MAD-00294,Madhya Pradesh,Bhopal,Bhopal,Lok Sabha,Anil Chauhan,Vocational Training Centre Setup Municipal Ward 18,Skill Development,District Rural Development Agency,VEN-MAD-005,Shivalik Electricals,2025-03-14,2025-04-08,1117908,1095977,0,0,524,Stalled,23.159322,78.47716,8faef54f56788f7c,23.160647,78.478818,Skill Development,0,COMPLIANT
WRK-DEL-00641,Delhi,New Delhi,New Delhi,Lok Sabha,Kavita Tripathi,Installation of RO Drinking Water Unit Municipal Ward 18,Drinking Water,Public Works Division,VEN-DEL-002,Ganga Infrastructure Solutions,2023-10-27,2023-11-09,1960883,2287019,0,0,1040,Stalled,28.348623,76.799949,d4c814de76733ef8,28.348241,76.80188,Drinking Water,0,COMPLIANT
WRK-ODI-00425,Odisha,Ganjam,Ganjam,Lok Sabha,Sunil Gupta,Vocational Training Centre Setup Sector 7,Skill Development,Panchayati Raj Engineering Dept,VEN-ODI-006,Deccan Builders & Co,2023-09-20,2023-10-01,2052229,1982062,1473699,75,270,Stalled,21.318126,84.834598,cc3becfce1a070e7,21.318395,84.832654,Skill Development,2,COMPLIANT
WRK-TEL-00540,Telangana,Nizamabad,Nizamabad,Lok Sabha,Geeta Nair,Establishment of IT Skill Development Centre Panchayat East,Skill Development,Panchayati Raj Engineering Dept,VEN-TEL-005,Cauvery Nirman Udyog,2023-10-03,2023-10-25,2680440,2330846,1034562,40,633,Stalled,17.812589,78.879483,6b7c9352121c55e2,17.813444,78.880932,Skill Development,2,COMPLIANT
WRK-KER-00277,Kerala,Ernakulam,Ernakulam,Lok Sabha,Girish Joshi,Community Sanitation Block Municipal Ward 18,Sanitation,Public Works Division,VEN-KER-004,Namma Engineering Works,2023-10-18,2023-11-01,4159138,3655600,4049542,100,0,Completed,10.458294,76.208317,9c038becf8016e38,10.456832,76.20989,Sanitation,2,COMPLIANT
WRK-PUN-00439,Punjab,Amritsar,Amritsar,Lok Sabha,Pradeep Patel,Upgradation of Public Park Ward 9,Parks & Recreation,Panchayati Raj Engineering Dept,VEN-PUN-001,Vindhya Engineering Works,2025-04-28,2025-05-22,1143507,1053096,435567,40,288,Stalled,31.080101,75.504703,6bbe713e71039ef2,31.079357,75.505599,Parks & Recreation,2,COMPLIANT
WRK-MAH-00316,Maharashtra,Pune,Pune,Lok Sabha,Sunil Joshi,Renovation of Government Primary School Sector 7,Education Infrastructure,Panchayati Raj Engineering Dept,VEN-MAH-002,Deccan Civil Contractors,2023-10-07,2023-10-17,4007888,3497936,2946640,75,266,Stalled,19.84139,75.790989,6803fd1d3644af40,19.840314,75.789093,Education Infrastructure,2,COMPLIANT
WRK-RAJ-00476,Rajasthan,Udaipur,Udaipur,Lok Sabha,Girish Bhatt,Upgradation of Public Park Ward 12,Parks & Recreation,Public Works Division,VEN-RAJ-002,Shivalik Nirman Udyog,2023-12-22,2024-01-19,3570825,3888138,3198714,15,969,In Progress,26.843262,74.496034,12dd7093347f298a,26.841354,74.497913,Parks & Recreation,0,EXPENDITURE_PROGRESS_MISMATCH
WRK-UTT-00598,Uttarakhand,Haridwar,Haridwar,Lok Sabha,Ashok Naik,Construction of CC Road at Gram Sabha Zone 2,Roads & Connectivity,Municipal Corporation Engineering Wing,VEN-UTT-006,Malwa Infrastructure Solutions,2024-07-04,2024-08-03,2396693,2725889,2129597,90,78,In Progress,29.816926,79.176457,cdc275dc74425510,29.818024,79.176861,Roads & Connectivity,2,COMPLIANT
WRK-MAD-00293,Madhya Pradesh,Bhopal,Bhopal,Lok Sabha,Anil Chauhan,Renovation of Primary Health Sub-Centre Ward 12,Health Infrastructure,District Rural Development Agency,VEN-MAD-002,Sri Balaji Electricals,2024-08-12,2024-08-29,1863823,1628501,1107419,60,299,Stalled,22.924375,78.411272,a4ef165f47f5e276,22.925132,78.410705,Health Infrastructure,2,COMPLIANT
WRK-TRI-00558,Tripura,Sepahijala,Sepahijala,Lok Sabha,Rajesh Bhatt,Installation of RO Drinking Water Unit Ward 4,Drinking Water,Zilla Parishad Works Department,VEN-TRI-002,Vindhya Infra Projects,2024-03-18,2024-04-13,385903,357247,330850,90,89,In Progress,24.204669,91.931932,1a0ee9a694b6cbbf,24.205057,91.929964,Drinking Water,2,COMPLIANT
WRK-RAJ-00471,Rajasthan,Jodhpur,Jodhpur,Lok Sabha,Girish Bhatt,Construction of Additional Classrooms Municipal Ward 18,Education Infrastructure,Zilla Parishad Works Department,VEN-RAJ-004,Namma Builders & Co,2023-11-02,2023-12-01,2749092,2417369,1639882,60,408,Stalled,27.380127,74.326036,01f91aff2e3d7b77,27.382046,74.326867,Education Infrastructure,2,COMPLIANT
WRK-JHA-00222,Jharkhand,Ranchi,Ranchi,Lok Sabha,Manoj Sharma,Construction of Community Centre Ward 9,Community Infrastructure,Public Works Division,VEN-JHA-003,Konkan Nirman Udyog,2023-07-26,2023-08-08,2171808,2387668,1932926,90,114,In Progress,23.875399,85.658396,e6fb2e2cc14a3894,23.874831,85.658035,Community Infrastructure,2,COMPLIANT
WRK-MEG-00362,Meghalaya,West Garo Hills,West Garo Hills,Lok Sabha,Ravi Naik,Installation of Solar Street Lighting Gram Sabha Zone 2,Electrification,Public Works Division,VEN-MEG-004,Namma Civil Contractors,2025-04-22,2025-05-08,763417,886963,752719,100,0,Completed,25.541356,91.357586,8bd8d78f453b1c37,25.539608,91.357748,Electrification,2,COMPLIANT
WRK-SIK-00482,Sikkim,East Sikkim,East Sikkim,Lok Sabha,Kamlesh Naik,Village Electrification Works Ward 4,Electrification,Panchayati Raj Engineering Dept,VEN-SIK-003,Sri Balaji Civil Contractors,2024-11-22,2024-12-08,663258,753012,649756,100,0,Completed,27.805624,88.835696,b6a7098bc6ececce,27.804128,88.835732,Electrification,2,COMPLIANT
WRK-TRI-00556,Tripura,Sepahijala,Sepahijala,Lok Sabha,Rajesh Bhatt,Renovation of Primary Health Sub-Centre Gram Sabha Zone 2,Health Infrastructure,Municipal Corporation Engineering Wing,VEN-TRI-002,Vindhya Infra Projects,2024-03-28,2024-04-20,310671,324369,267170,90,88,In Progress,23.76872,91.695144,3276fc69e71fa2d8,23.768404,91.694469,Health Infrastructure,2,COMPLIANT
WRK-AND-00701,Andhra Pradesh,Krishna,Krishna,Lok Sabha,Vinod Joshi,Drainage Canal Package A,Drainage,Zilla Parishad Works Department,VEN-AND-003,Konkan Builders & Co,2024-02-20,2024-03-01,979641,940455,489820,50,20,In Progress,15.98196,79.662979,36515a1d496d04e8,0,0,Drainage,1,TENDER_SPLITTING
WRK-AND-00012,Andhra Pradesh,Guntur,Guntur,Rajya Sabha,Kamlesh Mishra,Construction of Public Toilet Complex Ward 9,Sanitation,Municipal Corporation Engineering Wing,VEN-AND-004,Vindhya Waterworks Solutions,2024-03-28,2024-04-20,2004261,2024287,1971527,100,0,Completed,16.300232,79.418734,9a65acf52a582e4b,16.299842,79.418091,Sanitation,2,COMPLIANT
WRK-RAJ-00480,Rajasthan,Udaipur,Udaipur,Lok Sabha,Girish Bhatt,Village Electrification Works Ward 4,Electrification,Zilla Parishad Works Department,VEN-RAJ-005,Sri Balaji Waterworks Solutions,2023-11-29,2023-12-11,3660303,3553729,723425,20,807,Stalled,27.124079,74.281048,ca57c0a0283b02ba,27.122421,74.279291,Electrification,2,COMPLIANT
WRK-DEL-00637,Delhi,New Delhi,New Delhi,Lok Sabha,Kavita Tripathi,Village Electrification Works Municipal Ward 18,Electrification,Zilla Parishad Works Department,VEN-DEL-004,Sri Balaji Electricals,2024-03-28,2024-04-20,2203040,2256863,857479,40,527,Stalled,29.034147,76.723638,e7676cd6aa2a65e1,29.035214,76.721992,Electrification,2,COMPLIANT
WRK-WES-00615,West Bengal,Kolkata,Kolkata,Lok Sabha,Anita Chauhan,Construction of Community Centre Panchayat East,Community Infrastructure,District Rural Development Agency,VEN-WES-002,Sindhudurg Builders & Co,2023-07-15,2023-08-11,1561346,1466219,1528085,100,0,Completed,23.103816,88.000706,494979ca432a3f10,23.103557,88.00196,Community Infrastructure,2,COMPLIANT
WRK-MEG-00366,Meghalaya,West Garo Hills,West Garo Hills,Lok Sabha,Ravi Naik,Upgradation of Public Park Municipal Ward 18,Parks & Recreation,Public Works Division,VEN-MEG-003,Ganga Civil Contractors,2023-11-05,2023-11-16,2514491,2787579,2403947,100,0,Completed,25.179989,91.298323,87bf62a609f2ef72,25.180774,91.298537,Parks & Recreation,2,COMPLIANT
WRK-ODI-00419,Odisha,Cuttack,Cuttack,Rajya Sabha,Sunil Gupta,Construction of Health Wellness Centre Sector 7,Health Infrastructure,Municipal Corporation Engineering Wing,VEN-ODI-007,Om Sai Construction Pvt Ltd,2023-08-27,2023-09-17,2441598,2293224,1741568,75,274,Stalled,21.325144,85.183152,83c30c7349ca40ad,21.32651,85.183801,Health Infrastructure,2,COMPLIANT
WRK-PUN-00447,Punjab,Jalandhar,Jalandhar,Lok Sabha,Pradeep Patel,Community Sanitation Block Ward 12,Sanitation,Public Works Division,VEN-PUN-001,Vindhya Engineering Works,2024-05-30,2024-06-24,1448373,1573608,0,0,812,Stalled,30.761604,75.645925,98329080827e35f0,30.761032,75.644559,Sanitation,0,COMPLIANT
WRK-KAR-00263,Karnataka,Belagavi,Belagavi,Lok Sabha,Neha Naik,Repair of Village Approach Road Municipal Ward 18,Roads & Connectivity,Public Works Division,VEN-KAR-002,Deccan Infra Projects,2024-08-06,2024-08-28,1817467,1770178,1765259,100,0,Completed,15.120914,75.926587,7ac06d13a390f7ae,15.122554,75.924922,Roads & Connectivity,2,COMPLIANT
WRK-HIM-00196,Himachal Pradesh,Shimla,Shimla,Lok Sabha,Sanjeev Patel,Overhead Water Tank Construction Gram Sabha Zone 2,Drinking Water,District Rural Development Agency,VEN-HIM-002,Nilgiri Electricals,2023-09-14,2023-10-08,663836,609159,640432,100,0,Completed,30.959774,77.53473,62c6f0edc4e520d7,30.958071,77.53341,Drinking Water,2,COMPLIANT
WRK-TAM-00499,Tamil Nadu,Chennai,Chennai,Lok Sabha,Vikram Nair,Upgradation of Public Park Gram Sabha Zone 2,Parks & Recreation,Panchayati Raj Engineering Dept,VEN-TAM-002,Sindhudurg Waterworks Solutions,2023-10-21,2023-11-02,1794129,1918557,1557482,90,105,In Progress,11.146617,78.620631,ad44538881466db8,11.146092,78.618675,Parks & Recreation,2,COMPLIANT
WRK-MAH-00327,Maharashtra,Nagpur,Nagpur,Lok Sabha,Sunil Joshi,Development of Public Ground Panchayat West,Public Amenities,Public Works Division,VEN-MAH-005,Malwa Infra Projects,2023-11-01,2023-11-17,2487115,2867139,0,0,1032,Stalled,19.73843,75.864823,838e281d13a13a08,19.740166,75.866768,Public Amenities,0,COMPLIANT
WRK-MAH-00312,Maharashtra,Mumbai City,Mumbai City,Lok Sabha,Sunil Joshi,Establishment of IT Skill Development Centre Colony Block A,Skill Development,District Rural Development Agency,VEN-MAH-001,Kashi Waterworks Solutions,2024-03-21,2024-04-11,1857833,1790563,1671714,90,89,In Progress,20.13437,75.534603,d0fb41937dea9e69,20.132618,75.533634,Skill Development,2,COMPLIANT
WRK-BIH-00076,Bihar,Patna,Patna,Lok Sabha,Rekha Singh,Renovation of Primary Health Sub-Centre Panchayat West,Health Infrastructure,District Rural Development Agency,VEN-BIH-004,Kashi Builders & Co,2025-04-29,2025-05-10,1822165,2129637,1809602,100,0,Completed,25.156707,85.37182,0531327200b48915,25.157545,85.371491,Health Infrastructure,2,COMPLIANT
WRK-AND-00020,Andhra Pradesh,Krishna,Krishna,Rajya Sabha,Kamlesh Mishra,Construction of Community Centre Panchayat East,Community Infrastructure,Municipal Corporation Engineering Wing,VEN-AND-001,Sri Balaji Civil Contractors,2024-03-07,2024-03-21,3400070,2972247,3356078,100,0,Completed,15.954244,79.68215,560578e49ca265fc,15.952283,79.680451,Community Infrastructure,2,COMPLIANT
WRK-RAJ-00464,Rajasthan,Jodhpur,Jodhpur,Lok Sabha,Girish Bhatt,Upgradation of Public Park Municipal Ward 18,Parks & Recreation,Public Works Division,VEN-RAJ-005,Sri Balaji Waterworks Solutions,2024-09-16,2024-10-02,5005057,3448070,5005057,100,0,Completed,27.372745,73.961695,045ce4a693d9b173,27.370821,73.962842,Parks & Recreation,2,SOR_INFLATION
WRK-UTT-00606,Uttarakhand,Nainital,Nainital,Lok Sabha,Ashok Naik,Installation of Solar Street Lighting Sector 7,Electrification,Municipal Corporation Engineering Wing,VEN-UTT-001,Konkan Construction Pvt Ltd,2023-04-27,2023-05-20,361865,348394,344275,100,0,Completed,30.232861,79.355776,d861a07291bcecfe,30.231176,79.355306,Electrification,2,COMPLIANT
WRK-ARU-00040,Arunachal Pradesh,East Siang,East Siang,Lok Sabha,Anil Mishra,Community Sanitation Block Panchayat East,Sanitation,District Rural Development Agency,VEN-ARU-004,Shivalik Waterworks Solutions,2024-10-18,2024-11-13,1702895,1741823,0,0,670,Stalled,28.380284,94.544533,f402e6f5183c5865,28.37929,94.543016,Sanitation,0,COMPLIANT
WRK-PUN-00430,Punjab,Ludhiana,Ludhiana,Lok Sabha,Pradeep Patel,Development of Public Ground New Township Sector 3,Public Amenities,Municipal Corporation Engineering Wing,VEN-PUN-005,Namma Builders & Co,2024-02-15,2024-03-09,937098,991992,185205,20,736,Stalled,30.868112,75.623627,231fea66c76f8ad5,30.868742,75.62482,Public Amenities,2,COMPLIANT
WRK-MIZ-00381,Mizoram,Lunglei,Lunglei,Lok Sabha,Naveen Deshmukh,Nala Deepening and Widening Ward 12,Drainage,Public Works Division,VEN-MIZ-003,Ganga Infrastructure Solutions,2024-06-04,2024-06-28,3541501,3394176,2548427,75,202,Stalled,22.782129,93.179191,cfc42934bc887ac8,22.783469,93.179269,Drainage,2,COMPLIANT
WRK-TEL-00519,Telangana,Hyderabad,Hyderabad,Lok Sabha,Geeta Nair,Village Electrification Works Ward 4,Electrification,Municipal Corporation Engineering Wing,VEN-TEL-004,Sindhudurg Nirman Udyog,2025-04-23,2025-05-10,2091142,1316501,1254685,60,197,Stalled,18.25354,79.177277,da4a3f472fbb28ac,18.254121,79.176322,Electrification,2,SOR_INFLATION
WRK-KER-00269,Kerala,Thiruvananthapuram,Thiruvananthapuram,Lok Sabha,Girish Joshi,Nala Deepening and Widening Panchayat East,Drainage,Zilla Parishad Works Department,VEN-KER-003,Kashi Waterworks Solutions,2024-01-09,2024-01-26,3238251,2843272,645374,20,770,Stalled,10.910425,76.079986,ceda122c630242a8,10.910054,76.078412,Drainage,2,COMPLIANT
WRK-TAM-00500,Tamil Nadu,Chennai,Chennai,Lok Sabha,Vikram Nair,Overhead Water Tank Construction Ward 12,Drinking Water,Zilla Parishad Works Department,VEN-TAM-004,Cauvery Electricals,2024-08-02,2024-08-14,2195267,1931554,1889788,90,77,In Progress,10.891642,78.602661,ba40444a7510fc3d,10.892481,78.60256,Drinking Water,2,COMPLIANT
WRK-GOA-00125,Goa,North Goa,North Goa,Rajya Sabha,Girish Mishra,Children's Play Area Development Ward 4,Parks & Recreation,District Rural Development Agency,VEN-GOA-003,Deccan Electricals,2025-04-10,2025-04-20,1816296,1960729,1793211,100,0,Completed,15.361949,73.760232,2fcf717c018db2af,15.361327,73.758487,Parks & Recreation,2,COMPLIANT
WRK-UTT-00594,Uttarakhand,Haridwar,Haridwar,Rajya Sabha,Ashok Naik,Establishment of IT Skill Development Centre Ward 4,Skill Development,Municipal Corporation Engineering Wing,VEN-UTT-004,Malwa Civil Contractors,2023-08-28,2023-09-27,1130875,1195358,1130185,100,0,Completed,30.286164,78.66922,58bd2839d927b062,30.287398,78.670378,Skill Development,2,COMPLIANT
WRK-UTT-00568,Uttar Pradesh,Lucknow,Lucknow,Rajya Sabha,Manoj Tripathi,Construction of CC Road at Sector 7,Roads & Connectivity,Zilla Parishad Works Department,VEN-UTT-005,Sri Balaji Civil Contractors,2023-07-28,2023-08-07,2882388,3020616,1671026,60,454,Stalled,27.203842,81.253389,28c4fcc011b96473,27.202898,81.251923,Roads & Connectivity,2,COMPLIANT
WRK-JHA-00235,Jharkhand,Dhanbad,Dhanbad,Lok Sabha,Manoj Sharma,Establishment of IT Skill Development Centre Ward 12,Skill Development,Zilla Parishad Works Department,VEN-JHA-004,Sri Balaji Engineering Works,2024-12-07,2025-01-02,1713645,1553732,0,0,620,Stalled,23.779699,85.62831,5a289188b125f9ad,23.780229,85.627114,Skill Development,0,COMPLIANT
WRK-UTT-00584,Uttarakhand,Dehradun,Dehradun,Lok Sabha,Ashok Naik,Construction of Health Wellness Centre Colony Block A,Health Infrastructure,Public Works Division,VEN-UTT-002,Sindhudurg Construction Pvt Ltd,2023-05-26,2023-06-16,2943755,3012234,2109391,75,297,Stalled,29.729047,79.101852,17aeb5824b7e6d88,29.939772,79.143913,Health Infrastructure,2,GEOFENCE_TAMPERING
WRK-GOA-00141,Goa,South Goa,South Goa,Rajya Sabha,Girish Mishra,Construction of CC Road at Sector 7,Roads & Connectivity,Public Works Division,VEN-GOA-005,Sindhudurg Construction Pvt Ltd,2024-07-30,2024-08-17,558320,495295,518984,20,190,In Progress,15.350108,73.750321,22f21104594e9690,15.351823,73.749579,Roads & Connectivity,2,EXPENDITURE_PROGRESS_MISMATCH
WRK-JHA-00221,Jharkhand,Ranchi,Ranchi,Lok Sabha,Manoj Sharma,Panchayat Bhawan Renovation Gram Sabha Zone 2,Community Infrastructure,Public Works Division,VEN-JHA-001,Purvanchal Electricals,2024-10-12,2024-10-30,2428431,2289762,2152278,90,69,In Progress,23.714449,85.120793,a5322dbc20bb2974,23.715096,85.121443,Community Infrastructure,2,COMPLIANT
WRK-KAR-00253,Karnataka,Mysuru,Mysuru,Lok Sabha,Neha Naik,Renovation of Primary Health Sub-Centre Ward 9,Health Infrastructure,Municipal Corporation Engineering Wing,VEN-KAR-001,Shivalik Waterworks Solutions,2024-09-01,2024-10-01,471247,430838,186323,40,428,Stalled,15.087509,75.343225,8dba60cccd564c85,15.086551,75.344801,Health Infrastructure,2,COMPLIANT
WRK-UTT-00588,Uttarakhand,Dehradun,Dehradun,Lok Sabha,Ashok Naik,Renovation of Primary Health Sub-Centre Ward 12,Health Infrastructure,Panchayati Raj Engineering Dept,VEN-UTT-005,Sindhudurg Nirman Udyog,2024-09-10,2024-10-09,3053330,3032148,1781387,60,282,Stalled,29.771758,78.851973,62e9d8ceae069cc4,29.772252,78.853734,Health Infrastructure,2,COMPLIANT
WRK-BIH-00075,Bihar,Patna,Patna,Lok Sabha,Rekha Singh,Upgradation of Public Park Ward 4,Parks & Recreation,Municipal Corporation Engineering Wing,VEN-BIH-002,Deccan Engineering Works,2024-02-03,2024-02-19,3135580,3518497,2268135,75,235,Stalled,24.792087,85.311008,e59f4225beffff1a,24.79181,85.309525,Parks & Recreation,2,COMPLIANT
WRK-TEL-00521,Telangana,Hyderabad,Hyderabad,Lok Sabha,Geeta Nair,Development of Public Ground Municipal Ward 18,Public Amenities,Panchayati Raj Engineering Dept,VEN-TEL-005,Cauvery Nirman Udyog,2024-02-10,2024-03-04,3846313,3456055,3675012,100,0,Completed,18.170489,79.257327,091af1021dd6b4b9,18.171746,79.256403,Public Amenities,2,COMPLIANT
WRK-ASS-00065,Assam,Nagaon,Nagaon,Lok Sabha,Neha Bhatt,Construction of Health Wellness Centre Panchayat West,Health Infrastructure,Municipal Corporation Engineering Wing,VEN-ASS-001,Nilgiri Construction Pvt Ltd,2024-05-12,2024-05-30,1250076,1096114,238660,20,670,Stalled,25.970285,93.049194,77cad9683c3dd7b3,25.972169,93.047396,Health Infrastructure,2,COMPLIANT
WRK-ASS-00049,Assam,Kamrup,Kamrup,Lok Sabha,Neha Bhatt,Vocational Training Centre Setup Ward 9,Skill Development,Public Works Division,VEN-ASS-003,Malwa Electricals,2024-02-26,2024-03-10,3438525,3540300,0,0,918,Stalled,25.801521,93.233094,f1294e64d65f2dc1,25.801369,93.231311,Skill Development,0,COMPLIANT
WRK-RAJ-00458,Rajasthan,Jaipur,Jaipur,Rajya Sabha,Girish Bhatt,Construction of Community Centre Colony Block A,Community Infrastructure,Public Works Division,VEN-RAJ-001,Malwa Infrastructure Solutions,2023-06-03,2023-06-26,839501,845525,160160,20,941,Stalled,27.165258,74.140103,08c4923853acd5fa,27.165494,74.141218,Community Infrastructure,2,COMPLIANT
WRK-ARU-00044,Arunachal Pradesh,East Siang,East Siang,Lok Sabha,Anil Mishra,Vocational Training Centre Setup Panchayat East,Skill Development,District Rural Development Agency,VEN-ARU-003,Sri Balaji Waterworks Solutions,2024-11-03,2024-12-02,570799,552624,569303,100,0,Completed,27.98423,94.49662,55f1972777e51eb4,27.984872,94.495248,Skill Development,2,COMPLIANT
WRK-BIH-00090,Bihar,Gaya,Gaya,Lok Sabha,Rekha Singh,Drinking Water Hand Pump Installation Ward 4,Drinking Water,Panchayati Raj Engineering Dept,VEN-BIH-002,Deccan Engineering Works,2023-09-01,2023-09-28,3459675,3350243,1322369,40,650,Stalled,24.926581,85.154021,00f2a1e0e837e059,24.924772,85.1537,Drinking Water,2,COMPLIANT
WRK-GOA-00128,Goa,North Goa,North Goa,Lok Sabha,Girish Mishra,Community Sanitation Block Gram Sabha Zone 2,Sanitation,District Rural Development Agency,VEN-GOA-002,Sindhudurg Builders & Co,2024-01-08,2024-01-24,4238952,3970889,4033832,100,0,Completed,15.427458,74.215939,aa315a03d4d3df54,15.429203,74.217495,Sanitation,2,COMPLIANT
WRK-HIM-00203,Himachal Pradesh,Kangra,Kangra,Lok Sabha,Sanjeev Patel,Construction of Community Hall Panchayat West,Public Amenities,District Rural Development Agency,VEN-HIM-001,Ganga Engineering Works,2024-05-02,2024-05-29,1997338,1966627,1462028,75,210,Stalled,31.43853,76.783291,a8179cb4bfc962ac,31.439332,76.783641,Public Amenities,2,COMPLIANT
WRK-MIZ-00379,Mizoram,Lunglei,Lunglei,Rajya Sabha,Naveen Deshmukh,Village Electrification Works Gram Sabha Zone 2,Electrification,District Rural Development Agency,VEN-MIZ-005,Deccan Engineering Works,2024-09-21,2024-10-04,2415027,2272010,0,0,710,Stalled,23.126083,92.832117,a3258c1cf2aa091f,23.358935,92.832396,Electrification,0,GEOFENCE_TAMPERING
WRK-PUN-00452,Punjab,Jalandhar,Jalandhar,Lok Sabha,Pradeep Patel,Community Sanitation Block Ward 12,Sanitation,Zilla Parishad Works Department,VEN-PUN-004,Malwa Developers,2024-05-24,2024-06-17,3893965,3875184,2329806,60,328,Stalled,31.101163,75.557321,aadd81b638ad34a8,31.102034,75.55739,Sanitation,2,COMPLIANT
WRK-RAJ-00455,Rajasthan,Jaipur,Jaipur,Lok Sabha,Girish Bhatt,Community Sanitation Block Ward 9,Sanitation,District Rural Development Agency,VEN-RAJ-005,Sri Balaji Waterworks Solutions,2024-03-14,2024-04-13,832346,971203,0,0,884,Stalled,26.816872,74.437226,23d8b937a180573d,26.817778,74.439174,Sanitation,0,COMPLIANT
WRK-MIZ-00375,Mizoram,Aizawl,Aizawl,Lok Sabha,Naveen Deshmukh,Construction of Public Toilet Complex Ward 9,Sanitation,Panchayati Raj Engineering Dept,VEN-MIZ-004,Nilgiri Waterworks Solutions,2023-11-10,2023-11-24,1692788,1803262,1609496,100,0,Completed,23.299728,92.667042,418b699c95e9f9c1,23.299565,92.667324,Sanitation,2,COMPLIANT
WRK-TRI-00553,Tripura,Sepahijala,Sepahijala,Rajya Sabha,Rajesh Bhatt,Village Electrification Works Ward 9,Electrification,Public Works Division,VEN-TRI-002,Vindhya Infra Projects,2024-10-04,2024-10-17,1425247,1516619,1029638,75,175,In Progress,23.542587,92.093141,ea7cd58b7b9a19dc,23.542161,92.094833,Electrification,2,COMPLIANT
WRK-RAJ-00456,Rajasthan,Jaipur,Jaipur,Rajya Sabha,Girish Bhatt,Development of Public Ground Municipal Ward 18,Public Amenities,Public Works Division,VEN-RAJ-001,Malwa Infrastructure Solutions,2023-05-19,2023-06-18,810577,823238,788413,100,0,Completed,27.41016,74.46221,ab3348b4a6662809,27.412116,74.462472,Public Amenities,2,COMPLIANT
WRK-MAD-00306,Madhya Pradesh,Gwalior,Gwalior,Lok Sabha,Anil Chauhan,Drinking Water Hand Pump Installation Sector 7,Drinking Water,Municipal Corporation Engineering Wing,VEN-MAD-003,Kashi Infrastructure Solutions,2024-05-08,2024-05-22,812445,854441,159007,20,676,Stalled,22.612849,78.576253,30cdf717a4e031d8,22.611189,78.57626,Drinking Water,2,COMPLIANT
WRK-AND-00019,Andhra Pradesh,Krishna,Krishna,Rajya Sabha,Kamlesh Mishra,Renovation of Government Primary School Panchayat East,Education Infrastructure,District Rural Development Agency,VEN-AND-001,Sri Balaji Civil Contractors,2025-04-30,2025-05-27,886977,951995,787008,90,48,In Progress,15.675778,79.84739,75c14253fe31ad5b,15.674834,79.847344,Education Infrastructure,2,COMPLIANT
WRK-TRI-00555,Tripura,Sepahijala,Sepahijala,Lok Sabha,Rajesh Bhatt,Overhead Water Tank Construction Municipal Ward 18,Drinking Water,District Rural Development Agency,VEN-TRI-002,Vindhya Infra Projects,2024-05-25,2024-06-07,1997561,2344354,1440198,75,208,Stalled,23.857087,91.827628,b8b68bc94bdbac3b,23.8568,91.826357,Drinking Water,2,COMPLIANT
WRK-GUJ-00153,Gujarat,Surat,Surat,Lok Sabha,Lakshmi Tripathi,Vocational Training Centre Setup Sector 7,Skill Development,Municipal Corporation Engineering Wing,VEN-GUJ-003,Om Sai Developers,2024-07-31,2024-08-13,2280174,2137801,440504,20,610,Stalled,22.098911,71.440549,19b570d1d2f89b60,22.097371,71.441946,Skill Development,2,COMPLIANT
WRK-DEL-00638,Delhi,New Delhi,New Delhi,Rajya Sabha,Kavita Tripathi,Children's Play Area Development Municipal Ward 18,Parks & Recreation,Panchayati Raj Engineering Dept,VEN-DEL-002,Ganga Infrastructure Solutions,2024-12-26,2025-01-22,2975061,2672191,2938666,100,0,Completed,28.618227,77.024854,8c7a6e87fd33df5f,28.616251,77.026084,Parks & Recreation,2,COMPLIANT
WRK-JHA-00229,Jharkhand,Ranchi,Ranchi,Lok Sabha,Manoj Sharma,Establishment of IT Skill Development Centre Ward 12,Skill Development,Public Works Division,VEN-JHA-004,Sri Balaji Engineering Works,2024-02-23,2024-03-11,1925936,1687873,1878454,100,0,Completed,23.650596,85.18281,af1c92c8716bee55,23.651864,85.181125,Skill Development,2,COMPLIANT
WRK-DEL-00648,Delhi,South Delhi,South Delhi,Lok Sabha,Kavita Tripathi,Renovation of Primary Health Sub-Centre New Township Sector 3,Health Infrastructure,District Rural Development Agency,VEN-DEL-002,Ganga Infrastructure Solutions,2023-12-15,2024-01-09,2249626,2135070,1943797,90,98,In Progress,28.433772,77.35357,1ff12bf52fe8a360,28.435007,77.352339,Health Infrastructure,2,COMPLIANT
WRK-HIM-00214,Himachal Pradesh,Mandi,Mandi,Lok Sabha,Sanjeev Patel,Community Sanitation Block Municipal Ward 18,Sanitation,Municipal Corporation Engineering Wing,VEN-HIM-003,Deccan Civil Contractors,2024-09-01,2024-09-20,3465181,3845945,0,0,724,Stalled,30.782882,76.875755,4b493a173fd54c94,30.781917,76.876988,Sanitation,0,COMPLIANT
WRK-TEL-00542,Telangana,Nizamabad,Nizamabad,Lok Sabha,Geeta Nair,School Boundary Wall Construction Ward 4,Education Infrastructure,Zilla Parishad Works Department,VEN-TEL-004,Sindhudurg Nirman Udyog,2024-02-16,2024-02-29,412489,464178,364792,90,93,In Progress,17.782657,78.824708,c9b160cb70436b98,17.783669,78.823046,Education Infrastructure,2,COMPLIANT
WRK-GUJ-00151,Gujarat,Ahmedabad,Ahmedabad,Lok Sabha,Lakshmi Tripathi,Construction of Public Toilet Complex Panchayat West,Sanitation,Public Works Division,VEN-GUJ-006,Om Sai Civil Contractors,2024-12-18,2024-12-29,3048572,2662317,1217405,40,375,Stalled,22.123977,71.429385,f43e74783f4c9815,22.122401,71.427779,Sanitation,2,COMPLIANT
WRK-PUN-00454,Punjab,Jalandhar,Jalandhar,Rajya Sabha,Pradeep Patel,Construction of Health Wellness Centre Municipal Ward 18,Health Infrastructure,Public Works Division,VEN-PUN-006,Om Sai Waterworks Solutions,2025-04-30,2025-05-20,1486108,1743500,1109019,75,121,In Progress,31.235421,75.058689,2bf5e726f1debcc4,31.235037,75.059265,Health Infrastructure,2,COMPLIANT
WRK-TRI-00554,Tripura,Sepahijala,Sepahijala,Lok Sabha,Rajesh Bhatt,Widening of Internal Road Gram Sabha Zone 2,Roads & Connectivity,Panchayati Raj Engineering Dept,VEN-TRI-004,Kashi Construction Pvt Ltd,2023-05-29,2023-06-19,335963,324709,194505,60,474,Stalled,23.626531,91.867977,324be893b92805b5,23.627421,91.867585,Roads & Connectivity,2,COMPLIANT
WRK-KER-00278,Kerala,Ernakulam,Ernakulam,Lok Sabha,Girish Joshi,Vocational Training Centre Setup Panchayat East,Skill Development,Zilla Parishad Works Department,VEN-KER-005,Sri Balaji Developers,2024-11-02,2024-11-13,1733889,1971018,1652399,100,0,Completed,11.101554,76.252332,350adab81d5fce89,11.102073,76.252131,Skill Development,2,COMPLIANT
WRK-AND-00013,Andhra Pradesh,Guntur,Guntur,Lok Sabha,Kamlesh Mishra,Construction of Storm Water Drainage Gram Sabha Zone 2,Drainage,District Rural Development Agency,VEN-AND-004,Vindhya Waterworks Solutions,2023-10-05,2023-10-23,2072241,2240402,2014542,100,0,Completed,16.201979,79.78026,a46a43b6c7e21a2d,16.200181,79.782257,Drainage,2,COMPLIANT
WRK-NAG-00393,Nagaland,Dimapur,Dimapur,Lok Sabha,Anil Tripathi,Installation of RO Drinking Water Unit Municipal Ward 18,Drinking Water,Zilla Parishad Works Department,VEN-NAG-006,Vindhya Infrastructure Solutions,2023-10-05,2023-10-18,3024462,2811391,0,0,1062,Stalled,26.011368,94.838396,57be38e86d684acd,26.012568,94.837482,Drinking Water,0,COMPLIANT
WRK-UTT-00586,Uttarakhand,Dehradun,Dehradun,Lok Sabha,Ashok Naik,Development of Public Ground Ward 4,Public Amenities,District Rural Development Agency,VEN-UTT-007,Sindhudurg Infra Projects,2024-01-15,2024-02-06,2178552,2398058,1709278,25,571,In Progress,30.445881,79.181425,145854f07f95061b,30.444271,79.181054,Public Amenities,2,EXPENDITURE_PROGRESS_MISMATCH
WRK-UTT-00577,Uttar Pradesh,Kanpur Nagar,Kanpur Nagar,Lok Sabha,Manoj Tripathi,Installation of RO Drinking Water Unit Ward 4,Drinking Water,Municipal Corporation Engineering Wing,VEN-UTT-002,Vindhya Construction Pvt Ltd,2024-02-22,2024-03-07,1907297,1938293,377924,20,737,Stalled,26.537231,80.888163,8d7092300a40e948,26.538138,80.886742,Drinking Water,2,COMPLIANT
WRK-PUN-00444,Punjab,Amritsar,Amritsar,Lok Sabha,Pradeep Patel,Construction of Storm Water Drainage Panchayat East,Drainage,Panchayati Raj Engineering Dept,VEN-PUN-004,Malwa Developers,2024-05-14,2024-06-08,2520169,2453169,484676,20,663,Stalled,30.795664,74.956416,9e3f4a230f459434,30.79597,74.956629,Drainage,2,COMPLIANT
WRK-PUN-00453,Punjab,Jalandhar,Jalandhar,Lok Sabha,Pradeep Patel,Renovation of Government Primary School Colony Block A,Education Infrastructure,Zilla Parishad Works Department,VEN-PUN-004,Malwa Developers,2025-05-17,2025-05-28,3457989,3068979,3441133,100,0,Completed,30.793348,75.446486,44c57ce55f23e550,30.620299,75.433907,Education Infrastructure,2,GEOFENCE_TAMPERING
WRK-GOA-00130,Goa,North Goa,North Goa,Lok Sabha,Girish Mishra,Upgradation of Public Park Panchayat West,Parks & Recreation,Panchayati Raj Engineering Dept,VEN-GOA-003,Deccan Electricals,2023-08-25,2023-09-20,1195298,1227120,854382,75,273,Stalled,15.658116,74.427771,2942ecee9fdabc88,15.659762,74.428275,Parks & Recreation,2,COMPLIANT
WRK-UTT-00580,Uttar Pradesh,Kanpur Nagar,Kanpur Nagar,Lok Sabha,Manoj Tripathi,Repair of Village Approach Road Panchayat West,Roads & Connectivity,Municipal Corporation Engineering Wing,VEN-UTT-002,Vindhya Construction Pvt Ltd,2024-01-27,2024-02-20,995544,904567,0,0,937,Stalled,27.177063,80.740198,b46d03f436fccd2b,27.178374,80.738421,Roads & Connectivity,0,COMPLIANT
WRK-SIK-00486,Sikkim,East Sikkim,East Sikkim,Lok Sabha,Kamlesh Naik,Renovation of Primary Health Sub-Centre Sector 7,Health Infrastructure,Zilla Parishad Works Department,VEN-SIK-004,Ganga Nirman Udyog,2024-12-29,2025-01-14,1294994,1302518,769508,60,244,Stalled,27.433729,88.43245,b45564cf746c9fcb,27.161006,88.409753,Health Infrastructure,2,GEOFENCE_TAMPERING
WRK-MAD-00307,Madhya Pradesh,Gwalior,Gwalior,Lok Sabha,Anil Chauhan,Establishment of IT Skill Development Centre Municipal Ward 18,Skill Development,Panchayati Raj Engineering Dept,VEN-MAD-004,Cauvery Civil Contractors,2024-05-09,2024-06-08,2450508,2696334,0,0,828,Stalled,22.630715,78.878318,a361089f405320dc,22.630009,78.880015,Skill Development,0,COMPLIANT
WRK-ARU-00026,Arunachal Pradesh,Papum Pare,Papum Pare,Lok Sabha,Anil Mishra,Construction of Community Hall Colony Block A,Public Amenities,Municipal Corporation Engineering Wing,VEN-ARU-003,Sri Balaji Waterworks Solutions,2024-01-19,2024-02-04,2283373,2103081,1333374,60,382,Stalled,28.171728,94.498761,f68a909896cbe6ab,28.171621,94.500366,Public Amenities,2,COMPLIANT
WRK-HAR-00188,Haryana,Panipat,Panipat,Lok Sabha,Vikram Reddy,Panchayat Bhawan Renovation Ward 12,Community Infrastructure,Public Works Division,VEN-HAR-002,Namma Builders & Co,2025-01-18,2025-02-13,1397760,1345001,0,0,578,Stalled,29.450323,76.311133,8ec6830f1c5bcd0d,29.449759,76.311311,Community Infrastructure,0,COMPLIANT
WRK-TEL-00533,Telangana,Warangal,Warangal,Lok Sabha,Geeta Nair,Upgradation of Public Park New Township Sector 3,Parks & Recreation,Municipal Corporation Engineering Wing,VEN-TEL-001,Sri Balaji Infra Projects,2024-05-09,2024-05-19,2828141,2557764,1624317,60,340,Stalled,18.466712,79.289073,76c8602653b86dff,18.466711,79.288896,Parks & Recreation,2,COMPLIANT
WRK-UTT-00575,Uttar Pradesh,Kanpur Nagar,Kanpur Nagar,Rajya Sabha,Manoj Tripathi,Renovation of Primary Health Sub-Centre Colony Block A,Health Infrastructure,Public Works Division,VEN-UTT-004,Konkan Nirman Udyog,2023-09-21,2023-10-04,1093355,1241715,793665,75,269,Stalled,26.939257,80.640881,9f7951fe5a32e2ed,26.94095,80.64256,Health Infrastructure,2,COMPLIANT
WRK-ASS-00063,Assam,Nagaon,Nagaon,Lok Sabha,Neha Bhatt,Upgradation of Public Park Sector 7,Parks & Recreation,Panchayati Raj Engineering Dept,VEN-ASS-004,Namma Nirman Udyog,2025-03-18,2025-04-06,2939937,3023107,2799605,100,0,Completed,25.83037,93.334342,f9fd1350f6bf45a8,25.828834,93.333281,Parks & Recreation,2,COMPLIANT
WRK-AND-00021,Andhra Pradesh,Krishna,Krishna,Rajya Sabha,Kamlesh Mishra,Installation of Solar Street Lighting New Township Sector 3,Electrification,Panchayati Raj Engineering Dept,VEN-AND-004,Vindhya Waterworks Solutions,2023-08-09,2023-08-20,1528248,1592929,1520524,100,0,Completed,15.680961,79.539624,2ed768085fce3511,15.679372,79.540744,Electrification,2,COMPLIANT
WRK-MEG-00698,Meghalaya,East Khasi Hills,West Garo Hills,Lok Sabha,Naveen Yadav,Drainage Canal Package C,Drainage,Public Works Division,VEN-MEG-001,Nilgiri Civil Contractors,2024-03-03,2024-03-19,980256,941045,490128,50,20,In Progress,25.499884,91.510011,f5c059d4d47f2f48,0,0,Drainage,1,TENDER_SPLITTING
WRK-JHA-00238,Jharkhand,Dhanbad,Dhanbad,Lok Sabha,Manoj Sharma,Nala Deepening and Widening Ward 4,Drainage,Zilla Parishad Works Department,VEN-JHA-004,Sri Balaji Engineering Works,2023-07-14,2023-08-12,4148318,3940804,0,0,1129,Stalled,23.80413,85.328916,757d3d9d8777c444,23.80308,85.330053,Drainage,0,COMPLIANT
WRK-ARU-00025,Arunachal Pradesh,Papum Pare,Papum Pare,Lok Sabha,Anil Mishra,Construction of Health Wellness Centre Panchayat West,Health Infrastructure,Municipal Corporation Engineering Wing,VEN-ARU-001,Namma Infra Projects,2025-04-07,2025-04-26,2288163,2427025,884429,40,304,Stalled,28.375767,94.77133,5eec980aac8811b0,28.374534,94.77199,Health Infrastructure,2,COMPLIANT
WRK-JHA-00223,Jharkhand,Ranchi,Ranchi,Lok Sabha,Manoj Sharma,Community Sanitation Block Gram Sabha Zone 2,Sanitation,District Rural Development Agency,VEN-JHA-002,Purvanchal Engineering Works,2023-04-03,2023-04-13,2732705,3117033,2710191,100,0,Completed,23.745418,84.999216,79074f3bacdd69bf,23.743778,84.999263,Sanitation,2,COMPLIANT
WRK-WES-00626,West Bengal,North 24 Parganas,North 24 Parganas,Lok Sabha,Anita Chauhan,Renovation of Primary Health Sub-Centre Sector 7,Health Infrastructure,District Rural Development Agency,VEN-WES-002,Sindhudurg Builders & Co,2023-07-27,2023-08-07,459835,449686,394521,90,114,In Progress,22.667626,87.636172,e47a84fa4801a1e1,22.668107,87.637035,Health Infrastructure,2,COMPLIANT
WRK-MEG-00697,Meghalaya,West Garo Hills,West Garo Hills,Lok Sabha,Ravi Singh,Drainage Canal Package B,Drainage,Municipal Corporation Engineering Wing,VEN-MEG-001,Nilgiri Civil Contractors,2024-03-03,2024-03-16,971196,932348,485598,50,20,In Progress,25.620023,91.543017,b60889a8a8d4eaa5,0,0,Drainage,1,TENDER_SPLITTING
WRK-TEL-00689,Telangana,Nizamabad,Nizamabad,Lok Sabha,Geeta Nair,Establishment of IT Skill Development Centre Panchayat East Extension,Skill Development,Panchayati Raj Engineering Dept,VEN-TEL-005,Cauvery Nirman Udyog,2023-10-03,2024-02-01,2680440,2330846,1876308,70,36,In Progress,17.811311,78.880149,6b7c9352121c55e2,17.813444,78.880932,Skill Development,2,DUPLICATE_ASSET
WRK-ODI-00417,Odisha,Cuttack,Cuttack,Lok Sabha,Sunil Gupta,Renovation of Government Primary School Sector 7,Education Infrastructure,Public Works Division,VEN-ODI-005,Cauvery Electricals,2025-04-22,2025-05-18,811320,806011,0,0,484,Stalled,21.259352,84.888961,9595a7ac1c5f974c,21.257841,84.890188,Education Infrastructure,0,COMPLIANT
WRK-KAR-00264,Karnataka,Belagavi,Belagavi,Lok Sabha,Neha Naik,Construction of Public Toilet Complex Ward 4,Sanitation,Public Works Division,VEN-KAR-005,Nilgiri Nirman Udyog,2024-09-17,2024-09-30,2113385,2480039,1872352,90,72,In Progress,15.170021,75.603716,30b81f9aefae2b92,15.16864,75.604322,Sanitation,2,COMPLIANT
WRK-CHH-00102,Chhattisgarh,Raipur,Raipur,Lok Sabha,Pooja Nair,Widening of Internal Road Ward 9,Roads & Connectivity,Public Works Division,VEN-CHH-002,Malwa Builders & Co,2024-02-06,2024-02-21,927235,979338,807223,90,94,In Progress,21.631423,82.182041,ad167fc42ebcdb13,21.632807,82.181043,Roads & Connectivity,2,COMPLIANT
WRK-RAJ-00474,Rajasthan,Udaipur,Udaipur,Rajya Sabha,Girish Bhatt,Construction of Public Toilet Complex Gram Sabha Zone 2,Sanitation,Zilla Parishad Works Department,VEN-RAJ-002,Shivalik Nirman Udyog,2025-04-30,2025-05-10,3252483,3481048,1872601,60,197,Stalled,27.276825,74.318089,14c6a602f768666b,27.278059,74.316974,Sanitation,2,COMPLIANT
WRK-UTT-00705,Uttarakhand,Nainital,Haridwar,Lok Sabha,Sunita Kumaraswamy,Drainage Canal Package B,Drainage,District Rural Development Agency,VEN-UTT-002,Sindhudurg Construction Pvt Ltd,2024-03-07,2024-03-20,972002,933121,486001,50,20,In Progress,29.977072,79.054794,6073a1855ae851be,0,0,Drainage,1,TENDER_SPLITTING
WRK-MEG-00363,Meghalaya,West Garo Hills,West Garo Hills,Rajya Sabha,Ravi Naik,Establishment of IT Skill Development Centre Ward 4,Skill Development,Municipal Corporation Engineering Wing,VEN-MEG-003,Ganga Civil Contractors,2023-05-28,2023-06-17,3843152,3604182,1469481,40,711,Stalled,25.712683,91.500053,3b89656ed6755553,25.712516,91.500765,Skill Development,2,COMPLIANT
WRK-HAR-00173,Haryana,Faridabad,Faridabad,Lok Sabha,Vikram Reddy,Overhead Water Tank Construction Municipal Ward 18,Drinking Water,District Rural Development Agency,VEN-HAR-005,Vindhya Civil Contractors,2023-09-04,2023-09-22,613526,650631,0,0,1088,Stalled,29.438251,75.809902,b04549d2ae9f22f9,29.437558,75.810248,Drinking Water,0,COMPLIANT
WRK-AND-00004,Andhra Pradesh,Visakhapatnam,Visakhapatnam,Lok Sabha,Kamlesh Mishra,Construction of Public Toilet Complex Panchayat East,Sanitation,Municipal Corporation Engineering Wing,VEN-AND-002,Kashi Engineering Works,2024-09-28,2024-10-15,974202,985359,730268,75,175,In Progress,16.0249,79.78556,7d83e32df6d4f75c,16.025638,79.786931,Sanitation,2,COMPLIANT
WRK-BIH-00077,Bihar,Patna,Patna,Lok Sabha,Rekha Singh,Construction of Additional Classrooms New Township Sector 3,Education Infrastructure,Municipal Corporation Engineering Wing,VEN-BIH-006,Purvanchal Builders & Co,2024-04-05,2024-04-17,2352002,2131701,2057073,90,88,In Progress,25.01646,84.976018,c308301efea63e7b,25.017942,84.977001,Education Infrastructure,2,COMPLIANT
WRK-ARU-00041,Arunachal Pradesh,East Siang,East Siang,Lok Sabha,Anil Mishra,Renovation of Government Primary School Sector 7,Education Infrastructure,Municipal Corporation Engineering Wing,VEN-ARU-004,Shivalik Waterworks Solutions,2024-01-09,2024-02-06,3514327,3488543,2633176,75,238,Stalled,28.484103,94.564797,1f06b0314de82d17,28.483547,94.564006,Education Infrastructure,2,COMPLIANT
WRK-WES-00621,West Bengal,Howrah,Howrah,Lok Sabha,Anita Chauhan,Establishment of IT Skill Development Centre Sector 7,Skill Development,Panchayati Raj Engineering Dept,VEN-WES-003,Kashi Nirman Udyog,2025-05-24,2025-06-12,2872749,3283749,0,0,459,Stalled,22.780701,87.972707,da4c6e5ba90090a0,22.782124,87.973487,Skill Development,0,COMPLIANT
WRK-CHA-00673,Chandigarh,Chandigarh,Chandigarh,Lok Sabha,Geeta Naik,Construction of Storm Water Drainage Ward 9,Drainage,Zilla Parishad Works Department,VEN-CHA-001,Konkan Electricals,2024-11-28,2024-12-26,1947952,1851363,377500,20,502,Stalled,30.68417,76.786334,62423602f68bb5ce,30.684522,76.788113,Drainage,2,COMPLIANT
WRK-DEL-00650,Delhi,South Delhi,South Delhi,Lok Sabha,Kavita Tripathi,Installation of Solar Street Lighting New Township Sector 3,Electrification,Public Works Division,VEN-DEL-001,Cauvery Electricals,2024-06-23,2024-07-16,2814766,2923414,2754129,100,0,Completed,28.405854,77.116297,113469148b141dd0,28.404258,77.116292,Electrification,2,COMPLIANT
WRK-NAG-00389,Nagaland,Kohima,Kohima,Lok Sabha,Anil Tripathi,Development of Public Ground Gram Sabha Zone 2,Public Amenities,Panchayati Raj Engineering Dept,VEN-NAG-001,Ganga Construction Pvt Ltd,2024-11-25,2024-12-17,571663,670978,416195,75,159,In Progress,26.203051,94.730598,44110aff91b7e74f,26.204072,94.729146,Public Amenities,2,COMPLIANT
WRK-KER-00273,Kerala,Thiruvananthapuram,Thiruvananthapuram,Lok Sabha,Girish Joshi,Construction of Public Toilet Complex Sector 7,Sanitation,District Rural Development Agency,VEN-KER-002,Sindhudurg Infra Projects,2024-12-24,2025-01-14,1034148,954292,1030021,100,0,Completed,10.99115,76.401839,399c3731e29abd09,10.991605,76.402896,Sanitation,2,COMPLIANT
WRK-DEL-00636,Delhi,New Delhi,New Delhi,Lok Sabha,Kavita Tripathi,Construction of Public Toilet Complex Panchayat East,Sanitation,Municipal Corporation Engineering Wing,VEN-DEL-004,Sri Balaji Electricals,2024-10-19,2024-11-04,1471323,1562746,1079583,75,170,In Progress,28.806755,77.139165,05cddf23791b427c,28.806259,77.140669,Sanitation,2,COMPLIANT
WRK-BIH-00092,Bihar,Muzaffarpur,Muzaffarpur,Lok Sabha,Rekha Singh,Construction of Storm Water Drainage Municipal Ward 18,Drainage,Public Works Division,VEN-BIH-004,Kashi Builders & Co,2024-07-25,2024-08-05,2865536,2966196,1655160,60,308,Stalled,24.709094,85.543916,7867fab1d338c894,24.708473,85.544848,Drainage,2,COMPLIANT
WRK-ODI-00403,Odisha,Khordha,Khordha,Lok Sabha,Sunil Gupta,Construction of Health Wellness Centre Colony Block A,Health Infrastructure,Municipal Corporation Engineering Wing,VEN-ODI-004,Vindhya Builders & Co,2025-02-11,2025-03-12,2288340,1996359,0,0,551,Stalled,21.1661,84.784929,a62ce4b96fc38b46,21.165103,84.784918,Health Infrastructure,0,COMPLIANT
WRK-ASS-00058,Assam,Dibrugarh,Dibrugarh,Lok Sabha,Neha Bhatt,Establishment of IT Skill Development Centre Panchayat East,Skill Development,Panchayati Raj Engineering Dept,VEN-ASS-001,Nilgiri Construction Pvt Ltd,2024-06-26,2024-07-17,2597885,2764454,1023063,40,474,Stalled,26.166069,92.779297,3a65c2c24c52e4b1,26.168066,92.78071,Skill Development,2,COMPLIANT
WRK-HAR-00187,Haryana,Panipat,Panipat,Lok Sabha,Vikram Reddy,Renovation of Primary Health Sub-Centre Colony Block A,Health Infrastructure,District Rural Development Agency,VEN-HAR-003,Purvanchal Construction Pvt Ltd,2023-11-06,2023-11-21,1357372,1453357,1291855,100,0,Completed,29.154141,75.882228,47dbdebb403db8fc,29.153321,75.881876,Health Infrastructure,2,COMPLIANT
WRK-KER-00274,Kerala,Thiruvananthapuram,Thiruvananthapuram,Lok Sabha,Girish Joshi,Village Electrification Works New Township Sector 3,Electrification,Public Works Division,VEN-KER-004,Namma Engineering Works,2024-11-09,2024-11-27,2134193,2358586,0,0,656,Stalled,10.628174,76.332432,e643401ee974953b,10.626391,76.333629,Electrification,0,COMPLIANT
WRK-PUN-00433,Punjab,Ludhiana,Ludhiana,Lok Sabha,Pradeep Patel,Village Electrification Works Ward 4,Electrification,Zilla Parishad Works Department,VEN-PUN-006,Om Sai Waterworks Solutions,2025-02-25,2025-03-10,1879174,1953267,1863856,100,0,Completed,30.87012,75.006051,f9abe28ed7c398c5,30.871443,75.006689,Electrification,2,COMPLIANT
WRK-HAR-00172,Haryana,Gurugram,Gurugram,Lok Sabha,Vikram Reddy,Construction of Health Wellness Centre Ward 12,Health Infrastructure,Panchayati Raj Engineering Dept,VEN-HAR-001,Om Sai Infrastructure Solutions,2023-04-18,2023-05-16,498177,583252,426834,90,122,In Progress,28.707175,76.317032,710e3e02ba07ce9a,28.707201,76.317546,Health Infrastructure,2,COMPLIANT
WRK-MEG-00365,Meghalaya,West Garo Hills,West Garo Hills,Lok Sabha,Ravi Naik,Renovation of Government Primary School New Township Sector 3,Education Infrastructure,District Rural Development Agency,VEN-MEG-001,Nilgiri Civil Contractors,2023-07-26,2023-08-20,3046420,2795516,2613340,90,113,In Progress,25.229113,91.236074,55d9cee79cc30f78,25.230457,91.237026,Education Infrastructure,2,COMPLIANT
WRK-JHA-00243,Jharkhand,Jamshedpur,Jamshedpur,Lok Sabha,Manoj Sharma,Children's Play Area Development Municipal Ward 18,Parks & Recreation,Zilla Parishad Works Department,VEN-JHA-005,Kashi Construction Pvt Ltd,2025-05-10,2025-06-09,297982,336925,173833,60,185,Stalled,23.933797,85.370861,a43c99f258115cc2,23.934282,85.372697,Parks & Recreation,2,COMPLIANT
WRK-NAG-00400,Nagaland,Dimapur,Dimapur,Lok Sabha,Anil Tripathi,Renovation of Primary Health Sub-Centre Ward 9,Health Infrastructure,Zilla Parishad Works Department,VEN-NAG-003,Purvanchal Construction Pvt Ltd,2024-04-23,2024-05-16,1203854,1198730,460181,40,511,Stalled,26.54609,94.261292,184079329c6fd646,26.544531,94.259836,Health Infrastructure,2,COMPLIANT
WRK-DEL-00635,Delhi,New Delhi,New Delhi,Rajya Sabha,Kavita Tripathi,Repair of Village Approach Road Gram Sabha Zone 2,Roads & Connectivity,Public Works Division,VEN-DEL-002,Ganga Infrastructure Solutions,2025-02-23,2025-03-25,1875407,1920011,1865376,100,0,Completed,29.040255,77.180131,7aa40e33690b57f7,29.038948,77.179874,Roads & Connectivity,2,COMPLIANT
WRK-KAR-00258,Karnataka,Mysuru,Mysuru,Lok Sabha,Neha Naik,Construction of Community Hall Sector 7,Public Amenities,Public Works Division,VEN-KAR-002,Deccan Infra Projects,2023-09-09,2023-09-30,3009223,2825056,2958233,100,0,Completed,15.248991,75.57808,7bc61caaa2d4bb2f,15.247444,75.578781,Public Amenities,2,COMPLIANT
WRK-JHA-00231,Jharkhand,Dhanbad,Dhanbad,Lok Sabha,Manoj Sharma,Construction of Health Wellness Centre Gram Sabha Zone 2,Health Infrastructure,Municipal Corporation Engineering Wing,VEN-JHA-003,Konkan Nirman Udyog,2023-05-26,2023-06-12,3788843,3841324,0,0,1190,Stalled,23.690161,85.453226,76293091da49c52b,23.689614,85.453036,Health Infrastructure,0,COMPLIANT
WRK-RAJ-00466,Rajasthan,Jodhpur,Jodhpur,Lok Sabha,Girish Bhatt,Construction of Community Hall Ward 12,Public Amenities,District Rural Development Agency,VEN-RAJ-003,Shivalik Engineering Works,2025-05-26,2025-06-07,891993,946876,351063,40,279,Stalled,26.670931,74.586799,3938454496033023,26.669657,74.587652,Public Amenities,2,COMPLIANT
WRK-WES-00609,West Bengal,Kolkata,Kolkata,Lok Sabha,Anita Chauhan,Renovation of Government Primary School Panchayat East,Education Infrastructure,Public Works Division,VEN-WES-002,Sindhudurg Builders & Co,2025-02-04,2025-03-04,3041809,2947500,2907544,100,0,Completed,22.861048,87.732427,0e661644764f949f,22.863028,87.732827,Education Infrastructure,2,COMPLIANT
WRK-TAM-00494,Tamil Nadu,Chennai,Chennai,Rajya Sabha,Vikram Nair,Installation of RO Drinking Water Unit Panchayat West,Drinking Water,Public Works Division,VEN-TAM-005,Sindhudurg Nirman Udyog,2023-10-23,2023-11-12,1183881,1124794,856954,75,260,Stalled,11.379552,78.803731,7580bd78a6b534d2,11.37865,78.804554,Drinking Water,2,COMPLIANT
WRK-TEL-00527,Telangana,Warangal,Warangal,Lok Sabha,Geeta Nair,Construction of Health Wellness Centre Gram Sabha Zone 2,Health Infrastructure,Public Works Division,VEN-TEL-002,Nilgiri Waterworks Solutions,2023-04-04,2023-05-04,3510548,3708371,2092999,60,492,Stalled,18.488078,79.20795,648a2faabd3f5e31,18.48879,79.206884,Health Infrastructure,2,COMPLIANT
WRK-ASS-00060,Assam,Dibrugarh,Dibrugarh,Lok Sabha,Neha Bhatt,Community Sanitation Block New Township Sector 3,Sanitation,Panchayati Raj Engineering Dept,VEN-ASS-002,Purvanchal Nirman Udyog,2025-01-03,2025-01-16,3060460,2931750,2271084,75,152,In Progress,25.827292,92.829489,6ac1694cb676a122,25.825818,92.831128,Sanitation,2,COMPLIANT
WRK-MAH-00325,Maharashtra,Nagpur,Nagpur,Lok Sabha,Sunil Joshi,School Boundary Wall Construction Ward 4,Education Infrastructure,Public Works Division,VEN-MAH-003,Deccan Electricals,2023-05-08,2023-05-22,3336798,3881219,2418900,75,303,Stalled,19.421662,75.40101,3eecb2b9ec37855b,19.423637,75.399655,Education Infrastructure,2,COMPLIANT
WRK-MIZ-00380,Mizoram,Lunglei,Lunglei,Lok Sabha,Naveen Deshmukh,Establishment of IT Skill Development Centre Ward 9,Skill Development,Panchayati Raj Engineering Dept,VEN-MIZ-004,Nilgiri Waterworks Solutions,2023-10-01,2023-10-20,549760,622740,394013,75,265,Stalled,22.882863,92.657998,156d493b799bbc53,22.88168,92.659806,Skill Development,2,COMPLIANT
WRK-GOA-00133,Goa,North Goa,North Goa,Lok Sabha,Girish Mishra,Overhead Water Tank Construction Sector 7,Drinking Water,Panchayati Raj Engineering Dept,VEN-GOA-005,Sindhudurg Construction Pvt Ltd,2023-11-09,2023-12-04,1306510,1176144,756594,60,406,Stalled,15.626495,73.893446,6c77e8d21c6b1a94,15.625255,73.894412,Health Infrastructure,2,CATEGORY_DEVIATION
WRK-UTT-00563,Uttar Pradesh,Lucknow,Lucknow,Lok Sabha,Manoj Tripathi,Construction of Community Centre Ward 9,Community Infrastructure,Panchayati Raj Engineering Dept,VEN-UTT-002,Vindhya Construction Pvt Ltd,2025-01-04,2025-02-02,693990,804802,599386,90,59,In Progress,26.803316,80.62511,7d56b59672532d27,26.805083,80.625586,Community Infrastructure,2,COMPLIANT
WRK-GUJ-00156,Gujarat,Surat,Surat,Lok Sabha,Lakshmi Tripathi,Construction of Health Wellness Centre Panchayat West,Health Infrastructure,Municipal Corporation Engineering Wing,VEN-GUJ-005,Malwa Builders & Co,2024-05-06,2024-06-03,743578,779124,145870,20,667,Stalled,22.509691,71.357191,79425bb159e64668,22.508881,71.357649,Health Infrastructure,2,COMPLIANT
WRK-TRI-00544,Tripura,West Tripura,West Tripura,Lok Sabha,Rajesh Bhatt,Children's Play Area Development Panchayat West,Parks & Recreation,Municipal Corporation Engineering Wing,VEN-TRI-002,Vindhya Infra Projects,2025-04-16,2025-05-15,1805728,2070059,1304232,75,122,In Progress,24.060615,91.718855,0f116e8cee7ce252,24.060439,91.720634,Parks & Recreation,2,COMPLIANT
WRK-AND-00688,Andhra Pradesh,Krishna,Krishna,Rajya Sabha,Kamlesh Mishra,Installation of Solar Street Lighting New Township Sector 3 Extension,Electrification,Panchayati Raj Engineering Dept,VEN-AND-004,Vindhya Waterworks Solutions,2023-08-09,2024-01-08,1528248,1592929,840536,55,15,In Progress,15.679855,79.540346,2ed768085fce3511,15.679372,79.540744,Electrification,2,DUPLICATE_ASSET
WRK-TEL-00528,Telangana,Warangal,Warangal,Lok Sabha,Geeta Nair,Village Electrification Works Colony Block A,Electrification,District Rural Development Agency,VEN-TEL-001,Sri Balaji Infra Projects,2025-04-21,2025-05-13,1581824,1532550,1571530,100,0,Completed,18.413387,79.24719,7b6dbe9a46396dfd,18.414254,79.245317,Electrification,2,COMPLIANT
WRK-UTT-00585,Uttarakhand,Dehradun,Dehradun,Lok Sabha,Ashok Naik,Construction of Public Toilet Complex New Township Sector 3,Sanitation,District Rural Development Agency,VEN-UTT-007,Sindhudurg Infra Projects,2024-02-11,2024-02-27,2380057,2613961,2289654,100,0,Completed,29.734831,79.075398,515a753826037c70,29.73301,79.077344,Sanitation,2,COMPLIANT
WRK-MAN-00344,Manipur,Imphal West,Imphal West,Lok Sabha,Kamlesh Chauhan,Panchayat Bhawan Renovation Ward 12,Community Infrastructure,Panchayati Raj Engineering Dept,VEN-MAN-001,Kashi Infrastructure Solutions,2024-04-13,2024-05-10,444539,522832,0,0,857,Stalled,24.551096,94.195298,965f6112c1e93133,24.552559,94.194239,Community Infrastructure,0,COMPLIANT
WRK-TRI-00552,Tripura,Sepahijala,Sepahijala,Lok Sabha,Rajesh Bhatt,Construction of Public Toilet Complex Municipal Ward 18,Sanitation,Panchayati Raj Engineering Dept,VEN-TRI-005,Namma Engineering Works,2024-07-03,2024-07-18,3532985,3129151,0,0,788,Stalled,23.680651,91.881841,e737f194cdd674be,23.679184,91.881254,Sanitation,0,COMPLIANT
WRK-TRI-00559,Tripura,Sepahijala,Sepahijala,Lok Sabha,Rajesh Bhatt,Construction of Community Centre Sector 7,Community Infrastructure,Public Works Division,VEN-TRI-005,Namma Engineering Works,2023-10-09,2023-10-26,1597542,1479181,1197812,75,264,Stalled,23.738683,92.244688,a390edcad9c65ec4,23.737477,92.245514,Community Infrastructure,2,COMPLIANT
WRK-UTT-00571,Uttar Pradesh,Varanasi,Varanasi,Lok Sabha,Manoj Tripathi,School Boundary Wall Construction Sector 7,Education Infrastructure,Municipal Corporation Engineering Wing,VEN-UTT-004,Konkan Nirman Udyog,2025-04-16,2025-05-01,2818869,3016081,2025665,75,126,In Progress,26.588887,80.861558,5de94244f67281ef,26.589318,80.859836,Education Infrastructure,2,COMPLIANT
WRK-JHA-00233,Jharkhand,Dhanbad,Dhanbad,Lok Sabha,Manoj Sharma,Installation of RO Drinking Water Unit Colony Block A,Drinking Water,Panchayati Raj Engineering Dept,VEN-JHA-005,Kashi Construction Pvt Ltd,2023-08-05,2023-08-29,2323880,2218423,0,0,1112,Stalled,23.609263,85.304191,c759844624c9c392,23.607457,85.305932,Drinking Water,0,COMPLIANT
WRK-TRI-00545,Tripura,West Tripura,West Tripura,Lok Sabha,Rajesh Bhatt,Overhead Water Tank Construction Panchayat East,Drinking Water,Public Works Division,VEN-TRI-002,Vindhya Infra Projects,2025-04-01,2025-04-22,2789818,2664086,0,0,510,Stalled,23.876549,91.710993,413cf839e14f279d,23.878519,91.710728,Drinking Water,0,COMPLIANT
WRK-HIM-00197,Himachal Pradesh,Shimla,Shimla,Lok Sabha,Sanjeev Patel,Overhead Water Tank Construction Panchayat West,Drinking Water,Public Works Division,VEN-HIM-005,Sri Balaji Builders & Co,2024-08-07,2024-08-17,2389047,2109101,2342140,100,0,Completed,31.05216,76.816245,cd0c09e0a2c62712,31.051484,76.818143,Drinking Water,2,COMPLIANT
WRK-KAR-00260,Karnataka,Belagavi,Belagavi,Lok Sabha,Neha Naik,Construction of Health Wellness Centre Ward 4,Health Infrastructure,Public Works Division,VEN-KAR-001,Shivalik Waterworks Solutions,2023-11-08,2023-12-02,3264382,2843953,625800,20,814,Stalled,15.581591,75.794571,c13ee779d685b9e7,15.582769,75.795853,Health Infrastructure,2,COMPLIANT
WRK-MAD-00295,Madhya Pradesh,Indore,Indore,Lok Sabha,Anil Chauhan,Development of Public Ground Panchayat East,Public Amenities,Public Works Division,VEN-MAD-004,Cauvery Civil Contractors,2023-04-01,2023-05-01,2334247,2422140,2320583,100,0,Completed,23.069188,78.54816,c5257fc81273f256,23.069669,78.547443,Public Amenities,2,COMPLIANT
WRK-ASS-00066,Assam,Nagaon,Nagaon,Lok Sabha,Neha Bhatt,Construction of Public Toilet Complex Ward 9,Sanitation,District Rural Development Agency,VEN-ASS-002,Purvanchal Nirman Udyog,2023-11-25,2023-12-15,3172800,3547937,3058146,100,0,Completed,26.587823,93.327622,61b768c5fefb929f,26.587984,93.328816,Sanitation,2,COMPLIANT
WRK-UTT-00573,Uttar Pradesh,Varanasi,Varanasi,Lok Sabha,Manoj Tripathi,Renovation of Primary Health Sub-Centre New Township Sector 3,Health Infrastructure,Municipal Corporation Engineering Wing,VEN-UTT-001,Nilgiri Developers,2023-07-18,2023-08-14,3710991,3387559,3562982,100,0,Completed,26.83104,80.996481,8e8753b028112bf5,26.830817,80.995134,Health Infrastructure,2,COMPLIANT
WRK-UTT-00581,Uttar Pradesh,Kanpur Nagar,Kanpur Nagar,Lok Sabha,Manoj Tripathi,Repair of Village Approach Road Colony Block A,Roads & Connectivity,Public Works Division,VEN-UTT-001,Nilgiri Developers,2025-03-19,2025-04-01,3155162,3079763,625903,20,425,Stalled,27.143082,80.570349,3feb471c47374f4f,27.142543,80.568665,Roads & Connectivity,2,COMPLIANT
WRK-AND-00007,Andhra Pradesh,Guntur,Guntur,Lok Sabha,Kamlesh Mishra,Construction of Community Hall Municipal Ward 18,Public Amenities,Public Works Division,VEN-AND-001,Sri Balaji Civil Contractors,2025-02-27,2025-03-26,3208114,3449409,1839361,60,215,Stalled,15.860712,79.702979,269e4a42d8aea046,15.862527,79.704482,Public Amenities,2,COMPLIANT
WRK-ODI-00414,Odisha,Cuttack,Cuttack,Lok Sabha,Sunil Gupta,Installation of Solar Street Lighting Gram Sabha Zone 2,Electrification,Municipal Corporation Engineering Wing,VEN-ODI-002,Konkan Infra Projects,2023-09-02,2023-09-21,3766062,3840504,2243840,60,436,Stalled,21.28061,85.205642,d6cc91fd2d24f131,21.281994,85.20471,Electrification,2,COMPLIANT
WRK-ODI-00412,Odisha,Cuttack,Cuttack,Lok Sabha,Sunil Gupta,Establishment of IT Skill Development Centre Colony Block A,Skill Development,Public Works Division,VEN-ODI-003,Vindhya Electricals,2023-06-18,2023-07-18,3531791,3755011,2573736,75,289,Stalled,20.983658,84.858562,c606560db1b6992b,20.983267,84.859062,Skill Development,2,COMPLIANT
WRK-HIM-00208,Himachal Pradesh,Kangra,Kangra,Lok Sabha,Sanjeev Patel,Community Sanitation Block Ward 4,Sanitation,Municipal Corporation Engineering Wing,VEN-HIM-001,Ganga Engineering Works,2024-04-04,2024-04-20,1391910,1449144,271493,20,702,Stalled,31.213128,76.872498,1b73748181fba15b,31.21125,76.871988,Sanitation,2,COMPLIANT
WRK-PUN-00442,Punjab,Amritsar,Amritsar,Lok Sabha,Pradeep Patel,Construction of Public Toilet Complex Gram Sabha Zone 2,Sanitation,Municipal Corporation Engineering Wing,VEN-PUN-006,Om Sai Waterworks Solutions,2023-12-04,2023-12-27,3976896,3831980,0,0,992,Stalled,30.987834,75.31194,e3897077b60de92d,30.98773,75.310027,Sanitation,0,COMPLIANT
WRK-MAN-00336,Manipur,Imphal East,Imphal East,Rajya Sabha,Kamlesh Chauhan,Village Electrification Works Municipal Ward 18,Electrification,District Rural Development Agency,VEN-MAN-003,Kashi Waterworks Solutions,2023-08-23,2023-09-11,2500583,2707878,2414485,100,0,Completed,24.977494,93.938762,05921921402762e5,24.975697,93.936878,Electrification,2,COMPLIANT
WRK-ASS-00052,Assam,Kamrup,Kamrup,Lok Sabha,Neha Bhatt,Renovation of Government Primary School Colony Block A,Education Infrastructure,Public Works Division,VEN-ASS-002,Purvanchal Nirman Udyog,2023-06-11,2023-06-29,3848893,3540834,1488742,40,704,Stalled,26.430774,92.751338,87ca94837774a87c,26.428784,92.752242,Education Infrastructure,2,COMPLIANT
WRK-MIZ-00376,Mizoram,Aizawl,Aizawl,Lok Sabha,Naveen Deshmukh,Renovation of Government Primary School Colony Block A,Education Infrastructure,Public Works Division,VEN-MIZ-003,Ganga Infrastructure Solutions,2025-01-01,2025-01-25,3382541,3252379,3278507,100,0,Completed,23.317101,92.962336,93e2e957bf72af82,23.316287,92.963348,Education Infrastructure,2,COMPLIANT
WRK-MEG-00352,Meghalaya,East Khasi Hills,East Khasi Hills,Lok Sabha,Ravi Naik,Construction of Additional Classrooms Gram Sabha Zone 2,Education Infrastructure,Panchayati Raj Engineering Dept,VEN-MEG-004,Namma Civil Contractors,2023-11-30,2023-12-24,3483118,3345060,3068623,90,100,In Progress,25.740466,91.009661,4d2176dfb1ece61d,25.739524,91.010939,Education Infrastructure,2,COMPLIANT
WRK-HAR-00178,Haryana,Faridabad,Faridabad,Lok Sabha,Vikram Reddy,Drinking Water Hand Pump Installation New Township Sector 3,Drinking Water,Zilla Parishad Works Department,VEN-HAR-001,Om Sai Infrastructure Solutions,2024-08-27,2024-09-07,964842,1052224,0,0,737,Stalled,29.422064,75.740741,ec56d819e1557e6e,29.421924,75.73987,Drinking Water,0,COMPLIANT
WRK-ARU-00043,Arunachal Pradesh,East Siang,East Siang,Lok Sabha,Anil Mishra,Overhead Water Tank Construction New Township Sector 3,Drinking Water,Public Works Division,VEN-ARU-001,Namma Infra Projects,2023-09-03,2023-09-17,3771968,3702176,2699575,75,274,Stalled,28.016553,94.774258,7777ffc96835e686,28.016218,94.774643,Drinking Water,2,COMPLIANT
WRK-ODI-00413,Odisha,Cuttack,Cuttack,Rajya Sabha,Sunil Gupta,Construction of CC Road at Municipal Ward 18,Roads & Connectivity,District Rural Development Agency,VEN-ODI-005,Cauvery Electricals,2024-08-24,2024-09-09,3497456,3071622,673887,20,588,Stalled,21.062041,85.345647,4324b9c18858af7a,21.063452,85.347274,Roads & Connectivity,2,COMPLIANT
WRK-JHA-00239,Jharkhand,Jamshedpur,Jamshedpur,Lok Sabha,Manoj Sharma,Panchayat Bhawan Renovation Colony Block A,Community Infrastructure,Zilla Parishad Works Department,VEN-JHA-003,Konkan Nirman Udyog,2024-10-17,2024-10-28,380285,354380,335763,90,69,In Progress,23.83494,85.575994,33249fa883bc4039,23.83626,85.57764,Community Infrastructure,2,COMPLIANT
WRK-ASS-00055,Assam,Dibrugarh,Dibrugarh,Lok Sabha,Neha Bhatt,Drinking Water Hand Pump Installation Gram Sabha Zone 2,Drinking Water,Public Works Division,VEN-ASS-003,Malwa Electricals,2024-12-29,2025-01-20,2644671,3025612,1575087,60,241,Stalled,26.488074,92.841608,d4d2d4c473d7fbe0,26.487341,92.842483,Drinking Water,2,COMPLIANT
WRK-PUN-00428,Punjab,Ludhiana,Ludhiana,Lok Sabha,Pradeep Patel,Installation of Solar Street Lighting New Township Sector 3,Electrification,Panchayati Raj Engineering Dept,VEN-PUN-001,Vindhya Engineering Works,2023-12-16,2024-01-11,2795483,2899033,1099813,40,587,Stalled,30.852891,75.654981,f47345814c6e32e4,30.851055,75.653698,Electrification,2,COMPLIANT
WRK-CHA-00671,Chandigarh,Chandigarh,Chandigarh,Lok Sabha,Geeta Naik,Construction of CC Road at Colony Block A,Roads & Connectivity,Zilla Parishad Works Department,VEN-CHA-002,Sri Balaji Construction Pvt Ltd,2023-06-14,2023-06-28,2730351,2459634,1086912,40,705,Stalled,30.616794,76.701254,146936904ec5355d,30.617022,76.702102,Roads & Connectivity,2,COMPLIANT
WRK-MAN-00350,Manipur,Imphal West,Imphal West,Lok Sabha,Kamlesh Chauhan,Widening of Internal Road New Township Sector 3,Roads & Connectivity,Panchayati Raj Engineering Dept,VEN-MAN-003,Kashi Waterworks Solutions,2025-04-14,2025-05-12,1209175,1392377,236733,20,392,Stalled,24.721988,94.031356,7c0296047a4be740,24.721155,94.032306,Roads & Connectivity,2,COMPLIANT
WRK-JAM-00659,Jammu and Kashmir,Jammu,Jammu,Lok Sabha,Manoj Iyer,Children's Play Area Development Colony Block A,Parks & Recreation,Public Works Division,VEN-JAM-001,Ganga Electricals,2023-06-01,2023-06-19,4012233,3884344,763080,20,947,Stalled,33.684271,76.531416,99ef66c668333464,33.683169,76.530933,Parks & Recreation,2,COMPLIANT
WRK-BIH-00084,Bihar,Gaya,Gaya,Rajya Sabha,Rekha Singh,Installation of Solar Street Lighting Ward 12,Electrification,Municipal Corporation Engineering Wing,VEN-BIH-006,Purvanchal Builders & Co,2025-02-15,2025-03-10,2331913,2432755,1350797,60,222,Stalled,25.457035,85.186486,5d771145e624c6ef,25.4581,85.185254,Electrification,2,COMPLIANT
WRK-HAR-00184,Haryana,Panipat,Panipat,Rajya Sabha,Vikram Reddy,Construction of Community Hall New Township Sector 3,Public Amenities,Panchayati Raj Engineering Dept,VEN-HAR-002,Namma Builders & Co,2024-03-01,2024-03-15,725813,682574,422341,60,366,Stalled,28.69796,75.924673,5082b6ead1784a68,28.69924,75.923368,Public Amenities,2,COMPLIANT
WRK-WES-00613,West Bengal,Kolkata,Kolkata,Lok Sabha,Anita Chauhan,Construction of Health Wellness Centre Ward 9,Health Infrastructure,Zilla Parishad Works Department,VEN-WES-002,Sindhudurg Builders & Co,2023-05-05,2023-05-31,1396904,1361425,1026927,75,301,Stalled,23.288602,88.215302,76ccf4158a29c858,23.288724,88.214895,Health Infrastructure,2,COMPLIANT
WRK-PUD-00668,Puducherry,Puducherry,Puducherry,Lok Sabha,Anita Kumaraswamy,Construction of Health Wellness Centre Municipal Ward 18,Health Infrastructure,Zilla Parishad Works Department,VEN-PUD-001,Sindhudurg Construction Pvt Ltd,2024-09-22,2024-10-03,2822741,2846370,0,0,711,Stalled,11.795151,79.564319,aa0f1206df6ceec6,11.795452,79.565963,Health Infrastructure,0,COMPLIANT
WRK-ARU-00036,Arunachal Pradesh,West Kameng,West Kameng,Lok Sabha,Anil Mishra,Construction of Public Toilet Complex Ward 9,Sanitation,Zilla Parishad Works Department,VEN-ARU-001,Namma Infra Projects,2025-03-14,2025-04-02,4080113,3866388,4038542,100,0,Completed,28.270746,94.360655,b3d2db948c8f3e02,28.270877,94.361301,Sanitation,2,COMPLIANT
WRK-TAM-00493,Tamil Nadu,Chennai,Chennai,Lok Sabha,Vikram Nair,Village Electrification Works Panchayat East,Electrification,Municipal Corporation Engineering Wing,VEN-TAM-001,Ganga Infra Projects,2023-10-01,2023-10-25,1190546,1280588,1152394,100,0,Completed,10.793035,78.930983,b536f0b0c62097cd,10.793086,78.931558,Electrification,2,COMPLIANT
WRK-TRI-00557,Tripura,Sepahijala,Sepahijala,Lok Sabha,Rajesh Bhatt,Renovation of Primary Health Sub-Centre Panchayat East,Health Infrastructure,Panchayati Raj Engineering Dept,VEN-TRI-004,Kashi Construction Pvt Ltd,2024-08-13,2024-09-09,2592503,2378561,2504991,100,0,Completed,24.152314,92.293613,4b9b9cc34f84af21,24.152321,92.295307,Health Infrastructure,2,COMPLIANT
WRK-MAH-00319,Maharashtra,Pune,Pune,Rajya Sabha,Sunil Joshi,Construction of Storm Water Drainage Ward 4,Drainage,Municipal Corporation Engineering Wing,VEN-MAH-004,Ganga Construction Pvt Ltd,2024-07-11,2024-07-22,4573952,3981675,0,0,784,Stalled,20.138565,75.345301,939af4fe9f0c480d,20.138115,75.346362,Drainage,0,COMPLIANT
WRK-MAD-00292,Madhya Pradesh,Bhopal,Bhopal,Lok Sabha,Anil Chauhan,Widening of Internal Road New Township Sector 3,Roads & Connectivity,District Rural Development Agency,VEN-MAD-004,Cauvery Civil Contractors,2025-03-05,2025-04-03,913428,950083,879116,100,0,Completed,22.973335,78.805656,e271952790ac6ed5,22.972689,78.807535,Roads & Connectivity,2,COMPLIANT
WRK-GUJ-00155,Gujarat,Surat,Surat,Lok Sabha,Lakshmi Tripathi,Vocational Training Centre Setup New Township Sector 3,Skill Development,Panchayati Raj Engineering Dept,VEN-GUJ-004,Namma Engineering Works,2023-04-05,2023-04-21,1085778,1163122,1062832,100,0,Completed,22.498302,71.221911,5f45e51808cf6175,22.497765,71.220699,Skill Development,2,COMPLIANT
WRK-PUN-00436,Punjab,Ludhiana,Ludhiana,Lok Sabha,Pradeep Patel,Construction of Community Hall New Township Sector 3,Public Amenities,Zilla Parishad Works Department,VEN-PUN-003,Malwa Nirman Udyog,2025-02-10,2025-02-23,3639185,3789882,3191685,90,57,In Progress,31.45543,75.322352,3f3ec58f28b6c241,31.455682,75.322044,Public Amenities,2,COMPLIANT
WRK-HAR-00185,Haryana,Panipat,Panipat,Lok Sabha,Vikram Reddy,Construction of Storm Water Drainage Sector 7,Drainage,Zilla Parishad Works Department,VEN-HAR-004,Sri Balaji Nirman Udyog,2023-07-14,2023-07-28,690902,809411,594785,90,115,In Progress,29.317739,75.983392,564d30e77e06984d,29.146877,75.992011,Drainage,2,GEOFENCE_TAMPERING
WRK-NAG-00394,Nagaland,Dimapur,Dimapur,Lok Sabha,Anil Tripathi,Upgradation of Public Park Panchayat West,Parks & Recreation,Public Works Division,VEN-NAG-001,Ganga Construction Pvt Ltd,2023-08-19,2023-09-14,1423955,1480351,276418,20,877,Stalled,26.495126,94.292823,f7cd4d9162682a07,26.493998,94.292837,Parks & Recreation,2,COMPLIANT
WRK-MAN-00348,Manipur,Imphal West,Imphal West,Lok Sabha,Kamlesh Chauhan,Village Electrification Works Ward 9,Electrification,District Rural Development Agency,VEN-MAN-006,Shivalik Infra Projects,2023-06-21,2023-07-05,3595944,3362619,2624805,75,292,Stalled,24.326288,94.218232,c22cd2de36ce7721,24.324642,94.218122,Electrification,2,COMPLIANT
WRK-BIH-00096,Bihar,Muzaffarpur,Muzaffarpur,Lok Sabha,Rekha Singh,Construction of Additional Classrooms Municipal Ward 18,Education Infrastructure,Zilla Parishad Works Department,VEN-BIH-003,Konkan Electricals,2023-07-15,2023-07-27,1756275,1675395,1280714,100,287,Completed,25.27023,85.046416,,25.270006,85.046205,Education Infrastructure,0,NO_PHYSICAL_EVIDENCE
WRK-WES-00628,West Bengal,North 24 Parganas,North 24 Parganas,Lok Sabha,Anita Chauhan,Renovation of Primary Health Sub-Centre Ward 9,Health Infrastructure,District Rural Development Agency,VEN-WES-002,Sindhudurg Builders & Co,2024-03-06,2024-03-30,1018990,894893,197968,20,719,Stalled,22.603461,88.234497,991911f2b2553396,22.604986,88.23318,Health Infrastructure,2,COMPLIANT
WRK-MAH-00310,Maharashtra,Mumbai City,Mumbai City,Lok Sabha,Sunil Joshi,Construction of Community Hall Ward 12,Public Amenities,Zilla Parishad Works Department,VEN-MAH-003,Deccan Electricals,2023-10-23,2023-11-21,1245058,1437836,1186951,100,0,Completed,19.879798,75.844285,e3ef4a31d46b772c,19.881449,75.843726,Public Amenities,2,COMPLIANT
WRK-HIM-00217,Himachal Pradesh,Mandi,Mandi,Lok Sabha,Sanjeev Patel,Construction of Additional Classrooms Ward 9,Education Infrastructure,District Rural Development Agency,VEN-HIM-003,Deccan Civil Contractors,2025-01-06,2025-01-21,1679699,1614553,1633679,100,0,Completed,30.872306,77.392234,8519201aeaa9e2b4,30.872611,77.390868,Education Infrastructure,2,COMPLIANT
WRK-ARU-00046,Arunachal Pradesh,East Siang,East Siang,Lok Sabha,Anil Mishra,Construction of Storm Water Drainage Sector 7,Drainage,Panchayati Raj Engineering Dept,VEN-ARU-003,Sri Balaji Waterworks Solutions,2023-08-24,2023-09-05,495003,550140,363735,75,277,Stalled,28.477392,95.064754,6e0465bb7c8a8a86,28.477149,95.064629,Drainage,2,COMPLIANT
WRK-UTT-00709,Uttar Pradesh,Kanpur Nagar,Kanpur Nagar,Lok Sabha,Kavita Yadav,Drainage Canal Package C,Drainage,Municipal Corporation Engineering Wing,VEN-UTT-003,Kashi Builders & Co,2024-10-04,2024-10-20,996453,956594,498226,50,20,In Progress,26.64756,81.116219,a609dcacca528df6,0,0,Drainage,1,TENDER_SPLITTING
WRK-TAM-00512,Tamil Nadu,Madurai,Madurai,Lok Sabha,Vikram Nair,Construction of CC Road at Sector 7,Roads & Connectivity,Municipal Corporation Engineering Wing,VEN-TAM-005,Sindhudurg Nirman Udyog,2025-05-17,2025-05-30,1469238,1595405,580561,40,284,Stalled,11.222913,78.304838,f930398a182a3adf,11.222411,78.304024,Roads & Connectivity,2,COMPLIANT
WRK-GOA-00142,Goa,South Goa,South Goa,Lok Sabha,Girish Mishra,Panchayat Bhawan Renovation Ward 9,Community Infrastructure,District Rural Development Agency,VEN-GOA-002,Sindhudurg Builders & Co,2024-10-29,2024-11-15,2945641,2676894,1159229,40,401,Stalled,15.33175,74.031077,86d7c1008577c300,15.332709,74.032239,Community Infrastructure,2,COMPLIANT
WRK-JHA-00236,Jharkhand,Dhanbad,Dhanbad,Rajya Sabha,Manoj Sharma,Renovation of Primary Health Sub-Centre Ward 12,Health Infrastructure,Public Works Division,VEN-JHA-005,Kashi Construction Pvt Ltd,2024-10-07,2024-11-06,1756426,1652165,1030790,60,271,Stalled,23.676445,85.634039,c98a82ae4a7c4982,23.677285,85.634736,Health Infrastructure,2,COMPLIANT
WRK-BIH-00080,Bihar,Patna,Patna,Lok Sabha,Rekha Singh,Installation of Solar Street Lighting Municipal Ward 18,Electrification,Public Works Division,VEN-BIH-003,Konkan Electricals,2024-07-16,2024-08-09,396887,457736,283923,75,192,Stalled,25.3875,85.597335,0c2a57dd7fc5b3fb,25.38796,85.597363,Electrification,2,COMPLIANT
WRK-ODI-00408,Odisha,Khordha,Khordha,Lok Sabha,Sunil Gupta,Construction of Additional Classrooms Panchayat West,Education Infrastructure,Municipal Corporation Engineering Wing,VEN-ODI-007,Om Sai Construction Pvt Ltd,2025-04-29,2025-05-27,445669,412826,259119,60,190,Stalled,20.894219,85.492056,d63c7541df4b49c6,20.893867,85.490282,Education Infrastructure,2,COMPLIANT
WRK-AND-00002,Andhra Pradesh,Visakhapatnam,Visakhapatnam,Lok Sabha,Kamlesh Mishra,Construction of Additional Classrooms Sector 7,Education Infrastructure,Public Works Division,VEN-AND-001,Sri Balaji Civil Contractors,2023-07-04,2023-07-26,675803,705657,397447,60,459,Stalled,16.158603,79.923785,6d72eb81ccf835a5,16.158748,79.925677,Education Infrastructure,2,COMPLIANT
WRK-TAM-00514,Tamil Nadu,Madurai,Madurai,Lok Sabha,Vikram Nair,Construction of Public Toilet Complex Municipal Ward 18,Sanitation,Municipal Corporation Engineering Wing,VEN-TAM-002,Sindhudurg Waterworks Solutions,2025-03-04,2025-03-21,3169109,2850401,0,100,542,Completed,11.080989,78.261734,,11.082468,78.260014,Sanitation,0,NO_PHYSICAL_EVIDENCE
WRK-MAN-00349,Manipur,Imphal West,Imphal West,Rajya Sabha,Kamlesh Chauhan,Nala Deepening and Widening New Township Sector 3,Drainage,Zilla Parishad Works Department,VEN-MAN-005,Om Sai Infrastructure Solutions,2023-05-25,2023-06-14,2756671,2544092,536283,20,951,Stalled,24.988544,93.965472,b648dc7b6088b231,24.98787,93.964884,Drainage,2,COMPLIANT
WRK-MIZ-00371,Mizoram,Aizawl,Aizawl,Lok Sabha,Naveen Deshmukh,Overhead Water Tank Construction Sector 7,Drinking Water,Panchayati Raj Engineering Dept,VEN-MIZ-004,Nilgiri Waterworks Solutions,2023-10-22,2023-11-13,1068730,1225526,203639,20,829,Stalled,23.113192,92.710532,abcea8ec227941d9,23.11363,92.709244,Drinking Water,2,COMPLIANT
WRK-MIZ-00378,Mizoram,Lunglei,Lunglei,Lok Sabha,Naveen Deshmukh,Installation of Solar Street Lighting Sector 7,Electrification,District Rural Development Agency,VEN-MIZ-004,Nilgiri Waterworks Solutions,2025-04-25,2025-05-23,4498348,3953789,3998549,90,48,In Progress,23.373209,92.793971,bb73d6d8cc7560c4,23.374801,92.793985,Electrification,2,COMPLIANT
WRK-JHA-00241,Jharkhand,Jamshedpur,Jamshedpur,Lok Sabha,Manoj Sharma,Development of Public Ground Ward 4,Public Amenities,Public Works Division,VEN-JHA-004,Sri Balaji Engineering Works,2025-03-27,2025-04-10,418951,467522,246303,60,209,Stalled,23.829129,85.380193,9c54931aa8e40f51,23.830502,85.379398,Public Amenities,2,COMPLIANT
WRK-HAR-00183,Haryana,Panipat,Panipat,Lok Sabha,Vikram Reddy,Upgradation of Public Park Ward 9,Parks & Recreation,Municipal Corporation Engineering Wing,VEN-HAR-001,Om Sai Infrastructure Solutions,2023-09-16,2023-10-10,2128982,2254776,2079581,100,0,Completed,29.430508,75.851709,25ddaf60eb81c7a1,29.429741,75.850769,Parks & Recreation,2,COMPLIANT
WRK-JHA-00228,Jharkhand,Ranchi,Ranchi,Rajya Sabha,Manoj Sharma,Renovation of Primary Health Sub-Centre Panchayat West,Health Infrastructure,Public Works Division,VEN-JHA-004,Sri Balaji Engineering Works,2025-02-06,2025-02-23,2213937,2321359,847878,40,341,Stalled,23.87135,85.59355,e291a7eb7b0eb524,23.871802,85.591597,Health Infrastructure,2,COMPLIANT
WRK-ARU-00028,Arunachal Pradesh,Papum Pare,Papum Pare,Lok Sabha,Anil Mishra,Panchayat Bhawan Renovation Gram Sabha Zone 2,Community Infrastructure,District Rural Development Agency,VEN-ARU-002,Malwa Nirman Udyog,2023-08-30,2023-09-29,2711779,3184097,2681735,100,0,Completed,27.993073,94.971088,2fba77b932c44fd9,27.993857,94.970946,Community Infrastructure,2,COMPLIANT
WRK-TAM-00501,Tamil Nadu,Chennai,Chennai,Lok Sabha,Vikram Nair,Nala Deepening and Widening Gram Sabha Zone 2,Drainage,District Rural Development Agency,VEN-TAM-002,Sindhudurg Waterworks Solutions,2023-04-08,2023-04-22,1885738,2169533,739392,40,745,Stalled,10.924572,78.520013,b22ab66f3a0551b7,10.924849,78.519977,Drainage,2,COMPLIANT
WRK-AND-00682,Andaman and Nicobar Islands,South Andaman,South Andaman,Lok Sabha,Girish Iyer,Drinking Water Hand Pump Installation Ward 12,Drinking Water,Zilla Parishad Works Department,VEN-AND-003,Malwa Builders & Co,2025-02-05,2025-02-18,1861722,1757850,1840654,100,0,Completed,11.727091,92.902377,24a4eec0b3baee0a,11.727048,92.902025,Drinking Water,2,COMPLIANT
WRK-BIH-00074,Bihar,Patna,Patna,Lok Sabha,Rekha Singh,Construction of Health Wellness Centre Colony Block A,Health Infrastructure,District Rural Development Agency,VEN-BIH-005,Purvanchal Waterworks Solutions,2024-06-26,2024-07-19,1322379,1445744,0,0,787,Stalled,25.040031,85.139697,2365d7c3a5574567,25.040745,85.139644,Health Infrastructure,0,COMPLIANT
WRK-TRI-00547,Tripura,West Tripura,West Tripura,Lok Sabha,Rajesh Bhatt,Installation of RO Drinking Water Unit Ward 9,Drinking Water,District Rural Development Agency,VEN-TRI-005,Namma Engineering Works,2025-04-15,2025-05-04,5359723,2769719,1071944,20,399,Stalled,23.81992,92.045926,5c19771d791c666b,23.819048,92.04501,Drinking Water,2,SOR_INFLATION
WRK-CHA-00676,Chandigarh,Chandigarh,Chandigarh,Lok Sabha,Geeta Naik,Renovation of Primary Health Sub-Centre Panchayat East,Health Infrastructure,District Rural Development Agency,VEN-CHA-001,Konkan Electricals,2023-10-29,2023-11-25,3828103,3818140,3641932,100,0,Completed,31.055333,77.147285,309f8905355e4d84,31.055492,77.148481,Health Infrastructure,2,COMPLIANT
WRK-PUN-00435,Punjab,Ludhiana,Ludhiana,Lok Sabha,Pradeep Patel,Construction of Community Centre Panchayat East,Community Infrastructure,Panchayati Raj Engineering Dept,VEN-PUN-002,Malwa Nirman Udyog,2025-05-29,2025-06-20,577117,674082,497666,90,46,In Progress,31.370694,75.169149,c69375dd525d54fd,31.371704,75.169765,Community Infrastructure,2,COMPLIANT
WRK-MAD-00290,Madhya Pradesh,Bhopal,Bhopal,Lok Sabha,Anil Chauhan,Establishment of IT Skill Development Centre Sector 7,Skill Development,Public Works Division,VEN-MAD-002,Sri Balaji Electricals,2024-07-15,2024-07-28,2609614,2485815,130480,0,420,Stalled,23.118554,78.506587,0f0503f4598d768f,23.117846,78.507104,Skill Development,2,CAPITAL_DORMANCY
WRK-MAN-00335,Manipur,Imphal East,Imphal East,Lok Sabha,Kamlesh Chauhan,Development of Public Ground Sector 7,Public Amenities,District Rural Development Agency,VEN-MAN-002,Sindhudurg Civil Contractors,2023-10-15,2023-11-03,1474492,1460352,1187121,10,837,In Progress,24.481823,93.632297,5b091e264637f0f2,24.480281,93.63413,Public Amenities,2,EXPENDITURE_PROGRESS_MISMATCH
WRK-ODI-00410,Odisha,Khordha,Khordha,Lok Sabha,Sunil Gupta,Village Electrification Works Colony Block A,Electrification,Panchayati Raj Engineering Dept,VEN-ODI-003,Vindhya Electricals,2024-11-07,2024-11-20,3677478,3690367,3199841,90,67,In Progress,20.953915,85.310423,55cd728cf9c38476,20.953273,85.310882,Electrification,2,COMPLIANT
WRK-GOA-00137,Goa,South Goa,South Goa,Lok Sabha,Girish Mishra,Construction of CC Road at Municipal Ward 18,Roads & Connectivity,Public Works Division,VEN-GOA-001,Malwa Developers,2025-02-13,2025-02-24,2986702,3505869,2963188,100,0,Completed,15.084447,74.289736,dfbd43d9f045ced1,15.082484,74.289759,Roads & Connectivity,2,COMPLIANT
WRK-MAH-00326,Maharashtra,Nagpur,Nagpur,Lok Sabha,Sunil Joshi,Nala Deepening and Widening Ward 12,Drainage,Municipal Corporation Engineering Wing,VEN-MAH-005,Malwa Infra Projects,2024-04-03,2024-04-14,746229,690599,433601,60,354,Stalled,19.654651,75.368033,5f9e4eb24cbf1334,19.65436,75.368235,Drainage,2,COMPLIANT
WRK-GOA-00132,Goa,North Goa,North Goa,Lok Sabha,Girish Mishra,Construction of Community Centre Municipal Ward 18,Community Infrastructure,Public Works Division,VEN-GOA-004,Shivalik Infra Projects,2023-12-05,2023-12-23,1094151,1152856,1089896,100,0,Completed,15.577007,73.797971,,15.577905,73.796733,Community Infrastructure,0,NO_PHYSICAL_EVIDENCE
WRK-NAG-00397,Nagaland,Dimapur,Dimapur,Lok Sabha,Anil Tripathi,Construction of CC Road at Sector 7,Roads & Connectivity,Public Works Division,VEN-NAG-001,Ganga Construction Pvt Ltd,2025-02-04,2025-03-02,2419335,2787961,2408270,100,0,Completed,25.793025,94.403717,06acd3275b2b4a69,25.791066,94.402103,Roads & Connectivity,2,COMPLIANT
WRK-BIH-00099,Bihar,Muzaffarpur,Muzaffarpur,Lok Sabha,Rekha Singh,Construction of Community Centre Municipal Ward 18,Community Infrastructure,Panchayati Raj Engineering Dept,VEN-BIH-003,Konkan Electricals,2023-12-23,2024-01-16,1378660,1199973,1018173,75,243,Stalled,25.495003,85.073243,09a5c806fe4ea3d0,25.493546,85.071539,Electrification,2,CATEGORY_DEVIATION
WRK-KAR-00249,Karnataka,Bengaluru Urban,Bengaluru Urban,Rajya Sabha,Neha Naik,Construction of Storm Water Drainage Ward 12,Drainage,Panchayati Raj Engineering Dept,VEN-KAR-002,Deccan Infra Projects,2023-11-13,2023-12-12,3519225,3801188,3375175,100,0,Completed,15.557028,75.995701,3f668c61c5734628,15.558434,75.99743,Drainage,2,COMPLIANT
WRK-RAJ-00475,Rajasthan,Udaipur,Udaipur,Lok Sabha,Girish Bhatt,Establishment of IT Skill Development Centre New Township Sector 3,Skill Development,Public Works Division,VEN-RAJ-001,Malwa Infrastructure Solutions,2023-10-18,2023-11-17,1732389,1961305,1271298,75,258,Stalled,27.019009,74.259328,fe1d4798d9f34ae0,27.019648,74.259591,Skill Development,2,COMPLIANT
WRK-NAG-00386,Nagaland,Kohima,Kohima,Lok Sabha,Anil Tripathi,Community Sanitation Block Gram Sabha Zone 2,Sanitation,District Rural Development Agency,VEN-NAG-001,Ganga Construction Pvt Ltd,2024-02-29,2024-03-11,2971626,2850771,0,100,917,Completed,26.506932,94.384742,,26.505022,94.384896,Sanitation,0,NO_PHYSICAL_EVIDENCE
WRK-SIK-00484,Sikkim,East Sikkim,East Sikkim,Rajya Sabha,Kamlesh Naik,Village Electrification Works Panchayat East,Electrification,Municipal Corporation Engineering Wing,VEN-SIK-001,Shivalik Construction Pvt Ltd,2024-09-12,2024-10-10,3222095,3058496,3099234,100,0,Completed,27.788347,88.55976,62ff442b5c1feaa2,27.786565,88.559135,Electrification,2,COMPLIANT
WRK-HIM-00218,Himachal Pradesh,Mandi,Mandi,Lok Sabha,Sanjeev Patel,Panchayat Bhawan Renovation Colony Block A,Community Infrastructure,District Rural Development Agency,VEN-HIM-004,Konkan Electricals,2024-08-01,2024-08-23,275262,319583,244399,90,76,In Progress,31.464855,77.487005,b0ec7f1b3809969d,31.465882,77.487129,Community Infrastructure,2,RECYCLED_PROGRESSION_PHOTO
WRK-ODI-00404,Odisha,Khordha,Khordha,Lok Sabha,Sunil Gupta,Repair of Village Approach Road Ward 9,Roads & Connectivity,Panchayati Raj Engineering Dept,VEN-ODI-006,Deccan Builders & Co,2023-04-28,2023-05-13,2951536,1904879,1770921,60,488,Stalled,21.049273,84.775567,6568a2c6d29bbe67,21.047579,84.776573,Roads & Connectivity,2,SOR_INFLATION
WRK-UTT-00564,Uttar Pradesh,Lucknow,Lucknow,Lok Sabha,Manoj Tripathi,Construction of Public Toilet Complex Municipal Ward 18,Sanitation,District Rural Development Agency,VEN-UTT-001,Nilgiri Developers,2023-08-09,2023-08-25,2085227,2054110,1555442,75,279,Stalled,27.054184,81.22307,d6c5e22116464d63,27.054425,81.222459,Sanitation,2,COMPLIANT
WRK-SIK-00483,Sikkim,East Sikkim,East Sikkim,Lok Sabha,Kamlesh Naik,Establishment of IT Skill Development Centre Ward 12,Skill Development,Panchayati Raj Engineering Dept,VEN-SIK-002,Sri Balaji Electricals,2023-05-16,2023-05-27,788323,835531,307652,40,724,Stalled,27.654364,88.398395,f8bc4abefb9b63e3,27.654699,88.39856,Skill Development,2,COMPLIANT
WRK-DEL-00642,Delhi,South Delhi,South Delhi,Lok Sabha,Kavita Tripathi,Renovation of Primary Health Sub-Centre Gram Sabha Zone 2,Health Infrastructure,Public Works Division,VEN-DEL-004,Sri Balaji Electricals,2023-08-28,2023-09-27,353882,390839,305288,90,109,In Progress,28.897432,77.139845,b8df2a49f272c8cc,28.897337,77.139005,Health Infrastructure,2,COMPLIANT
WRK-MEG-00353,Meghalaya,East Khasi Hills,East Khasi Hills,Rajya Sabha,Ravi Naik,Construction of Community Hall Gram Sabha Zone 2,Public Amenities,District Rural Development Agency,VEN-MEG-004,Namma Civil Contractors,2025-02-28,2025-03-22,2127454,2290572,0,0,541,Stalled,25.07649,91.707978,46d0ed8f5c5c2565,25.076285,91.708692,Public Amenities,0,COMPLIANT
WRK-GUJ-00164,Gujarat,Vadodara,Vadodara,Rajya Sabha,Lakshmi Tripathi,Construction of Community Centre Gram Sabha Zone 2,Community Infrastructure,District Rural Development Agency,VEN-GUJ-006,Om Sai Civil Contractors,2025-05-27,2025-06-08,1998997,1989678,1476362,75,116,In Progress,22.560554,71.156157,7a71f16e5bb53753,22.560506,71.156485,Community Infrastructure,2,COMPLIANT
WRK-SIK-00489,Sikkim,West Sikkim,West Sikkim,Lok Sabha,Kamlesh Naik,Upgradation of Public Park Colony Block A,Parks & Recreation,Public Works Division,VEN-SIK-001,Shivalik Construction Pvt Ltd,2023-08-26,2023-09-09,3295686,3634044,0,0,1101,Stalled,27.432404,88.591839,bee9561c3e6dd4ba,27.434312,88.590817,Parks & Recreation,0,COMPLIANT
WRK-AND-00006,Andhra Pradesh,Visakhapatnam,Visakhapatnam,Lok Sabha,Kamlesh Mishra,Children's Play Area Development Colony Block A,Parks & Recreation,Public Works Division,VEN-AND-003,Konkan Builders & Co,2023-11-11,2023-11-25,2432367,2437108,2415474,100,0,Completed,15.635173,79.467986,95e901fab6d7b6fe,15.635895,79.468372,Parks & Recreation,2,COMPLIANT
WRK-NAG-00384,Nagaland,Kohima,Kohima,Lok Sabha,Anil Tripathi,Establishment of IT Skill Development Centre Municipal Ward 18,Skill Development,Public Works Division,VEN-NAG-005,Malwa Infra Projects,2024-02-03,2024-02-16,392960,404543,77682,20,753,Stalled,26.516631,94.904649,6a8cba9c8374d635,26.515255,94.90653,Skill Development,2,COMPLIANT
WRK-UTT-00569,Uttar Pradesh,Varanasi,Varanasi,Lok Sabha,Manoj Tripathi,Construction of Health Wellness Centre Ward 4,Health Infrastructure,Panchayati Raj Engineering Dept,VEN-UTT-002,Vindhya Construction Pvt Ltd,2025-04-18,2025-05-06,965055,1041281,942732,100,0,Completed,27.22971,81.168749,eb285057cdc8cf16,27.230832,81.167175,Health Infrastructure,2,COMPLIANT
WRK-GUJ-00158,Gujarat,Surat,Surat,Lok Sabha,Lakshmi Tripathi,Establishment of IT Skill Development Centre Panchayat East,Skill Development,Panchayati Raj Engineering Dept,VEN-GUJ-002,Vindhya Nirman Udyog,2024-02-17,2024-03-12,2509903,2897993,1502315,60,367,Stalled,22.246387,70.948503,01368e5177b00fb4,22.245923,70.948749,Skill Development,2,COMPLIANT
WRK-KAR-00251,Karnataka,Bengaluru Urban,Bengaluru Urban,Lok Sabha,Neha Naik,Vocational Training Centre Setup Panchayat West,Skill Development,Zilla Parishad Works Department,VEN-KAR-005,Nilgiri Nirman Udyog,2023-09-04,2023-10-02,3987654,2677591,2392592,60,432,Stalled,15.052212,75.564472,4a42d2dd552238c6,15.053355,75.565321,Skill Development,2,SOR_INFLATION
WRK-UTT-00595,Uttarakhand,Haridwar,Haridwar,Lok Sabha,Ashok Naik,Repair of Village Approach Road Colony Block A,Roads & Connectivity,Zilla Parishad Works Department,VEN-UTT-003,Malwa Waterworks Solutions,2025-01-10,2025-01-25,580680,650607,422555,75,150,In Progress,29.905469,79.189065,4cb9adcfc37f2e9e,29.906954,79.189164,Roads & Connectivity,2,COMPLIANT
WRK-PUN-00448,Punjab,Jalandhar,Jalandhar,Lok Sabha,Pradeep Patel,Drinking Water Hand Pump Installation Panchayat West,Drinking Water,Municipal Corporation Engineering Wing,VEN-PUN-001,Vindhya Engineering Works,2024-12-23,2025-01-09,821192,806202,158143,20,491,Stalled,31.019359,75.225393,421b8735167a3dd0,31.017546,75.226904,Drinking Water,2,COMPLIANT
WRK-HIM-00209,Himachal Pradesh,Kangra,Kangra,Rajya Sabha,Sanjeev Patel,Vocational Training Centre Setup New Township Sector 3,Skill Development,Municipal Corporation Engineering Wing,VEN-HIM-003,Deccan Civil Contractors,2023-09-15,2023-10-03,3782964,3441370,3647736,100,0,Completed,31.014053,76.903726,16d68ca7681f1b55,31.014342,76.905586,Skill Development,2,COMPLIANT
WRK-JHA-00242,Jharkhand,Jamshedpur,Jamshedpur,Lok Sabha,Manoj Sharma,Installation of Solar Street Lighting Municipal Ward 18,Electrification,Zilla Parishad Works Department,VEN-JHA-002,Purvanchal Engineering Works,2024-09-15,2024-09-27,3603354,3597806,1408412,40,431,Stalled,23.532934,85.159422,0ce3deb62ecf849d,23.534468,85.160075,Electrification,2,COMPLIANT
WRK-HAR-00190,Haryana,Panipat,Panipat,Lok Sabha,Vikram Reddy,Construction of Public Toilet Complex Panchayat East,Sanitation,Zilla Parishad Works Department,VEN-HAR-002,Namma Builders & Co,2024-11-10,2024-12-02,2021623,1788158,1938342,100,0,Completed,29.132816,76.330568,1c930faa7b8d8935,29.133607,76.332224,Sanitation,2,COMPLIANT
WRK-BIH-00083,Bihar,Gaya,Gaya,Lok Sabha,Rekha Singh,Renovation of Primary Health Sub-Centre New Township Sector 3,Health Infrastructure,Public Works Division,VEN-BIH-003,Konkan Electricals,2023-06-23,2023-07-21,2751705,3083390,1594081,60,461,Stalled,25.220944,85.442808,9774b18d485ca097,25.21946,85.443643,Health Infrastructure,2,COMPLIANT
WRK-MAH-00315,Maharashtra,Mumbai City,Mumbai City,Rajya Sabha,Sunil Joshi,Children's Play Area Development Ward 12,Parks & Recreation,Zilla Parishad Works Department,VEN-MAH-001,Kashi Waterworks Solutions,2024-10-22,2024-11-18,2937745,3317552,1748503,60,266,Stalled,19.467918,75.337487,8b36a6623f182318,19.467193,75.339379,Parks & Recreation,2,COMPLIANT
WRK-MAD-00309,Madhya Pradesh,Gwalior,Gwalior,Lok Sabha,Anil Chauhan,Installation of Solar Street Lighting Ward 12,Electrification,District Rural Development Agency,VEN-MAD-001,Om Sai Construction Pvt Ltd,2025-04-27,2025-05-08,1497120,1319418,1487295,100,0,Completed,23.229507,78.267887,81997274010ad6a8,23.230282,78.266332,Electrification,2,COMPLIANT
WRK-HAR-00177,Haryana,Faridabad,Faridabad,Lok Sabha,Vikram Reddy,Construction of CC Road at Sector 7,Roads & Connectivity,Zilla Parishad Works Department,VEN-HAR-004,Sri Balaji Nirman Udyog,2024-04-07,2024-04-29,839978,929500,821198,100,0,Completed,29.389958,76.278133,326b8fbdd5098684,29.389635,76.27742,Roads & Connectivity,2,COMPLIANT
WRK-HIM-00206,Himachal Pradesh,Kangra,Kangra,Lok Sabha,Sanjeev Patel,Development of Public Ground Panchayat East,Public Amenities,Municipal Corporation Engineering Wing,VEN-HIM-004,Konkan Electricals,2025-03-13,2025-03-26,3622514,3944430,2713383,75,135,In Progress,31.059288,77.434059,6cccce7d3a80ca4b,31.058366,77.433726,Public Amenities,2,COMPLIANT
WRK-GUJ-00152,Gujarat,Ahmedabad,Ahmedabad,Lok Sabha,Lakshmi Tripathi,Children's Play Area Development Sector 7,Parks & Recreation,Municipal Corporation Engineering Wing,VEN-GUJ-003,Om Sai Developers,2024-05-05,2024-05-29,3730095,3539438,0,0,838,Stalled,22.656862,71.178617,e12e5a5010ce7caa,22.656044,71.180299,Parks & Recreation,0,COMPLIANT
WRK-AND-00001,Andhra Pradesh,Visakhapatnam,Visakhapatnam,Lok Sabha,Kamlesh Mishra,Construction of CC Road at Ward 9,Roads & Connectivity,Panchayati Raj Engineering Dept,VEN-AND-002,Kashi Engineering Works,2024-08-30,2024-09-28,418856,411299,0,0,716,Stalled,15.872267,79.562553,c713989ce8c96fb2,15.873744,79.563588,Roads & Connectivity,0,COMPLIANT
WRK-RAJ-00472,Rajasthan,Udaipur,Udaipur,Lok Sabha,Girish Bhatt,Upgradation of Public Park Panchayat West,Parks & Recreation,Public Works Division,VEN-RAJ-006,Purvanchal Nirman Udyog,2023-08-15,2023-09-14,318658,308587,317087,100,0,Completed,27.161965,74.14843,f993cc4cd21f7c9b,27.163546,74.149243,Parks & Recreation,2,COMPLIANT
WRK-HAR-00170,Haryana,Gurugram,Gurugram,Lok Sabha,Vikram Reddy,Overhead Water Tank Construction Sector 7,Drinking Water,Zilla Parishad Works Department,VEN-HAR-005,Vindhya Civil Contractors,2024-12-05,2025-01-03,1620165,1495044,1607843,100,0,Completed,29.185524,75.926919,ad0778b1c3216341,29.185595,75.926957,Drinking Water,2,COMPLIANT
WRK-ODI-00406,Odisha,Khordha,Khordha,Lok Sabha,Sunil Gupta,Establishment of IT Skill Development Centre Gram Sabha Zone 2,Skill Development,Public Works Division,VEN-ODI-001,Vindhya Infrastructure Solutions,2023-09-29,2023-10-26,3397204,3065770,2533214,75,264,Stalled,20.683015,85.043045,9e30c86e419a9c44,20.682265,85.042601,Skill Development,2,COMPLIANT
WRK-RAJ-00470,Rajasthan,Jodhpur,Jodhpur,Lok Sabha,Girish Bhatt,Vocational Training Centre Setup Panchayat East,Skill Development,Panchayati Raj Engineering Dept,VEN-RAJ-007,Malwa Construction Pvt Ltd,2025-02-25,2025-03-19,1956194,1773953,1724056,90,55,In Progress,27.032063,73.854288,8340bb343cdf8e7a,27.03302,73.85454,Skill Development,2,COMPLIANT
WRK-MEG-00355,Meghalaya,East Khasi Hills,East Khasi Hills,Lok Sabha,Ravi Naik,Construction of Health Wellness Centre Ward 12,Health Infrastructure,District Rural Development Agency,VEN-MEG-001,Nilgiri Civil Contractors,2025-02-17,2025-02-27,3297332,3788358,1259429,40,339,Stalled,25.150126,91.322954,a09f87e2a9997f30,25.149004,91.322087,Health Infrastructure,2,COMPLIANT
WRK-GUJ-00145,Gujarat,Ahmedabad,Ahmedabad,Lok Sabha,Lakshmi Tripathi,Overhead Water Tank Construction New Township Sector 3,Drinking Water,Panchayati Raj Engineering Dept,VEN-GUJ-007,Konkan Nirman Udyog,2024-02-27,2024-03-20,329794,351760,130461,40,545,Stalled,22.438575,71.240029,b70a942b520d786c,22.440546,71.239,Drinking Water,2,COMPLIANT
WRK-MAH-00317,Maharashtra,Pune,Pune,Lok Sabha,Sunil Joshi,Children's Play Area Development Gram Sabha Zone 2,Parks & Recreation,Municipal Corporation Engineering Wing,VEN-MAH-002,Deccan Civil Contractors,2024-05-01,2024-05-26,2038705,2287458,1763851,90,85,In Progress,19.678371,76.088952,3f1053360ba487ae,19.680073,76.090753,Parks & Recreation,2,COMPLIANT
WRK-CHA-00674,Chandigarh,Chandigarh,Chandigarh,Lok Sabha,Geeta Naik,Widening of Internal Road New Township Sector 3,Roads & Connectivity,Municipal Corporation Engineering Wing,VEN-CHA-005,Malwa Electricals,2024-11-14,2024-12-10,4333406,3840266,3140007,75,161,In Progress,30.588163,76.522133,f46ae593040f1839,30.586736,76.523389,Roads & Connectivity,2,COMPLIANT
WRK-ASS-00056,Assam,Dibrugarh,Dibrugarh,Lok Sabha,Neha Bhatt,Overhead Water Tank Construction Sector 7,Drinking Water,Zilla Parishad Works Department,VEN-ASS-003,Malwa Electricals,2023-11-19,2023-12-01,2424460,2120208,2357021,100,0,Completed,26.355801,93.260339,62cd569c1e819505,26.353985,93.261524,Drinking Water,2,COMPLIANT
WRK-MAN-00342,Manipur,Imphal East,Imphal East,Lok Sabha,Kamlesh Chauhan,Drinking Water Hand Pump Installation New Township Sector 3,Drinking Water,Municipal Corporation Engineering Wing,VEN-MAN-003,Kashi Waterworks Solutions,2024-08-19,2024-09-18,2665196,3068931,2376732,90,73,In Progress,24.973509,94.228905,f8f89b1389ef35c0,24.974054,94.226906,Drinking Water,2,COMPLIANT
WRK-GOA-00134,Goa,South Goa,South Goa,Lok Sabha,Girish Mishra,Construction of Public Toilet Complex Colony Block A,Sanitation,Zilla Parishad Works Department,VEN-GOA-005,Sindhudurg Construction Pvt Ltd,2024-02-24,2024-03-14,1877408,1896611,1087493,60,366,Stalled,15.187016,74.43025,3af295c5850c1c7d,15.18688,74.431461,Sanitation,2,COMPLIANT
WRK-GOA-00143,Goa,South Goa,South Goa,Lok Sabha,Girish Mishra,Installation of Solar Street Lighting Ward 4,Electrification,Public Works Division,VEN-GOA-004,Shivalik Infra Projects,2023-11-24,2023-12-06,1783085,1728549,712125,40,608,Stalled,15.160401,74.231298,6f994d9fd33e0d9d,15.161535,74.2311,Electrification,2,COMPLIANT
WRK-UTT-00582,Uttarakhand,Dehradun,Dehradun,Lok Sabha,Ashok Naik,Widening of Internal Road Ward 4,Roads & Connectivity,Municipal Corporation Engineering Wing,VEN-UTT-007,Sindhudurg Infra Projects,2023-09-25,2023-10-21,829839,972551,326623,40,636,Stalled,30.367581,79.062625,b56691a0e4f79cd9,30.368899,79.064302,Roads & Connectivity,2,COMPLIANT
WRK-HIM-00204,Himachal Pradesh,Kangra,Kangra,Lok Sabha,Sanjeev Patel,School Boundary Wall Construction New Township Sector 3,Education Infrastructure,Public Works Division,VEN-HIM-005,Sri Balaji Builders & Co,2025-05-16,2025-05-29,757037,743064,748927,100,0,Completed,31.39878,77.477509,2da68e01bbed2421,31.400292,77.476566,Sanitation,2,CATEGORY_DEVIATION
WRK-TEL-00537,Telangana,Nizamabad,Nizamabad,Lok Sabha,Geeta Nair,Construction of Public Toilet Complex Sector 7,Sanitation,Panchayati Raj Engineering Dept,VEN-TEL-003,Malwa Infrastructure Solutions,2025-04-13,2025-05-11,766523,727600,742628,100,0,Completed,18.49856,79.162856,e7d0d50d1ffc217d,18.497233,79.161081,Sanitation,2,COMPLIANT
WRK-WES-00618,West Bengal,Howrah,Howrah,Lok Sabha,Anita Chauhan,Development of Public Ground Gram Sabha Zone 2,Public Amenities,District Rural Development Agency,VEN-WES-001,Cauvery Builders & Co,2024-04-17,2024-05-16,627718,730937,622239,100,0,Completed,22.697788,88.249832,,22.699234,88.250729,Public Amenities,0,NO_PHYSICAL_EVIDENCE
WRK-HAR-00171,Haryana,Gurugram,Gurugram,Lok Sabha,Vikram Reddy,Community Sanitation Block Gram Sabha Zone 2,Sanitation,Panchayati Raj Engineering Dept,VEN-HAR-001,Om Sai Infrastructure Solutions,2023-12-03,2023-12-28,3060180,2976311,0,0,991,Stalled,28.668454,75.974479,2a1518437c624b12,28.66772,75.974026,Sanitation,0,COMPLIANT
WRK-TEL-00525,Telangana,Hyderabad,Hyderabad,Lok Sabha,Geeta Nair,Nala Deepening and Widening Ward 4,Drainage,Zilla Parishad Works Department,VEN-TEL-005,Cauvery Nirman Udyog,2024-09-14,2024-10-02,2319345,2338122,1364079,60,285,Stalled,17.98164,79.164788,1f40b52fe67b4221,17.981012,79.164049,Drainage,2,COMPLIANT
WRK-HAR-00168,Haryana,Gurugram,Gurugram,Lok Sabha,Vikram Reddy,Installation of RO Drinking Water Unit Ward 9,Drinking Water,Zilla Parishad Works Department,VEN-HAR-003,Purvanchal Construction Pvt Ltd,2024-04-11,2024-04-30,844369,875161,829236,100,0,Completed,29.20051,75.740329,7e1f900220cd9410,29.200763,75.74077,Drinking Water,2,COMPLIANT
WRK-ARU-00030,Arunachal Pradesh,Papum Pare,Papum Pare,Lok Sabha,Anil Mishra,Construction of Storm Water Drainage Gram Sabha Zone 2,Drainage,Municipal Corporation Engineering Wing,VEN-ARU-003,Sri Balaji Waterworks Solutions,2024-06-24,2024-07-06,3081156,3292824,2234128,75,200,Stalled,28.532421,94.392262,427353c8ba88a7e2,28.531024,94.391794,Drainage,2,COMPLIANT
WRK-WES-00630,West Bengal,North 24 Parganas,North 24 Parganas,Lok Sabha,Anita Chauhan,Village Electrification Works Gram Sabha Zone 2,Electrification,Public Works Division,VEN-WES-003,Kashi Nirman Udyog,2024-10-10,2024-10-28,3070046,3082537,1792177,60,275,Stalled,23.249,87.695907,504242451164757a,23.248335,87.695978,Electrification,2,COMPLIANT
WRK-WES-00619,West Bengal,Howrah,Howrah,Lok Sabha,Anita Chauhan,Installation of Solar Street Lighting Municipal Ward 18,Electrification,Municipal Corporation Engineering Wing,VEN-WES-001,Cauvery Builders & Co,2023-12-22,2024-01-02,661044,764743,472854,75,247,Stalled,22.850263,87.945201,1256b2e86a498513,22.851513,87.944281,Electrification,2,COMPLIANT
WRK-UTT-00592,Uttarakhand,Haridwar,Haridwar,Lok Sabha,Ashok Naik,Renovation of Primary Health Sub-Centre Ward 4,Health Infrastructure,District Rural Development Agency,VEN-UTT-006,Malwa Infrastructure Solutions,2023-12-07,2024-01-03,547932,333315,547932,100,0,Completed,29.793365,78.938724,3fbe52ff8541c52f,29.791657,78.938277,Health Infrastructure,2,SOR_INFLATION
WRK-CHA-00675,Chandigarh,Chandigarh,Chandigarh,Lok Sabha,Geeta Naik,Development of Public Ground New Township Sector 3,Public Amenities,District Rural Development Agency,VEN-CHA-001,Konkan Electricals,2024-03-21,2024-04-09,880734,994545,643595,75,222,Stalled,30.512207,76.514857,8135d636bdecec63,30.513964,76.513895,Public Amenities,2,COMPLIANT
WRK-PUN-00437,Punjab,Amritsar,Amritsar,Lok Sabha,Pradeep Patel,Renovation of Primary Health Sub-Centre Colony Block A,Health Infrastructure,Panchayati Raj Engineering Dept,VEN-PUN-001,Vindhya Engineering Works,2024-09-07,2024-09-27,2362952,2244164,2354760,100,0,Completed,31.168923,75.45898,e965e912b088b631,31.167259,75.458853,Health Infrastructure,2,COMPLIANT
WRK-DEL-00646,Delhi,South Delhi,South Delhi,Lok Sabha,Kavita Tripathi,Village Electrification Works New Township Sector 3,Electrification,Municipal Corporation Engineering Wing,VEN-DEL-004,Sri Balaji Electricals,2023-06-09,2023-06-20,468582,423823,450581,100,0,Completed,28.836309,77.102047,62619307534054d6,28.837026,77.101342,Electrification,2,COMPLIANT
WRK-CHH-00111,Chhattisgarh,Bilaspur,Bilaspur,Lok Sabha,Pooja Nair,Development of Public Ground New Township Sector 3,Public Amenities,District Rural Development Agency,VEN-CHH-005,Nilgiri Construction Pvt Ltd,2024-09-03,2024-09-30,3313422,2354565,2485066,75,179,In Progress,20.89201,81.731092,0351aab85011dc72,20.890448,81.730758,Public Amenities,2,SOR_INFLATION
WRK-TEL-00520,Telangana,Hyderabad,Hyderabad,Lok Sabha,Geeta Nair,Upgradation of Public Park New Township Sector 3,Parks & Recreation,Panchayati Raj Engineering Dept,VEN-TEL-001,Sri Balaji Infra Projects,2023-07-29,2023-08-10,3193424,3002798,1238899,90,679,Stalled,18.181328,79.340097,c81b69710189b24a,18.181402,79.338852,Parks & Recreation,2,RECYCLED_PROGRESSION_PHOTO
WRK-JHA-00240,Jharkhand,Jamshedpur,Jamshedpur,Lok Sabha,Manoj Sharma,Construction of Storm Water Drainage New Township Sector 3,Drainage,Municipal Corporation Engineering Wing,VEN-JHA-002,Purvanchal Engineering Works,2024-01-27,2024-02-20,1195621,1044178,1147017,100,0,Completed,23.349236,85.290977,ef623e18b3c895de,23.348745,85.290691,Drainage,2,COMPLIANT
WRK-ARU-00042,Arunachal Pradesh,East Siang,East Siang,Lok Sabha,Anil Mishra,Repair of Village Approach Road Municipal Ward 18,Roads & Connectivity,District Rural Development Agency,VEN-ARU-002,Malwa Nirman Udyog,2025-01-13,2025-02-07,811940,730283,592799,75,146,In Progress,28.170375,94.475291,b3a8fd0a03f0c070,28.168581,94.477055,Roads & Connectivity,2,COMPLIANT
WRK-MAD-00308,Madhya Pradesh,Gwalior,Gwalior,Lok Sabha,Anil Chauhan,Village Electrification Works Sector 7,Electrification,Municipal Corporation Engineering Wing,VEN-MAD-003,Kashi Infrastructure Solutions,2024-11-29,2024-12-29,434015,401530,433747,100,0,Completed,23.066377,79.049027,07c82ba9bf8f2837,23.066146,79.04761,Electrification,2,COMPLIANT
WRK-ODI-00411,Odisha,Khordha,Khordha,Lok Sabha,Sunil Gupta,Renovation of Primary Health Sub-Centre Ward 9,Health Infrastructure,Zilla Parishad Works Department,VEN-ODI-003,Vindhya Electricals,2023-12-28,2024-01-08,1777357,1547051,703996,40,588,Stalled,21.051358,85.464853,17206e79df103b1d,21.052229,85.465166,Health Infrastructure,2,COMPLIANT
WRK-TAM-00495,Tamil Nadu,Chennai,Chennai,Lok Sabha,Vikram Nair,Repair of Village Approach Road Panchayat East,Roads & Connectivity,Municipal Corporation Engineering Wing,VEN-TAM-003,Ganga Infrastructure Solutions,2024-05-18,2024-06-09,3837015,3747136,3735718,100,0,Completed,11.137218,78.865828,6926ebbf70e61706,11.135815,78.865418,Roads & Connectivity,2,COMPLIANT
WRK-MAN-00346,Manipur,Imphal West,Imphal West,Lok Sabha,Kamlesh Chauhan,Installation of RO Drinking Water Unit Ward 4,Drinking Water,Panchayati Raj Engineering Dept,VEN-MAN-006,Shivalik Infra Projects,2024-08-11,2024-09-03,761145,869484,302329,80,445,Stalled,24.978566,94.062612,66ecb2e74ce00510,24.980287,94.063105,Drinking Water,2,RECYCLED_PROGRESSION_PHOTO
WRK-WES-00616,West Bengal,Howrah,Howrah,Lok Sabha,Anita Chauhan,Repair of Village Approach Road Panchayat East,Roads & Connectivity,Panchayati Raj Engineering Dept,VEN-WES-001,Cauvery Builders & Co,2023-08-06,2023-08-30,1048783,1017812,403496,40,667,Stalled,22.603815,87.469269,3299940a6e664f74,22.604948,87.469572,Roads & Connectivity,2,COMPLIANT
WRK-MIZ-00383,Mizoram,Lunglei,Lunglei,Lok Sabha,Naveen Deshmukh,Repair of Village Approach Road Ward 12,Roads & Connectivity,Municipal Corporation Engineering Wing,VEN-MIZ-003,Ganga Infrastructure Solutions,2024-07-10,2024-07-25,3263046,2894723,0,0,781,Stalled,23.543065,93.209065,d4da157717c2e813,23.543836,93.20973,Roads & Connectivity,0,COMPLIANT
WRK-KAR-00259,Karnataka,Belagavi,Belagavi,Rajya Sabha,Neha Naik,Construction of CC Road at Sector 7,Roads & Connectivity,Public Works Division,VEN-KAR-002,Deccan Infra Projects,2024-11-08,2024-12-06,868890,975824,0,0,647,Stalled,15.375115,75.35863,0bfa0a1ff19070dd,15.374148,75.35735,Roads & Connectivity,0,COMPLIANT
WRK-KAR-00250,Karnataka,Bengaluru Urban,Bengaluru Urban,Lok Sabha,Neha Naik,Overhead Water Tank Construction Panchayat East,Drinking Water,Municipal Corporation Engineering Wing,VEN-KAR-001,Shivalik Waterworks Solutions,2023-12-13,2023-12-26,1204370,1128029,240290,20,795,Stalled,15.203011,75.850936,b7c0d4e72a365e1b,15.201949,75.850077,Drinking Water,2,COMPLIANT
WRK-SIK-00485,Sikkim,East Sikkim,East Sikkim,Lok Sabha,Kamlesh Naik,Village Electrification Works Sector 7,Electrification,Municipal Corporation Engineering Wing,VEN-SIK-004,Ganga Nirman Udyog,2024-12-05,2024-12-25,3964702,3873583,2333160,60,252,Stalled,27.467956,88.242024,f135a282c2433740,27.467773,88.243181,Electrification,2,COMPLIANT
WRK-ODI-00409,Odisha,Khordha,Khordha,Lok Sabha,Sunil Gupta,Upgradation of Public Park Ward 9,Parks & Recreation,Panchayati Raj Engineering Dept,VEN-ODI-007,Om Sai Construction Pvt Ltd,2024-02-07,2024-02-20,1545977,1715972,0,0,937,Stalled,20.920428,85.389195,032d07359acefae6,20.9207,85.390801,Parks & Recreation,0,COMPLIANT
WRK-PUN-00446,Punjab,Jalandhar,Jalandhar,Lok Sabha,Pradeep Patel,School Boundary Wall Construction Panchayat East,Education Infrastructure,Panchayati Raj Engineering Dept,VEN-PUN-006,Om Sai Waterworks Solutions,2024-05-04,2024-05-27,4296388,3794193,2551535,60,336,Stalled,31.386904,75.616825,9de0c2d1bd961349,31.387391,75.615955,Education Infrastructure,2,COMPLIANT
WRK-UTT-00590,Uttarakhand,Haridwar,Haridwar,Lok Sabha,Ashok Naik,Construction of Community Hall Ward 12,Public Amenities,Municipal Corporation Engineering Wing,VEN-UTT-003,Malwa Waterworks Solutions,2024-11-11,2024-12-02,1562519,1782134,1539913,100,0,Completed,30.035393,79.408215,bcf9517ed0df3205,30.037307,79.409268,Public Amenities,2,COMPLIANT
WRK-UTT-00608,Uttarakhand,Nainital,Nainital,Lok Sabha,Ashok Naik,Renovation of Primary Health Sub-Centre New Township Sector 3,Health Infrastructure,District Rural Development Agency,VEN-UTT-001,Konkan Construction Pvt Ltd,2024-07-14,2024-08-12,718555,814575,35927,8,382,Stalled,29.811302,78.681205,5024e78bb1fdf5b0,29.81268,78.682856,Health Infrastructure,2,CAPITAL_DORMANCY
WRK-RAJ-00468,Rajasthan,Jodhpur,Jodhpur,Lok Sabha,Girish Bhatt,Widening of Internal Road Colony Block A,Roads & Connectivity,Public Works Division,VEN-RAJ-002,Shivalik Nirman Udyog,2023-04-20,2023-05-08,2988801,2623960,2876170,100,0,Completed,27.067566,74.446071,e9d327c3a2f7d951,27.066784,74.445698,Roads & Connectivity,2,COMPLIANT
WRK-WES-00632,West Bengal,North 24 Parganas,North 24 Parganas,Lok Sabha,Anita Chauhan,Panchayat Bhawan Renovation Ward 9,Community Infrastructure,Public Works Division,VEN-WES-004,Cauvery Infrastructure Solutions,2024-09-21,2024-10-06,1586698,1412787,946687,60,284,Stalled,22.899621,87.788835,42910e1e91310eda,22.901597,87.788072,Community Infrastructure,2,COMPLIANT
WRK-PUN-00450,Punjab,Jalandhar,Jalandhar,Lok Sabha,Pradeep Patel,Renovation of Primary Health Sub-Centre Ward 9,Health Infrastructure,Municipal Corporation Engineering Wing,VEN-PUN-003,Malwa Nirman Udyog,2023-09-08,2023-09-27,3212876,3270252,0,0,1083,Stalled,31.443494,75.064637,17472f0aade97bf6,31.442949,75.065914,Health Infrastructure,0,COMPLIANT
WRK-AND-00023,Andhra Pradesh,Krishna,Krishna,Lok Sabha,Kamlesh Mishra,Construction of CC Road at Gram Sabha Zone 2,Roads & Connectivity,Zilla Parishad Works Department,VEN-AND-002,Kashi Engineering Works,2024-07-15,2024-08-05,1732003,1580063,1498237,90,77,In Progress,16.040927,79.658773,a1bb8f08da42b132,16.040041,79.657051,Roads & Connectivity,2,COMPLIANT
WRK-JAM-00663,Jammu and Kashmir,Jammu,Jammu,Lok Sabha,Manoj Iyer,Development of Public Ground Ward 12,Public Amenities,Public Works Division,VEN-JAM-004,Cauvery Civil Contractors,2023-04-18,2023-05-12,333810,337206,16690,0,209,Stalled,34.05366,76.350474,bcc887c8fc32093a,34.051894,76.352229,Public Amenities,2,CAPITAL_DORMANCY
WRK-UTT-00560,Uttar Pradesh,Lucknow,Lucknow,Lok Sabha,Manoj Tripathi,Construction of CC Road at New Township Sector 3,Roads & Connectivity,Zilla Parishad Works Department,VEN-UTT-001,Nilgiri Developers,2023-05-23,2023-06-14,3887099,2008328,3498389,90,119,In Progress,26.787561,80.59528,ef26c9d85a2dc7ad,26.787269,80.593487,Roads & Connectivity,2,SOR_INFLATION
WRK-JAM-00660,Jammu and Kashmir,Jammu,Jammu,Lok Sabha,Manoj Iyer,Development of Public Ground Ward 4,Public Amenities,District Rural Development Agency,VEN-JAM-001,Ganga Electricals,2024-12-14,2025-01-03,4234802,3773544,3765062,90,62,In Progress,33.650956,76.839592,745b22214359eed8,33.650692,76.839302,Public Amenities,2,COMPLIANT
WRK-HAR-00167,Haryana,Gurugram,Gurugram,Lok Sabha,Vikram Reddy,Repair of Village Approach Road Sector 7,Roads & Connectivity,District Rural Development Agency,VEN-HAR-001,Om Sai Infrastructure Solutions,2023-08-14,2023-09-11,1255997,1248713,238756,20,880,Stalled,29.215278,76.339287,dc48ad3c5f652c59,29.217231,76.338976,Roads & Connectivity,2,COMPLIANT
WRK-MAH-00314,Maharashtra,Mumbai City,Mumbai City,Rajya Sabha,Sunil Joshi,Installation of Solar Street Lighting Gram Sabha Zone 2,Electrification,Municipal Corporation Engineering Wing,VEN-MAH-002,Deccan Civil Contractors,2025-01-28,2025-02-11,2770974,2737019,2476742,90,58,In Progress,19.598699,75.878009,75122bdc35778a9f,19.598794,75.87655,Electrification,2,COMPLIANT
WRK-MEG-00367,Meghalaya,West Garo Hills,West Garo Hills,Lok Sabha,Ravi Naik,Drinking Water Hand Pump Installation New Township Sector 3,Drinking Water,Panchayati Raj Engineering Dept,VEN-MEG-002,Namma Construction Pvt Ltd,2023-04-17,2023-05-12,544005,638575,541995,100,0,Completed,25.632393,91.441184,fdce197d3fa8d0b5,25.631528,91.441958,Drinking Water,2,COMPLIANT
WRK-HIM-00192,Himachal Pradesh,Shimla,Shimla,Lok Sabha,Sanjeev Patel,Construction of Storm Water Drainage Panchayat West,Drainage,Zilla Parishad Works Department,VEN-HIM-003,Deccan Civil Contractors,2025-03-22,2025-04-13,2427834,2757932,1759202,75,130,In Progress,31.485489,77.359282,95944858f55fbfe4,31.485236,77.359839,Drainage,2,COMPLIANT
WRK-CHH-00103,Chhattisgarh,Raipur,Raipur,Lok Sabha,Pooja Nair,Renovation of Primary Health Sub-Centre Panchayat East,Health Infrastructure,District Rural Development Agency,VEN-CHH-005,Nilgiri Construction Pvt Ltd,2025-01-16,2025-01-31,3150818,2782224,3020248,100,0,Completed,21.378283,82.187701,65ee2299954a7f3b,21.377633,82.189397,Health Infrastructure,2,COMPLIANT
WRK-MAN-00345,Manipur,Imphal West,Imphal West,Rajya Sabha,Kamlesh Chauhan,Panchayat Bhawan Renovation Colony Block A,Community Infrastructure,Municipal Corporation Engineering Wing,VEN-MAN-004,Namma Construction Pvt Ltd,2024-10-10,2024-10-26,2777034,3078674,2664317,100,0,Completed,24.571376,94.245886,0c9bdeae8dd1d9eb,24.572736,94.244503,Community Infrastructure,2,COMPLIANT
WRK-MAN-00343,Manipur,Imphal West,Imphal West,Lok Sabha,Kamlesh Chauhan,Panchayat Bhawan Renovation New Township Sector 3,Community Infrastructure,Public Works Division,VEN-MAN-002,Sindhudurg Civil Contractors,2023-10-28,2023-11-17,1590010,1557181,1187648,75,258,Stalled,25.013041,94.080533,b31c2cf703ce4493,25.014701,94.082494,Community Infrastructure,2,COMPLIANT
WRK-AND-00681,Andaman and Nicobar Islands,South Andaman,South Andaman,Lok Sabha,Girish Iyer,Development of Public Ground Gram Sabha Zone 2,Public Amenities,Municipal Corporation Engineering Wing,VEN-AND-004,Purvanchal Construction Pvt Ltd,2024-12-03,2024-12-24,2564506,2579240,2464353,100,0,Completed,12.110435,92.976055,6251fb784ff0cb1f,12.353023,93.025599,Public Amenities,2,GEOFENCE_TAMPERING
WRK-PUN-00432,Punjab,Ludhiana,Ludhiana,Lok Sabha,Pradeep Patel,Drinking Water Hand Pump Installation Sector 7,Drinking Water,Panchayati Raj Engineering Dept,VEN-PUN-002,Malwa Nirman Udyog,2023-09-20,2023-10-16,3494498,3750116,3079560,90,107,In Progress,31.524402,75.362012,d59e555310f9fbaf,31.524685,75.361678,Drinking Water,2,COMPLIANT
WRK-GUJ-00163,Gujarat,Vadodara,Vadodara,Lok Sabha,Lakshmi Tripathi,Panchayat Bhawan Renovation Ward 4,Community Infrastructure,Zilla Parishad Works Department,VEN-GUJ-007,Konkan Nirman Udyog,2025-01-31,2025-02-14,3598043,3241996,3169951,15,58,In Progress,22.116377,70.990444,d4e6f68344c43fdc,22.117751,70.990015,Community Infrastructure,2,EXPENDITURE_PROGRESS_MISMATCH
WRK-AND-00009,Andhra Pradesh,Guntur,Guntur,Rajya Sabha,Kamlesh Mishra,Construction of Public Toilet Complex New Township Sector 3,Sanitation,Panchayati Raj Engineering Dept,VEN-AND-001,Sri Balaji Civil Contractors,2025-04-19,2025-05-14,3241547,3722649,0,0,488,Stalled,15.615613,79.720226,3816bbbf69cdf39f,15.615812,79.719286,Sanitation,0,COMPLIANT
WRK-MEG-00368,Meghalaya,West Garo Hills,West Garo Hills,Lok Sabha,Ravi Naik,Community Sanitation Block Ward 12,Sanitation,Panchayati Raj Engineering Dept,VEN-MEG-004,Namma Civil Contractors,2024-05-26,2024-06-12,1066337,1032111,1044811,100,0,Completed,25.640759,91.45584,cc28d05ae4130a63,25.639111,91.457146,Sanitation,2,COMPLIANT
WRK-DEL-00645,Delhi,South Delhi,South Delhi,Lok Sabha,Kavita Tripathi,School Boundary Wall Construction Panchayat East,Education Infrastructure,Zilla Parishad Works Department,VEN-DEL-003,Namma Builders & Co,2024-05-08,2024-05-20,3986726,3820386,1591704,40,509,Stalled,28.788773,76.8468,f8eeeb8d3e2b7566,28.789607,76.846828,Education Infrastructure,2,COMPLIANT
WRK-CHH-00108,Chhattisgarh,Raipur,Raipur,Lok Sabha,Pooja Nair,Children's Play Area Development Gram Sabha Zone 2,Parks & Recreation,Public Works Division,VEN-CHH-005,Nilgiri Construction Pvt Ltd,2023-04-09,2023-04-22,1876003,2107442,1387832,75,311,Stalled,21.489785,81.75885,c4e5cfe450bb9803,21.489387,81.759131,Parks & Recreation,2,COMPLIANT
WRK-GUJ-00695,Gujarat,Vadodara,Vadodara,Lok Sabha,Lakshmi Tripathi,Vocational Training Centre Setup Panchayat East Extension,Skill Development,Public Works Division,VEN-GUJ-007,Konkan Nirman Udyog,2023-06-29,2023-11-18,4511562,3929291,2481359,55,28,In Progress,22.450191,71.34389,e6bdfd81ec0c1f63,22.450234,71.344148,Skill Development,2,DUPLICATE_ASSET
WRK-ARU-00035,Arunachal Pradesh,West Kameng,West Kameng,Lok Sabha,Anil Mishra,Community Sanitation Block Gram Sabha Zone 2,Sanitation,Panchayati Raj Engineering Dept,VEN-ARU-003,Sri Balaji Waterworks Solutions,2023-09-19,2023-10-18,3243053,2846980,3207021,100,0,Completed,27.949013,94.576631,7ac47d0b94db4ab4,27.949328,94.578347,Sanitation,2,COMPLIANT
WRK-UTT-00603,Uttarakhand,Nainital,Nainital,Lok Sabha,Ashok Naik,Village Electrification Works Sector 7,Electrification,Public Works Division,VEN-UTT-003,Malwa Waterworks Solutions,2025-02-03,2025-02-21,1750702,1589315,688841,40,342,Stalled,29.670126,79.346547,ee8e27602a1625ce,29.668257,79.344652,Electrification,2,COMPLIANT
WRK-NAG-00387,Nagaland,Kohima,Kohima,Lok Sabha,Anil Tripathi,Panchayat Bhawan Renovation Sector 7,Community Infrastructure,Zilla Parishad Works Department,VEN-NAG-003,Purvanchal Construction Pvt Ltd,2024-12-08,2025-01-06,2770937,2445620,1612482,60,247,Stalled,26.331171,94.504512,a20d3d3d86f95d22,26.330715,94.502561,Community Infrastructure,2,COMPLIANT
WRK-UTT-00578,Uttar Pradesh,Kanpur Nagar,Kanpur Nagar,Lok Sabha,Manoj Tripathi,Panchayat Bhawan Renovation Panchayat West,Community Infrastructure,Panchayati Raj Engineering Dept,VEN-UTT-004,Konkan Nirman Udyog,2024-06-08,2024-07-03,3663545,3208417,2103412,60,322,Stalled,27.201924,81.283484,be9efd9c2a185b21,27.201457,81.283681,Community Infrastructure,2,COMPLIANT
WRK-MIZ-00382,Mizoram,Lunglei,Lunglei,Lok Sabha,Naveen Deshmukh,Construction of Health Wellness Centre Panchayat West,Health Infrastructure,Zilla Parishad Works Department,VEN-MIZ-005,Deccan Engineering Works,2025-02-10,2025-03-08,7033380,3831217,1406676,20,444,Stalled,22.870063,93.169079,e0ca9aa11b6e94de,22.86875,93.168119,Health Infrastructure,2,SOR_INFLATION
WRK-MAH-00331,Maharashtra,Nagpur,Nagpur,Lok Sabha,Sunil Joshi,Construction of Health Wellness Centre Gram Sabha Zone 2,Health Infrastructure,District Rural Development Agency,VEN-MAH-004,Ganga Construction Pvt Ltd,2024-05-28,2024-06-08,3826727,3802687,2244969,60,332,Stalled,19.366475,75.775818,95af78110a9e732e,19.365802,75.777483,Health Infrastructure,2,COMPLIANT
WRK-UTT-00601,Uttarakhand,Nainital,Nainital,Lok Sabha,Ashok Naik,Installation of RO Drinking Water Unit Ward 9,Drinking Water,District Rural Development Agency,VEN-UTT-001,Konkan Construction Pvt Ltd,2025-01-25,2025-02-04,3259080,2884783,3177017,100,0,Completed,30.268181,79.361083,5b9c21f0bfbca460,30.26658,79.360859,Drinking Water,2,COMPLIANT
WRK-PUD-00669,Puducherry,Puducherry,Puducherry,Lok Sabha,Anita Kumaraswamy,Installation of Solar Street Lighting Ward 9,Electrification,Public Works Division,VEN-PUD-004,Konkan Engineering Works,2025-04-20,2025-05-13,1588622,1817839,0,0,489,Stalled,12.273308,79.930964,1c111118f6a0a90f,12.273729,79.93076,Electrification,0,COMPLIANT
WRK-GUJ-00144,Gujarat,Ahmedabad,Ahmedabad,Lok Sabha,Lakshmi Tripathi,Installation of Solar Street Lighting Panchayat West,Electrification,District Rural Development Agency,VEN-GUJ-001,Konkan Developers,2023-04-06,2023-04-25,2074358,2165357,1485932,75,310,Stalled,21.928538,71.137184,c5c45a6caa83539f,21.928766,71.137234,Electrification,2,COMPLIANT
WRK-SIK-00487,Sikkim,West Sikkim,West Sikkim,Lok Sabha,Kamlesh Naik,Construction of Additional Classrooms Panchayat East,Education Infrastructure,Municipal Corporation Engineering Wing,VEN-SIK-002,Sri Balaji Electricals,2025-01-06,2025-02-03,3363324,3510877,3228643,100,0,Completed,27.360281,88.287356,5d7428b821c07c2e,27.359329,88.286053,Education Infrastructure,2,COMPLIANT
WRK-HIM-00191,Himachal Pradesh,Shimla,Shimla,Lok Sabha,Sanjeev Patel,Community Sanitation Block Ward 4,Sanitation,Municipal Corporation Engineering Wing,VEN-HIM-001,Ganga Engineering Works,2024-03-05,2024-04-03,1250266,1145002,739542,60,358,Stalled,31.439825,77.448827,62dc314e71b1ffd0,31.439119,77.446915,Sanitation,2,COMPLIANT
WRK-ODI-00692,Odisha,Khordha,Khordha,Lok Sabha,Sunil Gupta,Construction of Additional Classrooms Panchayat West Extension,Education Infrastructure,Municipal Corporation Engineering Wing,VEN-ODI-007,Om Sai Construction Pvt Ltd,2025-04-29,2025-12-12,445669,412826,311968,70,57,In Progress,20.893656,85.491527,d63c7541df4b49c6,20.893867,85.490282,Education Infrastructure,2,DUPLICATE_ASSET
WRK-TEL-00530,Telangana,Warangal,Warangal,Lok Sabha,Geeta Nair,Village Electrification Works Colony Block A,Electrification,Municipal Corporation Engineering Wing,VEN-TEL-002,Nilgiri Waterworks Solutions,2025-04-06,2025-04-24,3071134,3093124,3019765,100,0,Completed,18.450589,79.126139,cdf6d66f6b472f14,18.450557,79.127321,Electrification,2,COMPLIANT
WRK-CHH-00119,Chhattisgarh,Durg,Durg,Rajya Sabha,Pooja Nair,Construction of Community Centre Gram Sabha Zone 2,Community Infrastructure,Municipal Corporation Engineering Wing,VEN-CHH-006,Malwa Construction Pvt Ltd,2024-01-22,2024-02-02,318373,338869,317234,100,0,Completed,21.146734,81.829579,c7b1340bf2d64a66,21.147299,81.829676,Community Infrastructure,2,COMPLIANT
WRK-ARU-00033,Arunachal Pradesh,West Kameng,West Kameng,Lok Sabha,Anil Mishra,Construction of Community Centre New Township Sector 3,Community Infrastructure,Panchayati Raj Engineering Dept,VEN-ARU-001,Namma Infra Projects,2025-01-18,2025-02-10,964820,869164,919004,100,0,Completed,28.121283,94.497128,ae2e300cf5e8329d,28.12059,94.498173,Community Infrastructure,2,COMPLIANT
WRK-KER-00268,Kerala,Thiruvananthapuram,Thiruvananthapuram,Lok Sabha,Girish Joshi,Upgradation of Public Park Ward 12,Parks & Recreation,District Rural Development Agency,VEN-KER-003,Kashi Waterworks Solutions,2023-12-01,2023-12-31,344183,301204,17209,8,365,Stalled,11.074238,76.153602,c5412b337a857c13,11.073819,76.153946,Parks & Recreation,2,CAPITAL_DORMANCY
WRK-RAJ-00479,Rajasthan,Udaipur,Udaipur,Lok Sabha,Girish Bhatt,Community Sanitation Block Ward 12,Sanitation,Panchayati Raj Engineering Dept,VEN-RAJ-003,Shivalik Engineering Works,2023-06-04,2023-07-04,2569084,2922676,499223,20,935,Stalled,26.643019,74.455677,58c51d29985ca603,26.644759,74.457039,Sanitation,2,COMPLIANT
WRK-JHA-00224,Jharkhand,Ranchi,Ranchi,Lok Sabha,Manoj Sharma,Construction of Health Wellness Centre Sector 7,Health Infrastructure,District Rural Development Agency,VEN-JHA-003,Konkan Nirman Udyog,2023-12-27,2024-01-20,448815,510051,445990,100,0,Completed,23.891999,85.168072,ce0e659e1ad1647c,23.892706,85.167776,Health Infrastructure,2,COMPLIANT
WRK-KAR-00265,Karnataka,Belagavi,Belagavi,Lok Sabha,Neha Naik,Village Electrification Works New Township Sector 3,Electrification,Panchayati Raj Engineering Dept,VEN-KAR-004,Kashi Engineering Works,2025-05-13,2025-05-29,2064985,2033204,0,0,473,Stalled,15.21347,75.757829,06c4810a33edca09,15.212485,75.757056,Electrification,0,COMPLIANT
WRK-AND-00684,Andaman and Nicobar Islands,South Andaman,South Andaman,Lok Sabha,Girish Iyer,Construction of Community Centre Sector 7,Community Infrastructure,Zilla Parishad Works Department,VEN-AND-002,Malwa Engineering Works,2024-12-31,2025-01-13,2967819,2872383,2909198,100,0,Completed,11.356036,92.836383,ebda2fa4ebdd0bdc,11.357246,92.834744,Community Infrastructure,2,COMPLIANT
WRK-TEL-00526,Telangana,Hyderabad,Hyderabad,Lok Sabha,Geeta Nair,Construction of Community Centre New Township Sector 3,Community Infrastructure,Municipal Corporation Engineering Wing,VEN-TEL-003,Malwa Infrastructure Solutions,2024-03-04,2024-03-17,308893,312938,121859,40,547,Stalled,18.422776,78.73039,23195bde8c0a3de3,18.423184,78.731866,Community Infrastructure,2,COMPLIANT
WRK-BIH-00093,Bihar,Muzaffarpur,Muzaffarpur,Rajya Sabha,Rekha Singh,Installation of Solar Street Lighting Ward 12,Electrification,District Rural Development Agency,VEN-BIH-003,Konkan Electricals,2024-10-11,2024-10-31,3871124,3712103,773482,20,547,Stalled,25.078925,85.058922,7d22831f3a05a70d,25.077464,85.059786,Electrification,2,COMPLIANT
WRK-KER-00276,Kerala,Ernakulam,Ernakulam,Lok Sabha,Girish Joshi,Development of Public Ground Gram Sabha Zone 2,Public Amenities,District Rural Development Agency,VEN-KER-003,Kashi Waterworks Solutions,2023-10-06,2023-10-31,1897678,2078145,1102460,60,420,Stalled,10.770974,76.231683,7a1791c3662b82ad,10.77126,76.2336,Public Amenities,2,COMPLIANT
WRK-UTT-00565,Uttar Pradesh,Lucknow,Lucknow,Lok Sabha,Manoj Tripathi,Drinking Water Hand Pump Installation Gram Sabha Zone 2,Drinking Water,Panchayati Raj Engineering Dept,VEN-UTT-005,Sri Balaji Civil Contractors,2024-08-28,2024-09-07,1029927,1000176,993346,100,0,Completed,27.211342,80.594835,52d033af71255971,27.213232,80.593596,Drinking Water,2,COMPLIANT
WRK-TAM-00516,Tamil Nadu,Madurai,Madurai,Lok Sabha,Vikram Nair,Construction of Health Wellness Centre Sector 7,Health Infrastructure,District Rural Development Agency,VEN-TAM-004,Cauvery Electricals,2023-06-21,2023-07-12,1898075,1970358,369011,20,928,Stalled,11.131334,78.844842,2785642c440425ca,11.132375,78.84612,Education Infrastructure,2,CATEGORY_DEVIATION
WRK-MEG-00351,Meghalaya,East Khasi Hills,East Khasi Hills,Rajya Sabha,Ravi Naik,School Boundary Wall Construction New Township Sector 3,Education Infrastructure,Municipal Corporation Engineering Wing,VEN-MEG-002,Namma Construction Pvt Ltd,2025-02-03,2025-02-27,2021849,1850914,1499898,75,141,In Progress,25.255957,91.110847,5de7372d2a4a351a,25.256067,91.108979,Education Infrastructure,2,COMPLIANT
WRK-HIM-00213,Himachal Pradesh,Mandi,Mandi,Lok Sabha,Sanjeev Patel,Children's Play Area Development Colony Block A,Parks & Recreation,Municipal Corporation Engineering Wing,VEN-HIM-002,Nilgiri Electricals,2025-04-08,2025-04-18,3046545,3048949,2200301,75,129,In Progress,31.039653,77.08402,dd3e14cd2a4e70ba,31.037794,77.084852,Parks & Recreation,2,COMPLIANT
WRK-MAD-00296,Madhya Pradesh,Indore,Indore,Rajya Sabha,Anil Chauhan,Community Sanitation Block Municipal Ward 18,Sanitation,Municipal Corporation Engineering Wing,VEN-MAD-005,Shivalik Electricals,2023-09-05,2023-10-04,1408362,1487529,807433,60,431,Stalled,22.99196,78.310244,21fffc15d5613990,22.993301,78.308763,Sanitation,2,COMPLIANT
WRK-JAM-00662,Jammu and Kashmir,Jammu,Jammu,Lok Sabha,Manoj Iyer,Construction of Community Hall Ward 9,Public Amenities,Public Works Division,VEN-JAM-003,Sri Balaji Infrastructure Solutions,2024-03-11,2024-04-08,1684458,1955077,1223023,75,223,Stalled,33.905584,76.802141,ea59ab85f03886c9,33.906825,76.802573,Public Amenities,2,COMPLIANT
WRK-MEG-00356,Meghalaya,East Khasi Hills,East Khasi Hills,Lok Sabha,Ravi Naik,Widening of Internal Road New Township Sector 3,Roads & Connectivity,Municipal Corporation Engineering Wing,VEN-MEG-002,Namma Construction Pvt Ltd,2024-12-04,2025-01-03,861437,810824,822085,100,0,Completed,25.550749,91.266967,78fdfc21d4db814b,25.551804,91.267559,Roads & Connectivity,2,COMPLIANT
WRK-PUN-00445,Punjab,Amritsar,Amritsar,Rajya Sabha,Pradeep Patel,Overhead Water Tank Construction Gram Sabha Zone 2,Drinking Water,Zilla Parishad Works Department,VEN-PUN-006,Om Sai Waterworks Solutions,2024-03-21,2024-04-14,3163878,3225587,3051245,100,0,Completed,30.900861,75.216278,0baf7daacd913eb8,30.899789,75.215157,Drinking Water,2,COMPLIANT
WRK-HIM-00216,Himachal Pradesh,Mandi,Mandi,Rajya Sabha,Sanjeev Patel,Installation of RO Drinking Water Unit Gram Sabha Zone 2,Drinking Water,Panchayati Raj Engineering Dept,VEN-HIM-005,Sri Balaji Builders & Co,2023-08-01,2023-08-23,2369720,2522303,2354417,100,0,Completed,30.825423,77.567278,3b09482e17642fda,30.824794,77.569227,Drinking Water,2,COMPLIANT
WRK-UTT-00583,Uttarakhand,Dehradun,Dehradun,Lok Sabha,Ashok Naik,Renovation of Government Primary School Panchayat East,Education Infrastructure,Panchayati Raj Engineering Dept,VEN-UTT-005,Sindhudurg Nirman Udyog,2024-04-21,2024-05-05,3121570,3416933,2999658,100,0,Completed,29.813755,79.216097,5c0c976f933785d2,29.813992,79.217464,Education Infrastructure,2,COMPLIANT
WRK-TRI-00551,Tripura,Sepahijala,Sepahijala,Lok Sabha,Rajesh Bhatt,Renovation of Primary Health Sub-Centre Municipal Ward 18,Health Infrastructure,Public Works Division,VEN-TRI-004,Kashi Construction Pvt Ltd,2024-08-22,2024-09-17,3647702,3173609,0,0,727,Stalled,23.865177,92.081229,0d24fd6e540370cd,23.866821,92.082213,Health Infrastructure,0,COMPLIANT
WRK-GUJ-00160,Gujarat,Surat,Surat,Lok Sabha,Lakshmi Tripathi,Installation of RO Drinking Water Unit New Township Sector 3,Drinking Water,Municipal Corporation Engineering Wing,VEN-GUJ-003,Om Sai Developers,2024-10-08,2024-10-29,2822565,2573494,2788694,100,0,Completed,22.211793,70.967234,9193981252853794,22.211494,70.968178,Drinking Water,2,COMPLIANT
WRK-NAG-00395,Nagaland,Dimapur,Dimapur,Lok Sabha,Anil Tripathi,Construction of Storm Water Drainage Municipal Ward 18,Drainage,Zilla Parishad Works Department,VEN-NAG-004,Kashi Waterworks Solutions,2024-07-15,2024-07-27,864373,788911,841878,100,0,Completed,26.007659,94.452455,6d4e5ee1945b7be2,26.008927,94.454014,Drainage,2,COMPLIANT
WRK-UTT-00600,Uttarakhand,Nainital,Nainital,Lok Sabha,Ashok Naik,Installation of Solar Street Lighting Ward 9,Electrification,Public Works Division,VEN-UTT-004,Malwa Civil Contractors,2024-06-12,2024-07-03,1058442,1041952,1034244,100,0,Completed,29.972051,79.295373,0ee5f3d30b49ebf2,29.972805,79.295123,Electrification,2,COMPLIANT
WRK-ARU-00038,Arunachal Pradesh,West Kameng,West Kameng,Lok Sabha,Anil Mishra,Children's Play Area Development Panchayat East,Parks & Recreation,Zilla Parishad Works Department,VEN-ARU-002,Malwa Nirman Udyog,2023-06-28,2023-07-16,3938823,3997829,770821,20,925,Stalled,28.352551,94.596917,6e34428a6e19ecbf,28.352528,94.596217,Parks & Recreation,2,COMPLIANT
WRK-HAR-00175,Haryana,Faridabad,Faridabad,Lok Sabha,Vikram Reddy,Village Electrification Works Municipal Ward 18,Electrification,Zilla Parishad Works Department,VEN-HAR-002,Namma Builders & Co,2024-04-15,2024-04-29,3735313,3444790,2764075,75,217,Stalled,28.753245,76.405518,88d99c31b577c8a9,28.752585,76.405235,Electrification,2,COMPLIANT
WRK-DEL-00647,Delhi,South Delhi,South Delhi,Lok Sabha,Kavita Tripathi,Construction of Additional Classrooms Colony Block A,Education Infrastructure,Panchayati Raj Engineering Dept,VEN-DEL-001,Cauvery Electricals,2023-06-03,2023-07-02,1194396,1350605,1161044,100,0,Completed,28.603558,77.207535,60a31a78bacd5307,28.601676,77.206231,Education Infrastructure,2,COMPLIANT
WRK-RAJ-00461,Rajasthan,Jaipur,Jaipur,Lok Sabha,Girish Bhatt,Upgradation of Public Park Colony Block A,Parks & Recreation,Panchayati Raj Engineering Dept,VEN-RAJ-003,Shivalik Engineering Works,2024-01-16,2024-02-01,1170117,1067881,222346,20,765,Stalled,27.06183,73.871952,19125343b45d4bea,27.060009,73.871877,Parks & Recreation,2,COMPLIANT
WRK-TEL-00536,Telangana,Warangal,Warangal,Lok Sabha,Geeta Nair,Construction of Community Hall Panchayat East,Public Amenities,Zilla Parishad Works Department,VEN-TEL-005,Cauvery Nirman Udyog,2024-05-08,2024-05-21,804059,849037,798020,100,0,Completed,18.28007,78.985326,d0d62a1ca31bfb49,18.278725,78.983876,Public Amenities,2,COMPLIANT
WRK-JAM-00658,Jammu and Kashmir,Jammu,Jammu,Lok Sabha,Manoj Iyer,Construction of Public Toilet Complex Ward 12,Sanitation,District Rural Development Agency,VEN-JAM-003,Sri Balaji Infrastructure Solutions,2025-04-29,2025-05-26,1050027,1184031,999408,100,0,Completed,33.566284,76.528422,d949973cf3be7c2d,33.567341,76.530234,Sanitation,2,COMPLIANT
WRK-MEG-00358,Meghalaya,East Khasi Hills,East Khasi Hills,Lok Sabha,Ravi Naik,Panchayat Bhawan Renovation Colony Block A,Community Infrastructure,Panchayati Raj Engineering Dept,VEN-MEG-001,Nilgiri Civil Contractors,2023-12-21,2024-01-08,1027637,1046290,205315,20,784,Stalled,25.227535,91.280308,434bd60e691ef04b,25.228117,91.278742,Community Infrastructure,2,COMPLIANT
WRK-MIZ-00373,Mizoram,Aizawl,Aizawl,Lok Sabha,Naveen Deshmukh,Renovation of Primary Health Sub-Centre New Township Sector 3,Health Infrastructure,Municipal Corporation Engineering Wing,VEN-MIZ-005,Deccan Engineering Works,2024-10-18,2024-11-04,645143,662699,0,0,679,Stalled,23.561031,93.010865,a38314900e05441c,23.562379,93.009982,Health Infrastructure,0,COMPLIANT
WRK-UTT-00593,Uttarakhand,Haridwar,Haridwar,Lok Sabha,Ashok Naik,Vocational Training Centre Setup Municipal Ward 18,Skill Development,Panchayati Raj Engineering Dept,VEN-UTT-001,Konkan Construction Pvt Ltd,2023-06-27,2023-07-12,2973421,3369299,1175584,40,696,Stalled,29.826377,78.882277,af46eced54d64fdc,29.825646,78.884263,Skill Development,2,COMPLIANT
WRK-MEG-00364,Meghalaya,West Garo Hills,West Garo Hills,Lok Sabha,Ravi Naik,Construction of Public Toilet Complex Ward 9,Sanitation,District Rural Development Agency,VEN-MEG-002,Namma Construction Pvt Ltd,2024-08-13,2024-09-12,376675,379956,362411,100,0,Completed,25.586029,90.977692,0d0cd5d922750116,25.58656,90.979311,Sanitation,2,COMPLIANT
WRK-TAM-00502,Tamil Nadu,Coimbatore,Coimbatore,Lok Sabha,Vikram Nair,Construction of Health Wellness Centre Gram Sabha Zone 2,Health Infrastructure,Public Works Division,VEN-TAM-003,Ganga Infrastructure Solutions,2024-05-05,2024-06-03,4102792,3753714,3982796,100,0,Completed,10.870762,78.751089,357bc1957f07089f,10.87049,78.750628,Health Infrastructure,2,COMPLIANT
WRK-BIH-00095,Bihar,Muzaffarpur,Muzaffarpur,Lok Sabha,Rekha Singh,Village Electrification Works Colony Block A,Electrification,Panchayati Raj Engineering Dept,VEN-BIH-006,Purvanchal Builders & Co,2024-06-24,2024-07-16,1966750,1722022,387293,20,632,Stalled,24.989978,85.550933,6957e519ed927db6,24.989045,85.549263,Electrification,2,COMPLIANT
WRK-KER-00271,Kerala,Thiruvananthapuram,Thiruvananthapuram,Lok Sabha,Girish Joshi,Vocational Training Centre Setup Ward 9,Skill Development,Zilla Parishad Works Department,VEN-KER-001,Vindhya Electricals,2024-04-26,2024-05-26,4142762,3607863,3691231,90,85,In Progress,10.780441,76.153577,78fd7029bef715a5,10.780584,76.15438,Skill Development,2,COMPLIANT
WRK-PUN-00451,Punjab,Jalandhar,Jalandhar,Lok Sabha,Pradeep Patel,Construction of Community Centre Ward 4,Community Infrastructure,Public Works Division,VEN-PUN-007,Sri Balaji Infra Projects,2024-07-29,2024-08-18,1505015,1502751,1449782,100,0,Completed,31.31926,75.273207,6015b51d96fb3657,31.319778,75.272189,Community Infrastructure,2,COMPLIANT
WRK-KAR-00266,Karnataka,Belagavi,Belagavi,Lok Sabha,Neha Naik,Renovation of Primary Health Sub-Centre Ward 9,Health Infrastructure,District Rural Development Agency,VEN-KAR-004,Kashi Engineering Works,2025-03-17,2025-04-01,658870,720599,260729,40,319,Stalled,15.557983,75.80512,e039d5c9674ac94d,15.558721,75.803328,Health Infrastructure,2,COMPLIANT
WRK-MAD-00303,Madhya Pradesh,Indore,Indore,Lok Sabha,Anil Chauhan,Installation of Solar Street Lighting New Township Sector 3,Electrification,Public Works Division,VEN-MAD-002,Sri Balaji Electricals,2023-12-19,2024-01-07,699973,685478,621605,90,99,In Progress,23.152264,78.891223,2d723e22e2a30551,23.150956,78.892526,Electrification,2,COMPLIANT
WRK-HAR-00182,Haryana,Panipat,Panipat,Lok Sabha,Vikram Reddy,Overhead Water Tank Construction New Township Sector 3,Drinking Water,Municipal Corporation Engineering Wing,VEN-HAR-001,Om Sai Infrastructure Solutions,2024-06-19,2024-07-03,1212277,1293092,724676,60,322,Stalled,28.973162,76.35112,b3b3bea96585ae8d,28.972467,76.350931,Drinking Water,2,COMPLIANT
WRK-HIM-00205,Himachal Pradesh,Kangra,Kangra,Rajya Sabha,Sanjeev Patel,Repair of Village Approach Road Ward 12,Roads & Connectivity,Zilla Parishad Works Department,VEN-HIM-004,Konkan Electricals,2023-08-26,2023-09-24,3007636,2852885,1145234,40,652,Stalled,31.416459,77.038595,66ce249c7e38eaf7,31.415409,77.039578,Roads & Connectivity,2,COMPLIANT
WRK-KER-00280,Kerala,Ernakulam,Ernakulam,Rajya Sabha,Girish Joshi,Vocational Training Centre Setup Ward 9,Skill Development,District Rural Development Agency,VEN-KER-005,Sri Balaji Developers,2024-01-19,2024-02-12,3353622,2949592,3293354,100,0,Completed,11.193353,76.208553,85252b524a819e19,11.193802,76.208172,Skill Development,2,COMPLIANT
WRK-HIM-00193,Himachal Pradesh,Shimla,Shimla,Lok Sabha,Sanjeev Patel,Nala Deepening and Widening New Township Sector 3,Drainage,Public Works Division,VEN-HIM-002,Nilgiri Electricals,2025-02-10,2025-03-10,3354143,3716068,2482149,75,139,In Progress,30.940414,76.915567,33b86517ad11cdf5,30.938421,76.916375,Drainage,2,COMPLIANT
WRK-JHA-00232,Jharkhand,Dhanbad,Dhanbad,Lok Sabha,Manoj Sharma,Village Electrification Works Panchayat East,Electrification,Municipal Corporation Engineering Wing,VEN-JHA-001,Purvanchal Electricals,2023-05-17,2023-06-01,2110227,2365368,806400,40,721,Stalled,23.698881,85.029935,0ea2db402e1cc45f,23.700602,85.029507,Electrification,2,COMPLIANT
WRK-ODI-00424,Odisha,Ganjam,Ganjam,Lok Sabha,Sunil Gupta,Children's Play Area Development Panchayat West,Parks & Recreation,Municipal Corporation Engineering Wing,VEN-ODI-002,Konkan Infra Projects,2023-06-26,2023-07-19,1666052,1841824,664580,40,692,Stalled,21.259173,84.87809,0ef20c42c1e72189,21.260965,84.879782,Parks & Recreation,2,COMPLIANT
WRK-MAH-00324,Maharashtra,Nagpur,Nagpur,Lok Sabha,Sunil Joshi,Nala Deepening and Widening Ward 4,Drainage,Municipal Corporation Engineering Wing,VEN-MAH-002,Deccan Civil Contractors,2023-11-09,2023-12-07,3043679,3066020,1183496,40,608,Stalled,19.832473,75.319158,8a1edfc641343634,19.834002,75.31827,Drainage,2,COMPLIANT
WRK-UTT-00579,Uttar Pradesh,Kanpur Nagar,Kanpur Nagar,Lok Sabha,Manoj Tripathi,Construction of Public Toilet Complex Colony Block A,Sanitation,Municipal Corporation Engineering Wing,VEN-UTT-005,Sri Balaji Civil Contractors,2025-04-02,2025-04-25,2568815,2510171,2277612,90,51,In Progress,26.634854,80.548493,7492a45d431ddefb,26.63683,80.546562,Sanitation,2,COMPLIANT
